[{"original_request_url": "https://m.facebook.com/5781127052006013", "post_url": "https://m.facebook.com/5781127052006013", "post_id": 5781127052006013, "text": "Happy New Year 2023!!! Tuyển dụng và quảng cáo tháng 1: các bạn lưu ý giúp nhé, tất cả các bài viết tuyển dụng và các hình thức quảng cáo bao gồm quảng cáo lớp học (ngoại trừ các bài được sponsor) thì phải được đăng bằng cách comment dưới post này. Thành viên vi phạm sẽ sẽ được mời ra khỏi group. Mong các bạn chú ý. Lưu ý: các bạn khi đăng bài nên thêm hashtag để dễ tìm và lọc, ví dụ: #bigdata #computervision #machinelearning #tuyendung #lophoc\nSee translation", "post_text": "Happy New Year 2023!!! Tuyển dụng và quảng cáo tháng 1: các bạn lưu ý giúp nhé, tất cả các bài viết tuyển dụng và các hình thức quảng cáo bao gồm quảng cáo lớp học (ngoại trừ các bài được sponsor) thì phải được đăng bằng cách comment dưới post này. Thành viên vi phạm sẽ sẽ được mời ra khỏi group. Mong các bạn chú ý. Lưu ý: các bạn khi đăng bài nên thêm hashtag để dễ tìm và lọc, ví dụ: #bigdata #computervision #machinelearning #tuyendung #lophoc\nSee translation", "time": "2023-01-01 06:31:41", "timestamp": 1672529501, "likes": 18, "reaction_count": 18, "comments_full": "GHN-HCM Tuyển Data Engineer. YOE 4 năm. Range: upto 2500$ #tuyendung\n[Hà Nội & Đà Nẵng] - Gear Inc Tuyển Dụng\n\n👉 Workforce Management Analyst\n👉 MIS Data Analyst\n👉 Real-time Analyst\n\nYêu cầu chung:\n⁣　　✅ Có tư duy logic, khả năng phân tích và tổng hợp dữ liệu tốt\n⁣　　✅ Có từ 1 năm kinh nghiệm ở vị trí liên quan\n⁣　　✅ Có kinh nghiệm ở lĩnh vực BPO\n⁣　　✅ Thành thạo trong việc sử dụng Google Spreadsheet, Excel\n⁣　　✅ Tiếng Anh tốt (nói và viết)\nĐịa điểm làm việc: Hai Bà Trưng, Hà Nội / Thanh Khê, Đà Nẵng\n+ Workforce Management Analyst\nhttps://\nwww.careers-page\n.com/\ngear-inc-2/job/\nQX69VVWY\n+ MIS Data Analyst\nhttps://\nwww.careers-page\n.com/\ngear-inc-2/job/\nL4VR99W7\n+ Real-time Analyst\nhttps://\nwww.careers-page\n.com/\ngear-inc-2/job/\nL74X8833\n\nNhanh tay gửi CV về hòm thư jobs@gearinc.co\nm để trở thành một Gear-er nhé!\n#dataanalyst #tuyendung\n𝐃𝐈𝐀𝐆 𝐂𝐀𝐑𝐄𝐄𝐑𝐒 | #Diag is looking for Tech positions:\n\n𝐅𝐫𝐨𝐧𝐭𝐄𝐧𝐝 𝐋𝐞𝐚𝐝 (2.5k-3.0k USD gross + attractive KPI bonus)\n𝐒𝐞𝐧𝐢𝐨𝐫 𝐏𝐇𝐏 𝐃𝐞𝐯𝐞𝐥𝐨𝐩𝐞𝐫 (1.8k-2.5k USD gross + attractive KPI bonus)\n𝐒𝐞𝐧𝐢𝐨𝐫 𝐅𝐫𝐨𝐧𝐭𝐞𝐧𝐝 𝐃𝐞𝐯𝐞𝐥𝐨𝐩𝐞𝐫 (1.8k-2.5k USD gross + attractive KPI bonus)\n𝐏𝐲𝐭𝐡𝐨𝐧 𝐄𝐧𝐠𝐢𝐧𝐞𝐞𝐫 (1.8k-2.5k USD gross + attractive KPI bonus)\n\nShout out to all #Tech talented candidates who #opentowork and would love to start a new interesting journey, #Diag is welcoming you to take this opportunity!.\n\n📍 𝐖𝐎𝐑𝐊𝐈𝐍𝐆 𝐏𝐋𝐀𝐂𝐄: 414-420 Cao Thang Street, Ward 12, District 10, Ho Chi Minh City, Vietnam (hybrid condition)\n\n👉 If you are interested any position, do not hesitate to apply by sending your updated resume to Mr. Phuc via email 𝐏𝐡𝐮𝐜.𝐂𝐡𝐮𝐧𝐠@𝐝𝐢𝐚𝐠\n.𝐯𝐧 by 𝐉𝐚𝐧𝐮𝐚𝐫𝐲 𝟑𝟏𝐬𝐭 𝟐𝟎𝟐𝟑 for the next step.\n\nThank you and have a productive working week!\n\n#Diag #diaglaboratorie\ns #hcm #opportunity #opentowork #job #hcm\n\n#softwaredevelop\ner #webdeveloper #softwareenginee\nring #vuejs #vuejsdeveloper #javadeveloper #javascript #webpack #jsframework #frontenddevelop\ner #frontendjobs #userexperience #userinterface #reactjs #coding #technicallead #fullstackdevelo\nper #frontendlead #frontendsenior #technicalarchi\ntect\n\n#php #phpdevelopers #phpjobs #phpwebdevelopm\nent #phpprogramming\n\n#python #pythondevelope\nr #pythonjobs #pythonprogramm\ning #pythondevelope\nr #pythonprogramm\ninglanguage\n\n#techjob #sharejob #IT #techjob #techhiring #tech #techjobs #techcareers #techcompany\n"},
{"original_request_url": "https://m.facebook.com/5830187250433326", "post_url": "https://m.facebook.com/5830187250433326", "post_id": 5830187250433326, "text": "👐Mình share Khoá học DA, BA, DE, DS thông qua Dataquest.io\nHọc và thực hành ngay trên trình duyệt\nCó cực nhiều dự án thực tế để thực hành\nCó cả các khóa học bổ trợ về SQL, Machine Learning, Data visualization, Data cleaning, Power BI,...\nBảo hành, hỗ trợ trong suốt quá trình sử dụng\n👉Các bạn quan tâm ib mình nha ạ!!\nSee translation", "post_text": "👐Mình share Khoá học DA, BA, DE, DS thông qua Dataquest.io\nHọc và thực hành ngay trên trình duyệt\nCó cực nhiều dự án thực tế để thực hành\nCó cả các khóa học bổ trợ về SQL, Machine Learning, Data visualization, Data cleaning, Power BI,...\nBảo hành, hỗ trợ trong suốt quá trình sử dụng\n👉Các bạn quan tâm ib mình nha ạ!!\nSee translation", "time": "2023-01-18 09:03:26", "timestamp": 1674007406, "likes": 13, "reaction_count": 13, "comments_full": ".\nmfnh ib ạ\nThu Giang\nThu Giang\nThu Giang\n.\nVâng bạn, mình ib rồi ạ\n"},
{"original_request_url": "https://m.facebook.com/5871880092930708", "post_url": "https://m.facebook.com/5871880092930708", "post_id": 5871880092930708, "text": "Mọi người có thể gợi ý một số công ty làm về mảng AI/ML và data ở Việt Nam được không ạ?\nXin cảm ơn nhiều^^", "post_text": "Mọi người có thể gợi ý một số công ty làm về mảng AI/ML và data ở Việt Nam được không ạ?\nXin cảm ơn nhiều^^", "shared_text": "", "time": "2023-01-31 23:11:19", "timestamp": 1675181479, "likes": 1, "reaction_count": 1, "comments_full": ""},
{"original_request_url": "https://m.facebook.com/5800364716748913", "post_url": "https://m.facebook.com/5800364716748913", "post_id": 5800364716748913, "text": "Cám ơn anh Admin Quang Hieu Vu đã hỗ trợ ạ.\n🔥KÍCH HOẠT COURSERA PREMIUM VĨNH VIỄN🔥\nHọc hơn 6000 khóa học trên COURSERA: Google Project, Data Science, Data Analyst, Python, AI, Machine learning, Java, C C++ ....\nKích hoạt chính chủ trên email của mình\nKhóa học mới được cập nhật liên tục\nBảo hành, hỗ trợ trong suốt quá trình sử dụng\nAnh/Chị quan tâm ib em để được tư vấn kỹ hơn ạ !!!\nSee translation", "post_text": "Cám ơn anh Admin Quang Hieu Vu đã hỗ trợ ạ.\n🔥KÍCH HOẠT COURSERA PREMIUM VĨNH VIỄN🔥\nHọc hơn 6000 khóa học trên COURSERA: Google Project, Data Science, Data Analyst, Python, AI, Machine learning, Java, C C++ ....\nKích hoạt chính chủ trên email của mình\nKhóa học mới được cập nhật liên tục\nBảo hành, hỗ trợ trong suốt quá trình sử dụng\nAnh/Chị quan tâm ib em để được tư vấn kỹ hơn ạ !!!\nSee translation", "time": "2023-01-08 08:08:35", "timestamp": 1673140115, "likes": 104, "reaction_count": 104, "comments_full": "Inb ạ\nNguyễn Quốc Bảo Cám ơn anh quan tâm. Anh check inbox chờ hoặc spam e gửi a thông tin ạ\nib minh nhe\nHuy Đinh Cám ơn anh quan tâm. Anh check inbox chờ e gửi a thông tin ạ\nib a\nQuynh Trang Cám ơn chị quan tâm. Chị check inbox chờ e gửi c thông tin ạ\nPlease inbox me. Thanks!\nInb ạ\nTạo Đình Nguyễn Cám ơn a quan tâm. Anh check inbox chờ e gửi a thông tin ạ\nTạo Đình Nguyễn check inb nhé tạo :v\nTạo Đình Nguyễn hóng :v\nquan tâm ạ\nMai Hương Cám ơn chị quan tâm. Chị check inbox chờ hoặc spam e gửi c thông tin ạ\nIb ạ\nThanh Vo ké ạ\nThanh Vo Cám ơn anh quan tâm. Anh check inbox chờ e gửi a thông tin nhé.\nib m nhé\nNguyen Dieu Anh Vâng chị quan tâm check inbox chờ em gửi c thông tin ạ\nIb mình info với ạ\nTrang Trang Cám ơn chị quan tâm. Chị check inbox chờ e gửi c thông tin ạ\nCheck ib b nhé\nVu Tien Hai Vâng anh check inbox em gửi a thông tin ạ\nInb ạ\nTrinh Viet Anh Cám ơn anh quan tâm. Anh check ib chờ e gửi a thông tin ạ\nCho mình xin thông tin\nAnh Vũ Vâng cám ơn anh quan tâm. Anh check inbox chờ em gửi a thông tin ạ\nmình quan tâm, xin bạn thông tin tìm hiểu nhé\nĐức Thái Văn Vâng anh check inbox chờ em gửi a thông tin ạ\nIb nhé\nVũ Mai Vâng cám ơn chị quan tâm. Chị check inbox chờ e gửi thông tin ạ\ninbox ạ\nHai Yen Cám ơn chị quan tâm. Chị check inbox chờ e gửi c thông tin ạ\nInbox\nTin T Nguyen Cám ơn a quan tâm. Anh check inbox chờ e gửi a thông tin ạ\nIb\nRùa Thái Lê Cám ơn anh quan tâm. Anh check inbox chờ em gửi a thông tin ạ\nvui lòng chia sẽ mình với ạ!\nLe Xuan Cám ơn anh quan tâm. Anh check inbox chờ e gửi a thông tin ạ\nInb mình với\nNgọc Anh Trần Cám ơn chị quan tâm. chị check inbox chờ e gửi thông tin ạ\ncho xin thông tin nha\nNgọc Trần Cám ơn anh quan tâm. Anh check inbox chờ e gửi a thông tin ạ\nIbx\nNguyen Huu Phu Cám ơn anh quan tâm. Anh check inbox chờ e gửi a thông tin ạ\nIb mình nhé\nVu Duc Ba Vâng a quan tâm check inbox chờ e gửi a thông tin ạ\nCho xin thông tin nha Phương Thúy\nHuỳnh Hậu Cám ơn anh quan tâm. Anh check inbox chờ e gửi a thông itn ạ\nXin thông tin\nBùi Tứ Cám ơn anh quan tâm. Anh check inbox chờ e gửi a thông tin ạ\nIb mình nhé\nHuy Binh Nguyen Csam ơn anh quan tâm. Anh check inbox chờ e gửi a thông tin ạ\nIn nào bạn\nTrong Nam Nguyen Cám ơn anh quan tâm. Anh check inbox chờ e gửi a thông tin ạ\nIb\nThanh Nhan Do Cám ơn anh quan tâm. Anh check inbox chờ e gửi a thông tin nhé.,\nxin thông tin ạ\nNguyễn Mỹ Hạnh Cám ơn chị quan tâm. Chị check inbox chờ e gửi c thông tin ạ\ninb mình nhé\nNguyễn Tuấn Cám ơn a quan tâm. Anh check inbox chờ em gửi a thông tin ạ\nIb mình thông tin nhé\nKim Thu Hoang Cám ơn a quan tâm. Anh check inbox chờ e gửi a thông tin ạ\nIb với ạ\nTiến Phạm Cám ơn anh quan tâm. Anh check inbox chờ em gửi a thông tin ạ\nmình quan tâm\nBảo Tuệ Cám ơn anh quan tâm. Anh check inbox chờ hoặc spam e gửi a thông tin ạ\nInb\nQuang Võ Anh quan tâm check ib chờ/spam em gửi thông tin nhé\nEm xin thông tin với ạ. Em cám ơn\nMellie Nguyen Vâng chị quan tâm check inbox chờ e gửi thông tin cho mình ạ\nInbox mình nhé\nDon Nguyen Vâng cám ơn anh quan tâm. Anh check inbox chờ em gửi a thông tin ạ\nib ạ\nAnh Huyen Cám ơn chị quan tâm. Chị check inbox chờ e gửi chị thông tin nhé\nInbox em với ạ.\nHà Thu Tăng Cám ơn chị quan tâm. chị check inbox chờ e gửi c thông tin ạ\nInbox nhé bạn\nNguyen Quoc Cuong Cám ơn anh quan tâm. Anh check inbox chờ e gửi a thông tin ạ\nib a\nPhạm Phương Uyên Cám ơn chị quan tâm. Chị check inbox chờ e gửi c thông tin ạ\nIb\nDao Trung Cám ơn a quan tâm. Anh check inbox chờ e gửi a thông tin ạ\nIb mình nhé\nNguyen Huu Phuoc ANh quan tâm check inbox chờ e gửi thông tin ạ\nInb\nNguyễn Văn Nhân Cám ơn anh quan tâm. Anh check inbox chờ em gửi a thông tin ạ\ne xin giá\nAnhh Quang Vu Cám ơn anh quan tâm. Anh check inbox chờ e gửi a thông tin ạ\nIb :))\nHarry LaCám ơn anh quan tâm. Anh check inbox chờ e gửi a thông tin ạ\nib em với ạ\nLê Nguyễn Ngọc Trâm Vâng cám ơn chị quan tâm. Chị check inbox chờ e gửi c thông tin ạ\nInbox ạ\nThuy Nguyen Cám ơn chị quan tâm. Chị check inbox chờ e gửi c thông tin chi tiết ạ\ninbox ạ\nTrần Hòa Cám ơn anh quan tâm. Anh check inbox chờ e gửi a thông tin ạ\ncho mình xin thông tin với ạ\nNguyễn Hoàng Hồng Nhung Cám ơn chị quan tâm. Chị check inbox chờ e gửi c thông tin chi tiết ạ\nQuan tâm\nHoàng Vĩ Cám ơn anh quan tâm. Anh check inbox chờ em gửi a thông tin ạ\nIb\nDai Duong TranCám ơn anh quan tâm. Anh check inbox chờ e gửi a thông tin ạ\nIb e nha c\nAn Khanh Vâng chị quan tâm check inbox chờ e gửi c thông tin ạ\nQuan tâm\nBn v ạ\nPhạm Ngọc Thương Thương Cám ơn a quan tâm. Anh check inbox chờ e gửi a thông tin ạ\nQtam\nĐinh Văn Thạch Vâng a quan tâm check inbox chờ e gửi a thông tin ạ\nib e với ạ\ngiá sao bác\nDavid Nguyễn vâng a quan tâm check inbox chờ e gửi a thông tin ạ\nIb mình nhé\nHồ Quang Sơn Cám ơn anh quan tâm. Anh check inbox chờ e gửi a thông tin ạ\nIb ạ\nNhật Lê Cám ơn chị quan tâm. Chị check inbox chờ e gửi c thông tin ạ\nib a\nThinh Nguyen Cám ơn anh quan tâm. Anh check inbox chờ e gửi a thông tin ạ\nquan tâm\nThi Cám ơn chị quan tâm. Chị check inbox chờ em gửi c thông tin ạ\nQuan tâm ạ\nHoài NamVâng a quan tâm check inbox chờ e gửi a thông tin ạ\nIb minh nhe\nQuan Huy Vu Cám ơn anh quan tâm. Anh check inbox chờ e gửi a thông tin ạ\nXin thông tin ạ\nVyy Lê Cám ơn chị quan tâm. Chị check inbox chờ e gửi c thông tin chi tiết ạ\nQuan tâm, nhờ chủ thread inbox\n. ib\nJackie Ta Cám ơn anh quan tâm. Anh check inbox chờ em gửi a thông tin ạ\nib mình\nTrang Loan Cung Cám ơn chị quan tâm. Anh check inbox chờ em gửi a thông tin ạ\nIb mình ạ\nHo Xuan Anh Tu Cám ơn anh quan tâm. Anh check inbox chờ em gửi a thông tin ạ\nIn mình nhé\nKyung Lah Cám ơn anh quan tâm. Anh check inbox chờ e gửi a thông tin\nib pls\nLê Tấn Cám ơn anh quan tâm. Anh check inbox chờ e gưi a thông tin ạ\nCác bạn đăng bài free nhưng là free thật hay gộp mua tài khoản chung ạ?\nMỹ Quỳnh Cám ơn chị quan tâm. Chị check inbox em tư vấn mình kỹ hơn ạ\nIb m\nDucThanh Pham Cám ơn anh quan tâm. Anh check inbox chờ e gửi a thông tin ạ\nquan tâm ạ\nMinh Nguyen Cám ơn anh quan tâm. Anh check inbox chờ e gửi a thông tin ạ\nQuan tam\nKhoa Nguyen Cám ơn anh quan tâm. Anh check inbox chờ e gửi a thông tin ạ\nInbox ạ\nThanh Pc Cám ơn anh quan tâm. Anh check inbox chờ e gửi a thông tin ạ\nIb\nPeter Ha Vâng anh quan tâm check inbox chờ e gửi a thông tin ạ\nQuan tâm ạ\nQuan tâm\nIb ạ\nThai Hoang Khang Cám ơn anh quan tâm check inbox chờ hoặc spam em gửi a thông tin ạ\nQuan tâm.\nLy ThienCám ơn anh quan tâm. Anh check inbox chờ e gửi thông tin ạ\nQuan tam, cho minh xin thong tin nhe.\nAnh Vu Tuan Cám ơn anh quan tâm. Anh check inbox chờ e gửi thông tin ạ\nIb e vs ạ\nDương Tuệ An Cám ơn chị quan tâm. chị check inbox chờ e gửi c thông tin ạ\nMình quan tam nhe\nInb mình nhé\nMinh Tran Cám ơn anh quan tâm. Anh check inbox chờ e gửi a thông tin ạ\n.\nDo Minh Tri Cám ơn anh quan tâm. Anh check inbox chờ e gửi a thông tin ạ\nQuan tâm\ninb ah\nThao Duong Cám ơn chị quan tâm. chị check inbox chờ em gửi c thông tin ạ\nQuan tâm\nQuốc Huy Cám ơn anh quan tâm ạ. Anh check inbox chờ e gửi a thông tin ạ\ninbox mình\nLý Yến Cám ơn anh quan tâm. Anh check inbox chờ e gửi thông tin ạ\nIb mình nhé. Thanks!\nDiep Hoang Anh Cám ơn anh quan tâm. Anh check inbox chờ e gửi a thông tin ạ\nMình quan tâm, giúp mình nhé! Thanks\nĐậu Hải Phong Vâng a quan tâm check inbox chờ hoặc spam e gửi thông tin ạ\nIb…\nLợi Trần Cám ơn anh quan tâm. Anh check inbox chờ em tư vấn ạ\nLợi Trần inb\nNguyễn Đức Anh Vâng a quan tâm check inbox chờ e gửi thông tin ạ\nIb ạ\nNguyễn Tiến Đạt Cám ơn anh quan tâm. Anh check ib chờ em gửi thông tin cho mình nhé\nIb\nThinh Nguyen NguyenVâng a quan tâm check inbox e gửi thông tin ạ\nQuan tâm, cần liên hệ\nVũ Thành An Cám ơn anh quan tâm. Anh check inbox chờ e gửi a thông tin ạ\nInb ah\nP Lan Anh Cám ơn chị quan tâm. Chị check inbox chờ e gửi thông tin chi tiết ạ\nMình xin info nhé. Tks bạn\nIb bạn ơi\nNguyễn Huỳnh Phúc Vâng anh quan tâm check inbox chờ hoặc spam em tư vấn nhé\nMình quan tâm\nib a\nInbox mình thêm thông tin nhen\nIn ạ\nNguyen Duy Khanh Vâng a quan tâm check inbox chờ e gửi a thông tin ạ\nib\nKhac Thuan Cám ơn anh quan tâm. Anh check inbox chờ hoặc spam em gửi a thông tin ạ\nIb em với ạ\nIB\nTruong Vu Cám ơn anh quan tâm. Anh check inbox chờ e gửi a thông tin chi tiết ạ\nInbox a\nIb a\nquan tâm ạ\nTran Lan Cám ơn chị quan tâm. chị check ib chờ em gửi c thông tin ạ\ninb ạ\nIb ạ\nIb mình nhé\ne xin thông tin ạ\nib\n.\nPhương Nguyễn Cám ơn anh quan tâm. Anh check inbox chờ e gửi a thông tin ạ\n.\nEm Trai Quoc Dan Cám ơn anh quan tâm. Anh check inbox chờ e gửi a thông tin ạ\n.\nLê Minh Đức Cám ơn anh quan tâm. Anh check inbox chờ e gửi a thông tin ạ\n.\nNguyễn Danh Hoài NamCám ơn anh quan tâm. Anh check inbox chờ e gửi a thông tin ạ\n.\nTuan Anh Cám ơn anh quan tâm. Anh check inbox chờ em gửi a thông tin ạ\n.\nKim Thanh NguyenCám ơn anh quan tâm. Anh check inbox chờ e gửi thông tin ạ\n.\nVõ Ngọc Huy Thông Cám ơn anh quan tâm. Anh check inbox chờ e gửi a thông tin ạ\n.\nVõ Ngọc Huy Thông Cám ơn anh quan tâm. Anh check inbox chờ e gửi a thông tin ạ\n.\nVu Manh Tuan Cám ơn anh quan tâm. anh check inbox chờ e gửi a thông tin ạ\n.\nDư Thanh Hoàng Cám ơn anh quan tâm ạ. Anh check inbox chờ e gửi a thông tin\n.\nVũ Văn Nam Cám ơn anh quan tâm. Anh check inbox chờ e gửi a thông tin ạ\n.\nHaku Nguyn Cám ơn anh quan tâm. Anh check inbox chờ e gửi a thông tin ạ\n.\nĐào Khương Duy Vâng a quan tâm check inbox chờ hoặc spam e gửi a thông tin ạ\n.\nBach Hung DoanCám ơn anh quan tâm. Anh check inbox chờ e gửi thông tin ạ\n"},
{"original_request_url": "https://m.facebook.com/5870603843058333", "post_url": "https://facebook.com/story.php?story_fbid=pfbid02GaNNgGLNJfLpMA4njyZNXBGrLap4Nep2d7TnWjewVjoryJe36aeND65GFbuxJEhyl&id=100064152758314", "post_id": 5870603843058333, "text": "top 5 công cụ BI nên biết 😎😎\n\nMastering Data Analytics is at Mastering Data Analytics.\n17 hrs · Ho Chi Minh City ·\n\n🔥5 công cụ BI tốt nhất được áp dụng rộng rãi để trực quan hóa dữ liệu\n\n💦Các công cụ Business Intelligence (BI) là phần mềm thu thập, biến đổi và trình bày dữ liệu để cho phép những người ra quyết định của công ty cải thiện lợi nhuận kinh doanh.\n\nDưới đây là 5 công cụ BI hàng đầu được tìm kiếm nhiều nhất cho việc trực quan hóa dữ liệu:\n🔑Microsoft Power BI: Là một công cụ trực quan hóa dữ liệu mạnh mẽ và nổi tiếng. Nó dễ sử dụng để trực quan hóa và chuẩn bị dữ liệu, bao gồm nhiều khả năng trực quan hóa như tạo trực quan hóa bằng ngôn ngữ tự nhiên, trực quan hóa tùy chỉnh, có trợ lý cá nhân Cortana, v.v.\n🔑Tableau: Là một nền tảng phân tích dữ liệu và kinh doanh thông minh thời đại mới. Nó cung cấp tính dễ sử dụng và tính linh hoạt, thu hút sự chú ý (trực quan hóa) để thể hiện dữ liệu bằng hình ảnh,... Tableau có tốc độ cao hơn so với các công cụ BI khác.\nXem thêm 3 công cụ khác dưới cmt 👇👇👇\n\n🍀Trong khóa học Business Intelligence tại Mastering Data Analytics (dự kiến khai giảng vào ngày 06/02/2023), các bạn sẽ được học tất tần tật về Power BI.\n5 nhóm kiến thức chính trong chương trình gồm Analytics Techniques; Dashboard, Insight, Data Storytelling, Data Visualization; Technical Skill; Business Statistics & Analytical Thinking đã cover kiến thức và kỹ năng giúp học viên tự tin Phân tích dữ liệu từ RAW DATA đến STORYTELLING\n\n—-\\-\\-\\-\\-\\-\\-\\-\\-\\-\\-\\-\\-\\-\\-\\-\\-\\-\\-\\-\\-\\-\\-\\-\\-\\-\\-\\-\\-\\-\\-\\-\\-\\-\\-\\-\\-\\-\\-\\-\\-\\-\\-\\-\\-\\-\\-\\-\\-\\-\\-\\-\\-\\-\\-\\-\\-\\-\\-\\-\\-\\-\\-\n📍 Liên hệ Mastering Data Analytics để được tư vấn:\n📞 0961 48 66 48\n📧 edu@mastering-da.com\n#dataanalytics #BI #BusinessIntelligence", "post_text": "top 5 công cụ BI nên biết 😎😎", "shared_text": "Mastering Data Analytics is at Mastering Data Analytics.\n17 hrs · Ho Chi Minh City ·\n\n🔥5 công cụ BI tốt nhất được áp dụng rộng rãi để trực quan hóa dữ liệu\n\n💦Các công cụ Business Intelligence (BI) là phần mềm thu thập, biến đổi và trình bày dữ liệu để cho phép những người ra quyết định của công ty cải thiện lợi nhuận kinh doanh.\n\nDưới đây là 5 công cụ BI hàng đầu được tìm kiếm nhiều nhất cho việc trực quan hóa dữ liệu:\n🔑Microsoft Power BI: Là một công cụ trực quan hóa dữ liệu mạnh mẽ và nổi tiếng. Nó dễ sử dụng để trực quan hóa và chuẩn bị dữ liệu, bao gồm nhiều khả năng trực quan hóa như tạo trực quan hóa bằng ngôn ngữ tự nhiên, trực quan hóa tùy chỉnh, có trợ lý cá nhân Cortana, v.v.\n🔑Tableau: Là một nền tảng phân tích dữ liệu và kinh doanh thông minh thời đại mới. Nó cung cấp tính dễ sử dụng và tính linh hoạt, thu hút sự chú ý (trực quan hóa) để thể hiện dữ liệu bằng hình ảnh,... Tableau có tốc độ cao hơn so với các công cụ BI khác.\nXem thêm 3 công cụ khác dưới cmt 👇👇👇\n\n🍀Trong khóa học Business Intelligence tại Mastering Data Analytics (dự kiến khai giảng vào ngày 06/02/2023), các bạn sẽ được học tất tần tật về Power BI.\n5 nhóm kiến thức chính trong chương trình gồm Analytics Techniques; Dashboard, Insight, Data Storytelling, Data Visualization; Technical Skill; Business Statistics & Analytical Thinking đã cover kiến thức và kỹ năng giúp học viên tự tin Phân tích dữ liệu từ RAW DATA đến STORYTELLING\n\n—-\\-\\-\\-\\-\\-\\-\\-\\-\\-\\-\\-\\-\\-\\-\\-\\-\\-\\-\\-\\-\\-\\-\\-\\-\\-\\-\\-\\-\\-\\-\\-\\-\\-\\-\\-\\-\\-\\-\\-\\-\\-\\-\\-\\-\\-\\-\\-\\-\\-\\-\\-\\-\\-\\-\\-\\-\\-\\-\\-\\-\\-\\-\n📍 Liên hệ Mastering Data Analytics để được tư vấn:\n📞 0961 48 66 48\n📧 edu@mastering-da.com\n#dataanalytics #BI #BusinessIntelligence", "time": "2023-01-31 15:06:48", "timestamp": 1675152408, "likes": 0, "reaction_count": 0, "comments_full": ""},
{"original_request_url": "https://m.facebook.com/5706128189505900", "post_url": "https://m.facebook.com/5706128189505900", "post_id": 5706128189505900, "text": "🍀KÍCH HOẠT TÀI KHOẢN COURSERA PREMIUM CHÍNH CHỦ SỬ DỤNG VĨNH VIỄN\nHỌC HƠN 6000 KHÓA HỌC TRÊN COURSERA: DEVOPS, GOOGLE UI/UX Pro Certificate, DATA Scientist, DATA ANALYST, REACTJS, JAVA, CSS, HTML, PHP, PYTHON, CC++, AI, MACHINE LEARNING.........\nCấp chứng chỉ theo tên của mình khi hoàn thành khóa học\nKhóa học mới được cập nhật liên tục\nBảo hành, hỗ trợ trong suốt quá trình sử dụng.\ncả nhà quan tâm inbox e tư vấn nhé.❤️❤️❤️\nSee translation", "post_text": "🍀KÍCH HOẠT TÀI KHOẢN COURSERA PREMIUM CHÍNH CHỦ SỬ DỤNG VĨNH VIỄN\nHỌC HƠN 6000 KHÓA HỌC TRÊN COURSERA: DEVOPS, GOOGLE UI/UX Pro Certificate, DATA Scientist, DATA ANALYST, REACTJS, JAVA, CSS, HTML, PHP, PYTHON, CC++, AI, MACHINE LEARNING.........\nCấp chứng chỉ theo tên của mình khi hoàn thành khóa học\nKhóa học mới được cập nhật liên tục\nBảo hành, hỗ trợ trong suốt quá trình sử dụng.\ncả nhà quan tâm inbox e tư vấn nhé.❤️❤️❤️\nSee translation", "time": "2022-12-09 11:49:16", "timestamp": 1670561356, "likes": 107, "reaction_count": 107, "comments_full": "Ib\nVăn Mai cảm ơn a đã quan tâm .a check ib chờ hoặc spam e hỗ trợ a nhé\nCheck ib ạ\nVu Tien Hai cảm ơn a đã quan tâm. A check ib chờ hoặc spam e hỗ trợ a nhé\nib mình giá với ạ\nKim Thanh Nguyen cảm ơn chị đã quan tâm. Check ib chờ hoặc spam e hỗ trợ chị nhé\nIb m với\nNguyễn Lê cảm ơn chị đã quan tâm. Chị check ib chờ hoặc spam e hỗ trợ chị nhé\nInb nhé\nAda Pham cảm ơn chị đã quan tâm. Chị check ib chờ hoặc spam e hỗ trợ chị nhé\nQuan tâm nhe ban\nKhoa Pham cảm ơn a đã quan tâm. A check ib chờ hoặc spam e hỗ trợ a nhé\ncho e xin thông tin với ạ\nNguyễn Dương cảm ơn a đã quan tâm. A check ib chờ hoặc spam e hỗ trợ a nhé\ninbox mình với\nAnh Hoang cảm ơn chị đã quan tâm. Chị check ib chờ hoặc spam e hỗ trợ chị nhé\nBan ib minh voi. Minh cam on\nHoang Cong Huan cảm ơn a đã quan tâm .a check ib chờ hoặc spam e hỗ trợ a nhé\nIb a\nChiền Chiện cảm ơn a đã quan tâm. A check ib chờ hoặc spam e hỗ trợ a nhé\nIb mình\nTran Cao cảm ơn chị đã quan tâm. Chị check ib chờ hoặc spam e hỗ trợ chị nhé\nCheck inbox mình\nStephen Kim cảm ơn a đã quan tâm. A check ib chờ hoặc spam e hỗ trợ a nhé\nmình quan tâm ạ\nLe Thai Thien Nhan cảm ơn chị đã quan tâm chị check ib chờ hoặc spam e hỗ trợ chị nhé\nTư vấn mình giá đi bạn\nTony Sama cảm ơn a đã quan tâm. A check ib chờ hoặc spam e hỗ trợ a nhé\nmình xin thông tin nhé\nVui Vui Là Được cảm ơn chị đã quan tâm. Chị check ib chờ hoặc spam e hỗ trợ chị nhé\nib nhe\nKeisha Nguyen cảm ơn bạn đã quan tâm. Bạn check ib chờ hoặc spam mình hỗ trợ nhé\nIb mình với\nCông Minh cảm ơn a đã quan tâm. A check ib chờ hoặc spam e hỗ trợ a nhé\nInb tư vấn ạ\nNguyen Huu-Duy cảm ơn a đã quan tâm .a check ib chờ hoặc spam e hỗ trợ a nhé\ntư vấn thêm cho mình nhé, Cảm ơn bạn.\nMai Van Tinh cảm ơn a đã quan tâm. A check ib chờ hoặc spam e hỗ trợ a nhé.\nInb\nTrần Thị Hường cảm ơn chị đã quan tâm. Chị check ib chờ hoặc spam e hỗ trợ chị nhé\nBạn nào có nhu cầu muốn tham gia các hội thảo về Data, BA, BI miễn phí từ online đến offline thì tham khảo ở đây nhen https://\nwww.facebook.com\n/groups/\ndataanalyticseve\nnts\n.\nHiếu Hùynh Minh cảm ơn a đã quan tâm. A check ib chờ hoặc spam e hỗ trợ a nhé\n.\nSan Luu cảm ơn chị đã quan tâm. Chị check ib chờ hoặc spam e hỗ trợ chị nhé\n.\nTùng Hà cản ơn a đã quan tâm. A check ib chờ hoặc spam e hỗ trợ a nhé\n.\nQuang Ha Thanh cảm ơn a đã quan tâm .a check ib chờ hoặc spam e hỗ trợ a nhé\n.\nĐinh An Tùng cảm ơn a đã quan tâm .a check ib chờ hoặc spam e hỗ trợ a nhé\n.\nHee Fang cảm ơn chị đã quan tâm\nChị check ib chờ hoặc spam e hỗ trợ chị nhé\n.\nQuí Trần cảm ơn a đã quan tâm .a check ib chờ hoặc spam e hỗ trợ a nhé\n.\nNguyễn Khánh cảm ơn a đã quan tâm. A check ib chờ hoặc spam e hỗ trợ a nhé\n.\nVõ Đình Nghĩa cảm ơn a đã quan tâm .a check ib chờ hoặc spam e hỗ trợ nhé\n.\nAn Truong cảm ơn a đã quan tâm. A check ib chờ hoặc spam e hỗ trợ a nhé\n.\nChi Yen Nguyen cảm ơn chị đã quan tâm .chị check ib chờ hoặc spam e hỗ trợ chị nhé\n.\nNguyễn Lê Bảo Hân cảm ơn chị đã quan tâm. Chị check ib chờ hoặc spam e hỗ trợ chị\n.\n.\nPhuong Nam Tran\nAda Pham cảm ơn chị đã quan tâm .chị check ib chờ hoặc spam e hỗ trợ chị nhé\n.\nKar Ho cảm ơn a đã quan tâm. A check ib chờ hoặc spam e hỗ trợ a nhé\n.\nYen Nguyen cảm ơn chị đã quan tâm. Chị check ib chờ hoặc spam e hỗ trợ chị nhé\n.\nNguyễn Thảo Nguyên cảm ơn chị đã quan tâm. Chị check ib chờ hoặc spam e hỗ trợ chị nhé\n.\nRem Ba cảm ơn bạn đã quan tâm. Bạn check ib chờ hoặc spam mình hỗ trợ bạn nhé\n.\nHaku Nguyn cảm ơn bạn đã quan tâm. Bạn check ib chờ hoặc spam mình hỗ trợ bạn nhé\n.\nCông Minh cảm ơn a đã quan tâm. A check ib chờ hoặc spam e hỗ trợ a nhé\n.\nHoà Khánh cảm ơn bạn đã quan tâm. Bạn check ib chờ hoặc spam mình hỗ trợ bạn nhé.\n"},
{"original_request_url": "https://m.facebook.com/5869306603188057", "post_url": "https://m.facebook.com/5869306603188057", "post_id": 5869306603188057, "text": "YOUTUBE.COM\nHướng dẫn biến Github thành bản CV thứ 2 cho dân IT", "post_text": "", "shared_text": "YOUTUBE.COM\nHướng dẫn biến Github thành bản CV thứ 2 cho dân IT", "time": "2023-01-31 05:25:27", "timestamp": 1675117527, "likes": 75, "reaction_count": 75, "comments_full": ""},
{"original_request_url": "https://m.facebook.com/5867092820076102", "post_url": "https://facebook.com/story.php?story_fbid=pfbid036bZ8LuLgWxBPSEkGPfoeSFhJePcXnGdG5mDbXzcek4hFZS1f8LtVfdmhPnpuQk9Ll&id=100055680764438", "post_id": 5867092820076102, "text": "OLAP (Online Analytical Processing) và OLTP (Online Transaction Processing) là hai loại cơ sở dữ liệu khác nhau được sử dụng trong Business Intelligence (BI)\n\nNhấn xem thêm tại đây ạ https://www.facebook.com/PhuongThaoAnalytics/posts/pfbid036mi8e3cRLUdddUweQMjf9Ti9U6ER3GU39xqpVjB7hed6R6PzhBrtjE2Fe3vRsUK8l\n\nPhuong Thao Analytics\n27 January at 12:19 ·\nFollowingFollow\n\nOLAP (Online Analytical Processing) và OLTP (Online Transaction Processing) là hai loại cơ sở dữ liệu khác nhau được sử dụng trong Business Intelligence (BI).👇👇👇", "post_text": "OLAP (Online Analytical Processing) và OLTP (Online Transaction Processing) là hai loại cơ sở dữ liệu khác nhau được sử dụng trong Business Intelligence (BI)\n\nNhấn xem thêm tại đây ạ https://www.facebook.com/PhuongThaoAnalytics/posts/pfbid036mi8e3cRLUdddUweQMjf9Ti9U6ER3GU39xqpVjB7hed6R6PzhBrtjE2Fe3vRsUK8l", "shared_text": "Phuong Thao Analytics\n27 January at 12:19 ·\nFollowingFollow\n\nOLAP (Online Analytical Processing) và OLTP (Online Transaction Processing) là hai loại cơ sở dữ liệu khác nhau được sử dụng trong Business Intelligence (BI).👇👇👇", "time": "2023-01-30 13:23:00", "timestamp": 1675059780, "likes": 1, "reaction_count": 1, "comments_full": ""},
{"original_request_url": "https://m.facebook.com/5867176093401108", "post_url": "https://facebook.com/story.php?story_fbid=pfbid034rRfsETNr7xvnrvYokhqMADavxX57uV98CimY5K2MzQTQBTXHi5nLHprmKCasWRDl&id=100064152758314", "post_id": 5867176093401108, "text": "Khám phá Dashboard HR Power BI\n\nHãy cùng MDA khám phá mẫu dashboard này được tạo từ bộ dữ liệu Hiệu suất & Tiêu hao nhân viên của IBM HR Analytics (cre: zebra bi)\n\nhttps://www.facebook.com/MasteringDataAnalytics/posts/pfbid034Yd9bj9uqoVLXv2kGNEAYfLgZstVkwJb7UwhNtQJTHZiH7FpTbj2rVkAVnGqdHTcl\n\nMastering Data Analytics\n30 January at 08:00 ·\n\n💻Khám phá Dashboard HR Power BI\n👍Dashboard này cho phép người dùng có được cái nhìn tổng quan rõ ràng nhân lực của công ty và các KPI cấp cao nhất có liên quan nhất, bao gồm: Số lượng nhân viên, Tiền lương, Tuyển dụng và Chấm dứt hợp đồng. 4 trang tiếp theo cung cấp chế độ xem chi tiết hơn về từng KPI và nhân khẩu học.\n\n🎯 Mẫu dashboard này được tạo từ bộ dữ liệu Hiệu suất & Tiêu hao nhân viên của IBM HR Analytics (cre: zebra bi)\n—-\\-\\-\\-\\-\\-\\\nKhóa học Business Intelligence K36 dự kiến khai giảng vào 06/02/2023, nhanh tay đăng ký tại link dưới phần bình luận 👇👇👇\n—-\\-\\-\\-\\-\\-\\-\\-\\-\\-\\-\\-\\-\\-\\-\\-\\-\\-\\-\\-\\-\n📍 Liên hệ Mastering Data Analytics để được tư vấn:\n📞 0961 48 66 48\n📧 edu@mastering-da.com\n#happynewyear2023 #businessintelligence #phantichdulieukinhdoanh", "post_text": "Khám phá Dashboard HR Power BI\n\nHãy cùng MDA khám phá mẫu dashboard này được tạo từ bộ dữ liệu Hiệu suất & Tiêu hao nhân viên của IBM HR Analytics (cre: zebra bi)\n\nhttps://www.facebook.com/MasteringDataAnalytics/posts/pfbid034Yd9bj9uqoVLXv2kGNEAYfLgZstVkwJb7UwhNtQJTHZiH7FpTbj2rVkAVnGqdHTcl", "shared_text": "Mastering Data Analytics\n30 January at 08:00 ·\n\n💻Khám phá Dashboard HR Power BI\n👍Dashboard này cho phép người dùng có được cái nhìn tổng quan rõ ràng nhân lực của công ty và các KPI cấp cao nhất có liên quan nhất, bao gồm: Số lượng nhân viên, Tiền lương, Tuyển dụng và Chấm dứt hợp đồng. 4 trang tiếp theo cung cấp chế độ xem chi tiết hơn về từng KPI và nhân khẩu học.\n\n🎯 Mẫu dashboard này được tạo từ bộ dữ liệu Hiệu suất & Tiêu hao nhân viên của IBM HR Analytics (cre: zebra bi)\n—-\\-\\-\\-\\-\\-\\\nKhóa học Business Intelligence K36 dự kiến khai giảng vào 06/02/2023, nhanh tay đăng ký tại link dưới phần bình luận 👇👇👇\n—-\\-\\-\\-\\-\\-\\-\\-\\-\\-\\-\\-\\-\\-\\-\\-\\-\\-\\-\\-\\-\n📍 Liên hệ Mastering Data Analytics để được tư vấn:\n📞 0961 48 66 48\n📧 edu@mastering-da.com\n#happynewyear2023 #businessintelligence #phantichdulieukinhdoanh", "time": "2023-01-30 14:10:11", "timestamp": 1675062611, "likes": 29, "reaction_count": 29, "comments_full": ""},
{"original_request_url": "https://m.facebook.com/5867981816653869", "post_url": "https://m.facebook.com/5867981816653869", "post_id": 5867981816653869, "text": "Chào mọi người, mọi người có thể chia sẻ cách thức các phòng ban khác request report/dashboard theo quy trình thế nào và dùng form gì cho hiệu quả (những thông tin họ phải brief cho phòng data)? Mình đang muốn làm cho quy trình request hiệu quả hơn nhưng cũng không muốn quá dài và khó điền form. Cám ơn mọi người.", "post_text": "Chào mọi người, mọi người có thể chia sẻ cách thức các phòng ban khác request report/dashboard theo quy trình thế nào và dùng form gì cho hiệu quả (những thông tin họ phải brief cho phòng data)? Mình đang muốn làm cho quy trình request hiệu quả hơn nhưng cũng không muốn quá dài và khó điền form. Cám ơn mọi người.", "shared_text": "", "time": "2023-01-30 20:41:14", "timestamp": 1675086074, "likes": 3, "reaction_count": 3, "comments_full": "Hồi cty mình xài monday\nkéo team insight vào phòng, bánh trà cf và mô tả trực tiếp 🤤 còn họ phản hồi bằng gì thì tuỳ họ\n"},
{"original_request_url": "https://m.facebook.com/5835409549911096", "post_url": "https://m.facebook.com/5835409549911096", "post_id": 5835409549911096, "text": "Chào mọi người, data warehouse của công ty mình hiện tại có hơn 200 table gồm dữ liệu thô và đã transform thành reporting. Hiện tại mình muốn document lại các column để phòng ban có thể sử dụng nếu họ cần, mọi người có thể gợi ý tool mọi người đang xài và ưu nhược của các tool này trong việc documentation các table được không? Cám ơn mọi người.", "post_text": "Chào mọi người, data warehouse của công ty mình hiện tại có hơn 200 table gồm dữ liệu thô và đã transform thành reporting. Hiện tại mình muốn document lại các column để phòng ban có thể sử dụng nếu họ cần, mọi người có thể gợi ý tool mọi người đang xài và ưu nhược của các tool này trong việc documentation các table được không? Cám ơn mọi người.", "shared_text": "", "time": "2023-01-20 02:42:39", "timestamp": 1674157359, "likes": 18, "reaction_count": 18, "comments_full": "Dbt\nDbt\nMình thường dùng SSDT của ms, thì có hỗ trợ project databse management, và tại mỗi object/script của table, mình có thể thêm phần description để mô tả. và mình quản lý trực tiếp trên ssdt kèm với version control system(github).\nTừ đó cũng có thể thao tác, thảo luận team trên đó.\nBên cạnh đó nếu bạn đang document cho các phòng ban, thì mình nghĩ bạn nên tách thành các datamart riêng cho từng phòng ban, thì lúc dó chỉ cần columname là đủ để họ hiểu rồi, không bị nhầm lẫn.\nCòn về tổng kết ưu nhược thì mình ko thích bàn lắm, vì ưu hay nhược là do cách mình và team cùng thống nhất collab thôi 🤩\nCó rất nhieu tool / lib bạn dùng. Thuật ngữ chung nói là catalog.\nNếu có tiền bạn có thể dùng Pureview, Unity, Collibra ...\nnếu là open source thi tham khảo cái này. https://\ngithub.com/\nopendatadiscover\ny/\nawesome-data-cat\nalogs\nMình dùng Dataedo cho on-premise, Purview cho cloud hoặc hybrid.\nKêu chatgpt document thử xem bạn\nBên mình đang dùng datahub của Linked để làm data gorvernance, cắm vào nó sẽ tự đọc hết tables trong RDMBS, cái còn lại là input = cơm theo terms, glossary, business-cases.\nDoc muốn xịn thì chỉ có chạy bằng cơm thôi chứ nhỉ? Vì nghiệp vụ từng bảng thì tool nào chạy cho ra được =))))\n"},
{"original_request_url": "https://m.facebook.com/5526626484122739", "post_url": "https://m.facebook.com/5526626484122739", "post_id": 5526626484122739, "text": "Khóa học Data Analyst Tomorrowmarketers\nMình có khóa học này cho những ai cần và có đam mê về Data Analyst\nIb mk để biết thêm tt nhé\nSee translation", "post_text": "Khóa học Data Analyst Tomorrowmarketers\nMình có khóa học này cho những ai cần và có đam mê về Data Analyst\nIb mk để biết thêm tt nhé\nSee translation", "time": "2022-10-07 18:28:02", "timestamp": 1665142082, "likes": 6, "reaction_count": 6, "comments_full": "Mình xin thông tin ạ\nHoang Anh Nguyen b check ib chờ của mk vs b nhé\n"},
{"original_request_url": "https://m.facebook.com/5867637993354918", "post_url": "https://facebook.com/story.php?story_fbid=pfbid02Cc9uj3MTJXDNUUp3Buczhrsgbgsgwz4GgdqjSZsHXKiqUvwPn7vhugimz7KwUsLVl&id=163307362486730", "post_id": 5867637993354918, "text": "Machine Learning Roadmap 🙂\n\n4TechNews\n30 January at 17:16 ·\n\nMachine Learning Roadmap 🙂\nTìm hiểu lộ trình học AI chuyên sâu và bài bản nhé!\n- Python Developer\n- AI Engineer / Data Scientist\nĐăng ký: https://bit.ly/3XfRNZX", "post_text": "Machine Learning Roadmap 🙂", "shared_text": "4TechNews\n30 January at 17:16 ·\n\nMachine Learning Roadmap 🙂\nTìm hiểu lộ trình học AI chuyên sâu và bài bản nhé!\n- Python Developer\n- AI Engineer / Data Scientist\nĐăng ký: https://bit.ly/3XfRNZX", "time": "2023-01-30 18:12:52", "timestamp": 1675077172, "likes": 28, "reaction_count": 28, "comments_full": ""},
{"original_request_url": "https://m.facebook.com/5867234330061951", "post_url": "https://m.facebook.com/5867234330061951", "post_id": 5867234330061951, "text": "Are Lego data memes still cool =)))))))", "post_text": "Are Lego data memes still cool =)))))))", "shared_text": "", "time": "2023-01-30 14:43:45", "timestamp": 1675064625, "likes": 1, "reaction_count": 1, "comments_full": ""},
{"original_request_url": "https://m.facebook.com/5867162123402505", "post_url": "https://facebook.com/story.php?story_fbid=pfbid0ZRajUxbtnhWptTNenRh3YR1AMS4XWVRQ9NbS5uwVMeJPH9x6ehyP6ZWTAbyAtxkRl&id=100064152758314", "post_id": 5867162123402505, "text": "Mối quan hệ giữa Phân tích dữ liệu và Marketing\n🤔Các Marketer nên làm việc để tập trung vào ba loại dữ liệu: Khách hàng, Tài chính và Hoạt động.\n\nXem chi tiết tại đây ạ: https://www.facebook.com/MasteringDataAnalytics/posts/pfbid0Zbjjn6sdcMu6JdpsAE7HBfe1fMCqQPD8vg7ToyGKkk8ZMpM5DEG6yoiWWeZgJGbKl\n\nMastering Data Analytics is at Mastering Data Analytics.\n28 January at 08:00 · Ho Chi Minh City ·\n\n🔥Mối quan hệ giữa Phân tích dữ liệu và Marketing\n🤔Các Marketer nên làm việc để tập trung vào ba loại dữ liệu: Khách hàng, Tài chính và Hoạt động. Các loại dữ liệu được chia nhỏ như sau:‍\n\n🔹Dữ liệu khách hàng - Dữ liệu khách hàng cho phép các marketer đánh giá nhân khẩu học mục tiêu của họ. Nó không chỉ là tên, địa chỉ email và các giao dịch mua trước đó mà còn là những thứ như hành vi và những gì họ thích trên mạng xã hội và các cộng đồng khác.‍\n🔹 Dữ liệu tài chính - Bạn có thể hoạt động hiệu quả hơn bằng cách thu thập dữ liệu về tài chính của mình, bao gồm thống kê bán hàng và tiếp thị, lợi nhuận, định giá chính xác và chi phí cho quảng cáo của bạn liên quan đến các lần ra mắt cụ thể và các chiến dịch được nhắm mục tiêu.‍\n🔹 Dữ liệu hoạt động - Các hoạt động hàng ngày cũng có thể được phục vụ bằng cách sử dụng phân tích dữ liệu. Ví dụ: các quy trình liên quan đến hậu cần, vận chuyển và các hệ thống khác có thể giúp doanh nghiệp của bạn xác định nơi họ có thể làm việc để cải thiện quy trình và giảm thời gian đưa sản phẩm hoặc dịch vụ của bạn đến người tiêu dùng trực tiếp hơn.\n\n👉 Đăng ký ngay Khoá học Business Intelligence tại link dưới phần bình luận!\n✅ NEW YEAR, NEW SKILLS", "post_text": "Mối quan hệ giữa Phân tích dữ liệu và Marketing\n🤔Các Marketer nên làm việc để tập trung vào ba loại dữ liệu: Khách hàng, Tài chính và Hoạt động.\n\nXem chi tiết tại đây ạ: https://www.facebook.com/MasteringDataAnalytics/posts/pfbid0Zbjjn6sdcMu6JdpsAE7HBfe1fMCqQPD8vg7ToyGKkk8ZMpM5DEG6yoiWWeZgJGbKl", "shared_text": "Mastering Data Analytics is at Mastering Data Analytics.\n28 January at 08:00 · Ho Chi Minh City ·\n\n🔥Mối quan hệ giữa Phân tích dữ liệu và Marketing\n🤔Các Marketer nên làm việc để tập trung vào ba loại dữ liệu: Khách hàng, Tài chính và Hoạt động. Các loại dữ liệu được chia nhỏ như sau:‍\n\n🔹Dữ liệu khách hàng - Dữ liệu khách hàng cho phép các marketer đánh giá nhân khẩu học mục tiêu của họ. Nó không chỉ là tên, địa chỉ email và các giao dịch mua trước đó mà còn là những thứ như hành vi và những gì họ thích trên mạng xã hội và các cộng đồng khác.‍\n🔹 Dữ liệu tài chính - Bạn có thể hoạt động hiệu quả hơn bằng cách thu thập dữ liệu về tài chính của mình, bao gồm thống kê bán hàng và tiếp thị, lợi nhuận, định giá chính xác và chi phí cho quảng cáo của bạn liên quan đến các lần ra mắt cụ thể và các chiến dịch được nhắm mục tiêu.‍\n🔹 Dữ liệu hoạt động - Các hoạt động hàng ngày cũng có thể được phục vụ bằng cách sử dụng phân tích dữ liệu. Ví dụ: các quy trình liên quan đến hậu cần, vận chuyển và các hệ thống khác có thể giúp doanh nghiệp của bạn xác định nơi họ có thể làm việc để cải thiện quy trình và giảm thời gian đưa sản phẩm hoặc dịch vụ của bạn đến người tiêu dùng trực tiếp hơn.\n\n👉 Đăng ký ngay Khoá học Business Intelligence tại link dưới phần bình luận!\n✅ NEW YEAR, NEW SKILLS", "time": "2023-01-30 14:02:29", "timestamp": 1675062149, "likes": 3, "reaction_count": 3, "comments_full": ""},
{"original_request_url": "https://m.facebook.com/5856886764430041", "post_url": "https://facebook.com/story.php?story_fbid=pfbid0rbFV5St4twiGF5eyKCC7YcFNXfVKqrqBAoMbNFn2Rt4ZKK3v4wExXWAdZgXqGGfml&id=163307362486730", "post_id": 5856886764430041, "text": "VIỆT NAM KHÔNG THIẾU NHÂN TÀI 🇻🇳\n\n4TechNews\n19 January at 07:27 ·\n\nVIỆT NAM KHÔNG THIẾU NHÂN TÀI 🇻🇳\n\nHuyền Chip tên thật là Nguyễn Thị Khánh Huyền, sinh năm 1990 ở Nam Định.\n\nNăm 2014, Huyền Chip chọn đi du học Mỹ, cô trúng tuyển Đại học Stanford và bắt đầu 1 hành trình rất khác nơi xứ người. Cô tốt nghiệp tháng 3/2018 với bằng Đại học và Thạc sĩ ngành Trí tuệ nhân tạo.\n\nHuyền Chip nổi lên sau khi cho ra mắt cuốn sách đầu tiên \"Xách balo lên và đi\", xuất bản năm 2012.\n\nHuyền Chip là một cô gái rất giỏi và tài năng. Cô làm việc tại nhiều công ty công nghệ hàng đầu thế giới như Netflix, NVIDIA. Cuối năm 2019, cô khởi nghiệp với công ty AI Snorkel.\n\nNăm 2020, Huyền Chip lọt top 5/10 trong danh sách những người có sức ảnh hưởng ở lĩnh vực Data Science & AI (Khoa học Dữ liệu và Trí tuệ nhân tạo) trên LinkedIn.\n\nMới đây nhất, cuốn sách \"Designing Machine Learning Systems - tạm dịch Thiết kế hệ thống máy học\" của Huyền Chip trở thành Top 1 bán chạy trên Amazon lĩnh vực học máy, bán 10.000 bản trong tháng đầu tiên và dịch sang 11 thứ tiếng.\n\nNguồn: Kiến Thức Kinh Tế", "post_text": "VIỆT NAM KHÔNG THIẾU NHÂN TÀI 🇻🇳", "shared_text": "4TechNews\n19 January at 07:27 ·\n\nVIỆT NAM KHÔNG THIẾU NHÂN TÀI 🇻🇳\n\nHuyền Chip tên thật là Nguyễn Thị Khánh Huyền, sinh năm 1990 ở Nam Định.\n\nNăm 2014, Huyền Chip chọn đi du học Mỹ, cô trúng tuyển Đại học Stanford và bắt đầu 1 hành trình rất khác nơi xứ người. Cô tốt nghiệp tháng 3/2018 với bằng Đại học và Thạc sĩ ngành Trí tuệ nhân tạo.\n\nHuyền Chip nổi lên sau khi cho ra mắt cuốn sách đầu tiên \"Xách balo lên và đi\", xuất bản năm 2012.\n\nHuyền Chip là một cô gái rất giỏi và tài năng. Cô làm việc tại nhiều công ty công nghệ hàng đầu thế giới như Netflix, NVIDIA. Cuối năm 2019, cô khởi nghiệp với công ty AI Snorkel.\n\nNăm 2020, Huyền Chip lọt top 5/10 trong danh sách những người có sức ảnh hưởng ở lĩnh vực Data Science & AI (Khoa học Dữ liệu và Trí tuệ nhân tạo) trên LinkedIn.\n\nMới đây nhất, cuốn sách \"Designing Machine Learning Systems - tạm dịch Thiết kế hệ thống máy học\" của Huyền Chip trở thành Top 1 bán chạy trên Amazon lĩnh vực học máy, bán 10.000 bản trong tháng đầu tiên và dịch sang 11 thứ tiếng.\n\nNguồn: Kiến Thức Kinh Tế", "time": "2023-01-27 07:20:46", "timestamp": 1674778846, "likes": 675, "reaction_count": 675, "comments_full": "Ghê vậy\nCANH NGỌ, QUÁ TÀI NĂNG\nPhuong Nam Tran\n.\nKhánh Nguyễn\n"},
{"original_request_url": "https://m.facebook.com/5866689853449732", "post_url": "https://facebook.com/story.php?story_fbid=pfbid0GyJcY3jChRHzP8LDZycf3zczjKt4xC8C7zyTNcD8DR74csP2hj2nEoJrUCmn6WNtl&id=100055680764438", "post_id": 5866689853449732, "text": "[Download Free Ebook - Phân tích chỉ số tài chính]\n\n[Download Free Ebook - Financial Index Analysis]\n\nPhuong Thao Analytics\n28 January at 09:00 ·\n\n[Download Free Ebook - Phân tích chỉ số tài chính]\n\nSao đọc mấy tài liệu này, thấy dễ hiểu bản chất hơn hồi còn đi học nữa, hix.\nLink download: https://bit.ly/3XWbF4g\n-\\-\\-\\-\\\n#Data #Analytics\nNEW YEAR - NEW SKILLS: Tham khảo thông tin KHÓA HỌC \"PHÂN TÍCH DỮ LIỆU KINH DOANH\" - ONLINE/OFFLINE K36 khai giảng 2/2022 tại http://bit.ly/BIProgram", "post_text": "[Download Free Ebook - Phân tích chỉ số tài chính]\n\n[Download Free Ebook - Financial Index Analysis]", "shared_text": "Phuong Thao Analytics\n28 January at 09:00 ·\n\n[Download Free Ebook - Phân tích chỉ số tài chính]\n\nSao đọc mấy tài liệu này, thấy dễ hiểu bản chất hơn hồi còn đi học nữa, hix.\nLink download: https://bit.ly/3XWbF4g\n-\\-\\-\\-\\\n#Data #Analytics\nNEW YEAR - NEW SKILLS: Tham khảo thông tin KHÓA HỌC \"PHÂN TÍCH DỮ LIỆU KINH DOANH\" - ONLINE/OFFLINE K36 khai giảng 2/2022 tại http://bit.ly/BIProgram", "time": "2023-01-30 09:44:43", "timestamp": 1675046683, "likes": 42, "reaction_count": 42, "comments_full": ""},
{"original_request_url": "https://m.facebook.com/5579157755536278", "post_url": "https://m.facebook.com/5579157755536278", "post_id": 5579157755536278, "text": "Mình đang share khóa học DA của Tomorrow Marketer\nb nào cần ib mình gửi nhé\n\nI am sharing the DA course of Tomorrow Marketer\nWho needs it, inbox me, I will send it to you", "post_text": "Mình đang share khóa học DA của Tomorrow Marketer\nb nào cần ib mình gửi nhé\n\nI am sharing the DA course of Tomorrow Marketer\nWho needs it, inbox me, I will send it to you", "shared_text": "", "time": "2022-10-25 10:46:53", "timestamp": 1666669613, "likes": 3, "reaction_count": 3, "comments_full": "Bạn cho mình xin với ạ\nTake Kuma ib nha\nMình xin bạn nhé\nĐinh Tiến Trung ib nha\nGui mình vói nhé\nTrần Chánh Trực ib nha\nCho em xin với nha\nThanh An ib nhé\nbạn cho mình xin với nhé\n"},
{"original_request_url": "https://m.facebook.com/5854824991302885", "post_url": "https://m.facebook.com/5854824991302885", "post_id": 5854824991302885, "text": "YOUTUBE.COM\nFull Hướng Dẫn Sử Dụng Extention CodeGPT trong VSCode #chatgpt #openai #codegpt #vscode #aicoding", "post_text": "", "shared_text": "YOUTUBE.COM\nFull Hướng Dẫn Sử Dụng Extention CodeGPT trong VSCode #chatgpt #openai #codegpt #vscode #aicoding", "time": "2023-01-26 16:18:07", "timestamp": 1674724687, "likes": 127, "reaction_count": 127, "comments_full": "xịn nhỉ :))\nNguyễn Trọng Trung chuẩn mà 👍\nNguyễn Trọng Trung chắc chưa bằng được Copilot\nTrần Văn Huy nó giúp mình code nhanh hơn hay chỉ tích hợp example vào mình custom đúng k chứ sao giúp hoàn toàn đc\nNguyễn Trọng Trung uhm hỗ trợ tốt 👍\nMình xài cả hai GPT và Copilot. Ae có thể tham khảo cách mình dùng ở đây https://\nwww.craft.do/s/\nAL4b0j39Y9oN2u?f\nbclid=IwAR2reAW\nAnMQXN-WPZZ2kNH\nP8ORUHp4FKAC_OA\nXRYGr8Ykts71zV5\nZBdjNDo&mibexti\nd=Zxz2cZ\nJang Trịnh ngon b\nCái này dùng ngon\nNgon như Copilot\nTu Ha quá xịn luôn đấy chứ, nhưng cũng mới\nTrần Văn Huy daj vang\nKhanh Ha Đỗ Ngọc Tuấn mời các chiên da vào thẩm\nThank b 👍\nnày có mất phí k vậy ae :v\nGithub copilot xịn hơn\nXuân Thịnh\nThân Nguyễn Trọng Phước có github copilot ngon lành\n"},
{"original_request_url": "https://m.facebook.com/5863513117100739", "post_url": "https://facebook.com/story.php?story_fbid=pfbid0NEz11KEPCiAeu1j2skgdP6ujAaqAAjPZTqeSKJFSjS6HSBGzBoR57vGgvh98YoHwl&id=100055680764438", "post_id": 5863513117100739, "text": "3 websites tạo DATASET để build [Data Analytics Portfolio] đỉnh của chóp:\nmockaroo.com\ngeneratedata.com\ndatabasetestdata.com", "post_text": "3 websites tạo DATASET để build [Data Analytics Portfolio] đỉnh của chóp:\nmockaroo.com\ngeneratedata.com\ndatabasetestdata.com", "shared_text": "", "time": "2023-01-29 08:23:24", "timestamp": 1674955404, "likes": 43, "reaction_count": 43, "comments_full": ""},
{"original_request_url": "https://m.facebook.com/2890763371042410", "post_url": "https://m.facebook.com/2890763371042410", "post_id": 2890763371042410, "text": "CSC.EDU.VN\nKhóa học Data Science Certificate - Trung Tâm Tin Học ĐH KHTN", "post_text": "", "shared_text": "CSC.EDU.VN\nKhóa học Data Science Certificate - Trung Tâm Tin Học ĐH KHTN", "time": "2020-04-15 22:19:28", "timestamp": 1586963968, "likes": 62, "reaction_count": 62, "comments_full": "Mình đang theo học khoá này nè ( chuẩn bị xong course 2 python for ds ). Và mình cũng ko biết về công việc bạn đang làm có liên quan nhiều tới data science ko. Khoá học này có chia ra làm hai, 1 phần là 5 triêu ( python + python for ds ), 2 là các course còn lại. Bạn thấy thích thì đóng 5 triệu trước học thử phần 1, xem có hợp hay ko r tính tiêos\n.\nỞ HN thì mn có biết địa chỉ nào như vậy ko ạ?\nké. có bác nào biết có khóa tương tự ở HN k ạ?\nMình chia sẻ về trường hợp của mình là thật ra ban đầu mình cũng đặt hy vọng nhiều ở các \"khóa học\" nhưng sau một thời gian mình thấy, cách tốt nhất để mọi thứ make sense là thò tay vào một việc nào đó. Mình đã thử theo các bước ở datacamp và thấy không thực sự hiệu quả bằng cách sau:\n1. Xem youtube để nắm những cái cơ bản (hoặc đọc sách - cái này tùy có bạn thích đọc sách nhưng mình thích nghe);\n2. Thò tay vào 1 cái cục data và vần vò nó. Ngta vẫn hay nói quan trọng nhất là ask the right question nên cái việc thực hành này nó sẽ phụ thuộc vào việc mình muốn làm cái gì ví dụ cụ thể là mình phát hiện trong cục data, có 1 số quãng thời gian mà variable x không có record (NA) mình muốn lôi cổ hết tất cả những quãng đó ra. Về cơ bản mình thấy sự học make sense là qua những câu hỏi, những problem nho nhỏ đó. G' luck!\nCám ơn bạn, về phía mình thì muốn đi học để có được cái căn bản để sau này tự mày mò thêm, ngoài ra mình vẫn tìm cơ hội trong công việc hiện tại để có trải nghiệm thực tế.\nsao ko học máy course online nhỉ. mình thấy bạn tự học vẫn ổn á. có nền tảng và kinh nghiệm làm việc rồi sẽ hấp thụ nhanh thôi.\nĐó giờ mình xào nấu data chủ yếu bằng google sheet nên nền về các công cụ này mình hoàn toàn không có, cũng như là cách mình làm đó giờ là theo bản năng chứ không phải một quy trình phân tích bài bản. Mình muốn học offline là để có thể chủ động hơn trong việc giải đáp các thắc mắc nếu có.\nMình cũng đang theo học khóa này. Mình thấy khá ổn\nBạn đang học đến lớp nào rồi ạ?\nmình cũng quan tâm\nchào bạn, nếu bạn đang tìm học về data science thì bạn tham khảo khóa tự học R ở www.tuhocr.com nhé. Kỹ năng R sẽ giúp bạn xử lý dữ liệu, trực quan hóa dữ liệu và rất nhiều câu chuyện hữu ích khác. Chúc bạn sức khỏe và thành công nha!\n"},
{"original_request_url": "https://m.facebook.com/5781127052006013", "post_url": "https://m.facebook.com/5781127052006013", "post_id": 5781127052006013, "text": "Happy New Year 2023!!! Tuyển dụng và quảng cáo tháng 1: các bạn lưu ý giúp nhé, tất cả các bài viết tuyển dụng và các hình thức quảng cáo bao gồm quảng cáo lớp học (ngoại trừ các bài được sponsor) thì phải được đăng bằng cách comment dưới post này. Thành viên vi phạm sẽ sẽ được mời ra khỏi group. Mong các bạn chú ý. Lưu ý: các bạn khi đăng bài nên thêm hashtag để dễ tìm và lọc, ví dụ: #bigdata #computervision #machinelearning #tuyendung #lophoc\nSee translation", "post_text": "Happy New Year 2023!!! Tuyển dụng và quảng cáo tháng 1: các bạn lưu ý giúp nhé, tất cả các bài viết tuyển dụng và các hình thức quảng cáo bao gồm quảng cáo lớp học (ngoại trừ các bài được sponsor) thì phải được đăng bằng cách comment dưới post này. Thành viên vi phạm sẽ sẽ được mời ra khỏi group. Mong các bạn chú ý. Lưu ý: các bạn khi đăng bài nên thêm hashtag để dễ tìm và lọc, ví dụ: #bigdata #computervision #machinelearning #tuyendung #lophoc\nSee translation", "time": "2023-01-01 06:31:41", "timestamp": 1672529501, "likes": 18, "reaction_count": 18, "comments_full": "GHN-HCM Tuyển Data Engineer. YOE 4 năm. Range: upto 2500$ #tuyendung\n[Hà Nội & Đà Nẵng] - Gear Inc Tuyển Dụng\n\n👉 Workforce Management Analyst\n👉 MIS Data Analyst\n👉 Real-time Analyst\n\nYêu cầu chung:\n⁣　　✅ Có tư duy logic, khả năng phân tích và tổng hợp dữ liệu tốt\n⁣　　✅ Có từ 1 năm kinh nghiệm ở vị trí liên quan\n⁣　　✅ Có kinh nghiệm ở lĩnh vực BPO\n⁣　　✅ Thành thạo trong việc sử dụng Google Spreadsheet, Excel\n⁣　　✅ Tiếng Anh tốt (nói và viết)\nĐịa điểm làm việc: Hai Bà Trưng, Hà Nội / Thanh Khê, Đà Nẵng\n+ Workforce Management Analyst\nhttps://\nwww.careers-page\n.com/\ngear-inc-2/job/\nQX69VVWY\n+ MIS Data Analyst\nhttps://\nwww.careers-page\n.com/\ngear-inc-2/job/\nL4VR99W7\n+ Real-time Analyst\nhttps://\nwww.careers-page\n.com/\ngear-inc-2/job/\nL74X8833\n\nNhanh tay gửi CV về hòm thư jobs@gearinc.co\nm để trở thành một Gear-er nhé!\n#dataanalyst #tuyendung\n𝐃𝐈𝐀𝐆 𝐂𝐀𝐑𝐄𝐄𝐑𝐒 | #Diag is looking for Tech positions:\n\n𝐅𝐫𝐨𝐧𝐭𝐄𝐧𝐝 𝐋𝐞𝐚𝐝 (2.5k-3.0k USD gross + attractive KPI bonus)\n𝐒𝐞𝐧𝐢𝐨𝐫 𝐏𝐇𝐏 𝐃𝐞𝐯𝐞𝐥𝐨𝐩𝐞𝐫 (1.8k-2.5k USD gross + attractive KPI bonus)\n𝐒𝐞𝐧𝐢𝐨𝐫 𝐅𝐫𝐨𝐧𝐭𝐞𝐧𝐝 𝐃𝐞𝐯𝐞𝐥𝐨𝐩𝐞𝐫 (1.8k-2.5k USD gross + attractive KPI bonus)\n𝐏𝐲𝐭𝐡𝐨𝐧 𝐄𝐧𝐠𝐢𝐧𝐞𝐞𝐫 (1.8k-2.5k USD gross + attractive KPI bonus)\n\nShout out to all #Tech talented candidates who #opentowork and would love to start a new interesting journey, #Diag is welcoming you to take this opportunity!.\n\n📍 𝐖𝐎𝐑𝐊𝐈𝐍𝐆 𝐏𝐋𝐀𝐂𝐄: 414-420 Cao Thang Street, Ward 12, District 10, Ho Chi Minh City, Vietnam (hybrid condition)\n\n👉 If you are interested any position, do not hesitate to apply by sending your updated resume to Mr. Phuc via email 𝐏𝐡𝐮𝐜.𝐂𝐡𝐮𝐧𝐠@𝐝𝐢𝐚𝐠\n.𝐯𝐧 by 𝐉𝐚𝐧𝐮𝐚𝐫𝐲 𝟑𝟏𝐬𝐭 𝟐𝟎𝟐𝟑 for the next step.\n\nThank you and have a productive working week!\n\n#Diag #diaglaboratorie\ns #hcm #opportunity #opentowork #job #hcm\n\n#softwaredevelop\ner #webdeveloper #softwareenginee\nring #vuejs #vuejsdeveloper #javadeveloper #javascript #webpack #jsframework #frontenddevelop\ner #frontendjobs #userexperience #userinterface #reactjs #coding #technicallead #fullstackdevelo\nper #frontendlead #frontendsenior #technicalarchi\ntect\n\n#php #phpdevelopers #phpjobs #phpwebdevelopm\nent #phpprogramming\n\n#python #pythondevelope\nr #pythonjobs #pythonprogramm\ning #pythondevelope\nr #pythonprogramm\ninglanguage\n\n#techjob #sharejob #IT #techjob #techhiring #tech #techjobs #techcareers #techcompany\n"},
{"original_request_url": "https://m.facebook.com/5861784697273581", "post_url": "https://facebook.com/story.php?story_fbid=pfbid0LTzs2CWukY5Lo2F9A631u2MWRG6GHxzQsEKJAwkQHdSK6a1btqh29dEz7E6kxiyel&id=100063628255149", "post_id": 5861784697273581, "text": "[DetectGPT: vỏ quýt dày có móng tay nhọn]\n\nSau khi các sinh viên đại học có ý định dùng ChatGPT để viết assignment, essay thì gần đây nhóm nghiên cứu tới từ đại học Stanford đã cho ra mắt mô hình DetectGPT để xác định xem văn bản được sinh bởi ChatGPT hay viết bởi con người.\n\nAI For Everyone - AI4E\n28 January at 19:35 ·\n\n[DetectGPT: vỏ quýt dày có móng tay nhọn]\n\nSau khi các sinh viên đại học có ý định dùng ChatGPT để viết assignment, essay thì gần đây nhóm nghiên cứu tới từ đại học Stanford đã cho ra mắt mô hình DetectGPT để xác định xem văn bản được sinh bởi ChatGPT hay viết bởi con người.\n\nMô hình DetectGPT dạng zero-shot, tức là không cần xây dựng một mô hình phân loại mà sử dụng sẵn các mô hình hiện tại để phân loại. Để xem một văn bản có phải sinh ra từ ChatGPT hay không thì đầu tiên các nhà nghiên cứu dùng các pre-trained model về text, ví dụ T5, để sinh ra các văn bản tương tự văn bản cần kiểm tra (thay từ đồng nghĩa, paraphase,...). Sau đó DetectGPT so sánh log probability của văn bản ban đầu với các văn bản đã được thay đổi. Quan sát thấy rằng nếu average log ratio ra càng cao thì xác suất văn bản được sinh ra từ mô hình ChatGPT càng lớn.\n\nPaper: https://arxiv.org/pdf/2301.11305v1.pdf\n\n________________________\nCá nhân mình thấy:\n1. Nếu mô hình này tốt thì ChatGPT có thể train dạng GAN để fake model này hoặc dùng RL để tiếp tục cải tiến hơn :))\n2. Có thể dùng các kĩ thuật giống xác định data drift, ví dụ như shift/out of distribution để xem văn bản từ ChatGPT hay văn bản người viết bằng cách so sánh phân phối văn bản đấy với các văn bản người viết tương tự cùng chủ đề.\n\n________________________\nAI4E vẫn đang mở các khóa học về Data Analysis, Python for Data Science, Mathematic, Deep Learning và đang có chương trình khai xuân giảm học phí 10%. Các bạn quan tâm inbox page để được tư vấn ạ.", "post_text": "[DetectGPT: vỏ quýt dày có móng tay nhọn]\n\nSau khi các sinh viên đại học có ý định dùng ChatGPT để viết assignment, essay thì gần đây nhóm nghiên cứu tới từ đại học Stanford đã cho ra mắt mô hình DetectGPT để xác định xem văn bản được sinh bởi ChatGPT hay viết bởi con người.", "shared_text": "AI For Everyone - AI4E\n28 January at 19:35 ·\n\n[DetectGPT: vỏ quýt dày có móng tay nhọn]\n\nSau khi các sinh viên đại học có ý định dùng ChatGPT để viết assignment, essay thì gần đây nhóm nghiên cứu tới từ đại học Stanford đã cho ra mắt mô hình DetectGPT để xác định xem văn bản được sinh bởi ChatGPT hay viết bởi con người.\n\nMô hình DetectGPT dạng zero-shot, tức là không cần xây dựng một mô hình phân loại mà sử dụng sẵn các mô hình hiện tại để phân loại. Để xem một văn bản có phải sinh ra từ ChatGPT hay không thì đầu tiên các nhà nghiên cứu dùng các pre-trained model về text, ví dụ T5, để sinh ra các văn bản tương tự văn bản cần kiểm tra (thay từ đồng nghĩa, paraphase,...). Sau đó DetectGPT so sánh log probability của văn bản ban đầu với các văn bản đã được thay đổi. Quan sát thấy rằng nếu average log ratio ra càng cao thì xác suất văn bản được sinh ra từ mô hình ChatGPT càng lớn.\n\nPaper: https://arxiv.org/pdf/2301.11305v1.pdf\n\n________________________\nCá nhân mình thấy:\n1. Nếu mô hình này tốt thì ChatGPT có thể train dạng GAN để fake model này hoặc dùng RL để tiếp tục cải tiến hơn :))\n2. Có thể dùng các kĩ thuật giống xác định data drift, ví dụ như shift/out of distribution để xem văn bản từ ChatGPT hay văn bản người viết bằng cách so sánh phân phối văn bản đấy với các văn bản người viết tương tự cùng chủ đề.\n\n________________________\nAI4E vẫn đang mở các khóa học về Data Analysis, Python for Data Science, Mathematic, Deep Learning và đang có chương trình khai xuân giảm học phí 10%. Các bạn quan tâm inbox page để được tư vấn ạ.", "time": "2023-01-28 19:42:34", "timestamp": 1674909754, "likes": 375, "reaction_count": 375, "comments_full": "Trần Ngọc Phương Nghi there u go\nTín Chung cứu\n"},
{"original_request_url": "https://m.facebook.com/5860924247359626", "post_url": "https://facebook.com/story.php?story_fbid=pfbid0WGKwheWy9Tutr1YunvznyhjkPAKamH7oc7GtePuD5CTzmaeno5h6sgSzDMyu7YNCl&id=100089445885560", "post_id": 5860924247359626, "text": "GRADIENT DESCENT\n\nGradient Descent là một trong những thuật toán tối ưu được sử dụng nhiều nhất trong machine learning và deep learning. Nó giống như một chiến lược tìm kiếm trong không gian tham số rất lớn hoặc vô hạn của model để tìm ra các tham số tốt nhất giúp cực tiểu hàm lỗi (cost function).\n\nVề mặt toán học, gradient được tính bằng đạo hàm một phần của hàm lỗi đối với các tham số. Gradient cho biết thông tin về hướng mà ở đó độ dốc của hàm lỗi lớn nhất hay lỗi sai giảm nhiều nhất và ở mỗi bước, các tham số được điều chỉnh theo hướng gradient đó. Quá trình này lặp đi lặp lại cho đến khi các tham số hội tụ tại những giá trị mà hàm lỗi đạt giá trị nhỏ nhất\n\n#LearnAIwithTueMinh #artificialintelligence #ai #datascience #machinelearnng #deeplearning #gradientdescent #GD", "post_text": "GRADIENT DESCENT\n\nGradient Descent là một trong những thuật toán tối ưu được sử dụng nhiều nhất trong machine learning và deep learning. Nó giống như một chiến lược tìm kiếm trong không gian tham số rất lớn hoặc vô hạn của model để tìm ra các tham số tốt nhất giúp cực tiểu hàm lỗi (cost function).\n\nVề mặt toán học, gradient được tính bằng đạo hàm một phần của hàm lỗi đối với các tham số. Gradient cho biết thông tin về hướng mà ở đó độ dốc của hàm lỗi lớn nhất hay lỗi sai giảm nhiều nhất và ở mỗi bước, các tham số được điều chỉnh theo hướng gradient đó. Quá trình này lặp đi lặp lại cho đến khi các tham số hội tụ tại những giá trị mà hàm lỗi đạt giá trị nhỏ nhất\n\n#LearnAIwithTueMinh #artificialintelligence #ai #datascience #machinelearnng #deeplearning #gradientdescent #GD", "shared_text": "", "time": "2023-01-28 13:14:35", "timestamp": 1674886475, "likes": 27, "reaction_count": 27, "comments_full": ""},
{"original_request_url": "https://m.facebook.com/5858277394290978", "post_url": "https://m.facebook.com/5858277394290978", "post_id": 5858277394290978, "text": "Chào mọi người, gần đây Zero-ETL nổi lên như một hiện tượng trong ngành Data Engineering không khác gì ChatGPT với giới AI. Mình có viết 1 bài để tìm hiểu và chia sẻ về công nghệ mới này, hy vọng nhận được ý kiến từ mọi người, mình xin cám ơn :)\n\nLink: https://open.substack.com/pub/trungduy/p/zero-etl-neu-mot-ngay-data-engineer?r=ynq9k&utm_campaign=post&utm_medium=web", "post_text": "Chào mọi người, gần đây Zero-ETL nổi lên như một hiện tượng trong ngành Data Engineering không khác gì ChatGPT với giới AI. Mình có viết 1 bài để tìm hiểu và chia sẻ về công nghệ mới này, hy vọng nhận được ý kiến từ mọi người, mình xin cám ơn :)\n\nLink: https://open.substack.com/pub/trungduy/p/zero-etl-neu-mot-ngay-data-engineer?r=ynq9k&utm_campaign=post&utm_medium=web", "shared_text": "", "time": "2023-01-27 18:38:51", "timestamp": 1674819531, "likes": 84, "reaction_count": 84, "comments_full": "Tony\nhợp lý. nhưng mình thấy bước đi này của AWS giống như cân bằng lại vì bên phía middle như dbt hay Snowflake đề nghị ra quá nhiều bước cho quá trình ETL...\n"},
{"original_request_url": "https://m.facebook.com/5860090140776370", "post_url": "https://m.facebook.com/5860090140776370", "post_id": 5860090140776370, "text": "YOUTUBE.COM\nHướng Dẫn Tạo Ảnh AI bằng Midjourney #midjourney #aiart", "post_text": "", "shared_text": "YOUTUBE.COM\nHướng Dẫn Tạo Ảnh AI bằng Midjourney #midjourney #aiart", "time": "2023-01-28 07:12:08", "timestamp": 1674864728, "likes": 12, "reaction_count": 12, "comments_full": ""},
{"original_request_url": "https://m.facebook.com/5859927067459344", "post_url": "https://m.facebook.com/5859927067459344", "post_id": 5859927067459344, "text": "YOUTUBE.COM\nPhân biệt Data/AI jobs: Data Scientist vs Data Analyst vs Data Engineer vs Machine Learning Engineer", "post_text": "", "shared_text": "YOUTUBE.COM\nPhân biệt Data/AI jobs: Data Scientist vs Data Analyst vs Data Engineer vs Machine Learning Engineer", "time": "2023-01-28 05:52:50", "timestamp": 1674859970, "likes": 79, "reaction_count": 79, "comments_full": ""},
{"original_request_url": "https://m.facebook.com/5852585024860215", "post_url": "https://m.facebook.com/5852585024860215", "post_id": 5852585024860215, "text": "[Tư Vấn Laptop]\nChào mọi người hiện em là sinh viên năm 1 ngành KHMT có định hướng theo Data/AI/CyberSecurity thì nên mua laptop như nào ạ? Phân khúc 1x hoặc 2x triệu, em không chơi game ạ.\n#laptop", "post_text": "[Tư Vấn Laptop]\nChào mọi người hiện em là sinh viên năm 1 ngành KHMT có định hướng theo Data/AI/CyberSecurity thì nên mua laptop như nào ạ? Phân khúc 1x hoặc 2x triệu, em không chơi game ạ.\n#laptop", "shared_text": "", "time": "2023-01-25 22:17:42", "timestamp": 1674659862, "likes": 5, "reaction_count": 5, "comments_full": "Macbook 2x\ncó train gì thì thuê GPU hoặc Colab á\nnhớ mua có card nvidia nhé )))\n"},
{"original_request_url": "https://m.facebook.com/5828981993887185", "post_url": "https://m.facebook.com/5828981993887185", "post_id": 5828981993887185, "text": "Xin chào cả nhà! Happy New Year!! 🙂 mình thuộc ngành tài chính và muốn học sâu về IT. Mình có goals đi làm cho công ty tạo ra trading algorithm như dưới đây. Mình đang băn khoăn không biết học master về data science có thể giúp mình về hard skills để handle tasks như bên dưới yêu cầu không.\n\nRất mong mọi người cho feedback! Thank you so so much!!", "post_text": "Xin chào cả nhà! Happy New Year!! 🙂 mình thuộc ngành tài chính và muốn học sâu về IT. Mình có goals đi làm cho công ty tạo ra trading algorithm như dưới đây. Mình đang băn khoăn không biết học master về data science có thể giúp mình về hard skills để handle tasks như bên dưới yêu cầu không.\n\nRất mong mọi người cho feedback! Thank you so so much!!", "shared_text": "", "time": "2023-01-17 23:23:50", "timestamp": 1673972630, "likes": 17, "reaction_count": 17, "comments_full": "Ngắn gọn là không chị ạ.\n\nDài dòng:\n- quant research hoặc quant dev đều tuyển rất khó;\n- MSc Data Science thường không dạy đủ skill programming, nhất là trong này có yêu cầu Java/Kotlin thì càng không - mà C++ thông dụng trong quant thì lại không nữa\n- MSc Data Science thường không đào đủ sâu về toán & tài chính;\n- nếu c muốn theo quant research, e nghĩ nên học MSc Applied Math/\nMathematical Finance hoặc maybe Stats/\nOperations Research (thường là trong School of Math & Sciences e.g. NYU Courant)\n- nếu c muốn theo quant dev, e nghĩ nên học MSc Computational Finance (e.g. Carnegie Mellon) hoặc MSc Financial Engineering trong các School of Engineering (e.g. NYU Tandon)\n- nếu c vào được những program trên, nương theo career services có thể vào dc quant firm mà không cần lên PhD;\n- nếu vào được PhD mà k có work exp thì cũng phải năng động nhiều mới vào dc quant;\n- nếu c nhất quyết theo Data Science thì (a) những chỗ thiếu trên phải tự bù vào (b) phải năng động hơn rất nhiều trong khoản nộp đơn & interview prep;\n- bàn lùi phát cuối, nếu chị đã bước chân dc vào ngành tài chính rồi, thì e nghĩ nương theo đó mà chuyển dần sang quant là oke nhất - học một cái ARPM/CQF/FRM xong rồi tự xây algo tự trade, auto vào dc quant\n\nE background như chị, đang học Nanyang Tech Uni MSc Fintech, làm Data Engineer/\nSoftware Engineer cho fund, lender, fintech các thể loại rồi mà vẫn thấy chưa đủ skill. Nếu phải đi lại từ đầu thì e sẽ làm như trên.\nVĩnh Lộc cho mìn connect với Vĩnh Lộc để tìm hiểu thêm nhé! Thank you so much!!!\nVới Ren Tech top tier còn kiểu sẽ là \"they come to you\", nếu đủ nổi trong field thì họ reach out, còn chủ động apply thì hầu như ko có cơ hội vào.\nCó finance background còn sẽ là điểm trừ khi apply nữa ấy.\nTruong V. Duc Thank you\nGinny Tran bạn aim vào Citadel, Hudson River Trading... Cũng đc ấy\nVy Phan\nRenTech thì thường tuyển có PhD hơn nên master học gì cũng không quá quan trọng.\n\nLàm ở đây (hoặc mấy fund tương tự) có điểm chung là khá giống khi bạn làm research cho PhD, khác là tốc độ nhanh hơn.\n\nVài kỹ năng cứng mình thấy cần thiết là khả năng ra ý tưởng mới, thử nghiệm ý tưởng (code), và tối ưu code của mình. Vấn đề mình thường thấy của người mới là nhanh bị cạn kiệt ý tưởng/ không biết phải làm gì lúc đó.\nNhật Anh cho mình connect với Nhật Anh để tìm hiểu thêm nhé! Thank you so much!!!\nJd chung quá nên khó nói lắm bạn.\n"},
{"original_request_url": "https://m.facebook.com/5857413054377412", "post_url": "https://facebook.com/story.php?story_fbid=pfbid0fGMNwdnnbEUUREdUd7uKfX7BxCdrZTwiA6mS25mq8hjGUcrKK8XT7AqUk26Msmf4l&id=100089445885560", "post_id": 5857413054377412, "text": "BEST FREE COURSES ON YOUTUBE FROM TOP UNIVERSITIES TO LEARN AI, ML, DL, NLP, CV\n\n👉𝐌𝐚𝐜𝐡𝐢𝐧𝐞 𝐋𝐞𝐚𝐫𝐧𝐢𝐧𝐠\n\n1. Introduction to Machine Learning (by University of Tübingen)\n🌀http://bit.ly/3Ji7QlS\n2. CS229: Machine Learning (by Stanford University)\n🌀http://bit.ly/408g7yY\n4. Applied Machine Learning (by Cornell University)\n🌀http://bit.ly/3DjhpNv\n5. Statistical Machine Learning (by University of Tübingen)\n🌀http://bit.ly/3wwZcIu\n7. Deep Reinforcement Learning (by UC Berkeley)\n🌀https://bit.ly/3DiUq58\n8. CS234 Reinforcement Learning (by Stanford University)\n🌀https://bit.ly/3XIYROW\n9. Machine Learning Engineering for Production (MLOps) (by DeepLearning.AI)\n🌀https://bit.ly/3HzHuKL\n\n👉𝐃𝐞𝐞𝐩 𝐋𝐞𝐚𝐫𝐧𝐢𝐧𝐠\n\n1. Introduction to Deep Learning (by MIT)\n🌀https://bit.ly/3wS4nTT\n2. Introduction to Deep Learning (by Carnegie Mellon University)\n🌀https://bit.ly/3DkZwy2\n3. Deep Learning for Art, Aesthetics, and Creativity (by MIT)\n🌀https://bit.ly/3kRrECg\n4. CS230: Deep Learning (by Stanford Univeristy)\n🌀https://bit.ly/3WWJUb7\n5. Deep Unsupervised Learning (by UC Berkeley)\n🌀https://bit.ly/404T5J7\n6. Deep Learning (by New York University)\n🌀https://bit.ly/3WIKBEP\n7. Foundation Models (by Stanford University)\n🌀https://bit.ly/3jcGYJt\n8. Full Stack Deep Learning (by UC Berkeley)\n🌀https://bit.ly/3HC5qNy\n\n👉𝐍𝐚𝐭𝐮𝐫𝐚𝐥 𝐋𝐚𝐧𝐠𝐮𝐚𝐠𝐞 𝐏𝐫𝐨𝐜𝐞𝐬𝐬𝐢𝐧𝐠\n\n1. NLP Course (by Hugging Face)\n🌀https://bit.ly/3j3srzP\n2. CS224U Natural Language Understanding (by Stanford Univeristy)\n🌀https://bit.ly/3Ji9nIE\n3. Advanced NLP 2022 (by Carnegie Mellon University)\n🌀https://bit.ly/3WIa3u1\n4. Multilingual NLP (by Carnegie Mellon University)\n🌀https://bit.ly/4083nIj\n5. Advanced NLP (by University of Massachusetts Amherst)\n🌀https://bit.ly/3jgxcpw\n\n👉𝐂𝐨𝐦𝐩𝐮𝐭𝐞𝐫 𝐕𝐢𝐬𝐢𝐨𝐧\n\n1. Deep Learning for Computer Vision (by University of Michigan)\n🌀https://bit.ly/3Retjht\n2. Convolutional Neural Networks for Visual Recognition (by Stanford Univeristy)\n🌀https://bit.ly/3WGbEAC\n3. Deep Learning for Visual Computing (by Indian Institute of Technology Kharagpur)\n🌀http://bit.ly/3R9cvbI\n\n#ai #artificialintelligence #datascience #machinelearning #deeplearning #nlp #computervision #reinforcementlearning", "post_text": "BEST FREE COURSES ON YOUTUBE FROM TOP UNIVERSITIES TO LEARN AI, ML, DL, NLP, CV\n\n👉𝐌𝐚𝐜𝐡𝐢𝐧𝐞 𝐋𝐞𝐚𝐫𝐧𝐢𝐧𝐠\n\n1. Introduction to Machine Learning (by University of Tübingen)\n🌀http://bit.ly/3Ji7QlS\n2. CS229: Machine Learning (by Stanford University)\n🌀http://bit.ly/408g7yY\n4. Applied Machine Learning (by Cornell University)\n🌀http://bit.ly/3DjhpNv\n5. Statistical Machine Learning (by University of Tübingen)\n🌀http://bit.ly/3wwZcIu\n7. Deep Reinforcement Learning (by UC Berkeley)\n🌀https://bit.ly/3DiUq58\n8. CS234 Reinforcement Learning (by Stanford University)\n🌀https://bit.ly/3XIYROW\n9. Machine Learning Engineering for Production (MLOps) (by DeepLearning.AI)\n🌀https://bit.ly/3HzHuKL\n\n👉𝐃𝐞𝐞𝐩 𝐋𝐞𝐚𝐫𝐧𝐢𝐧𝐠\n\n1. Introduction to Deep Learning (by MIT)\n🌀https://bit.ly/3wS4nTT\n2. Introduction to Deep Learning (by Carnegie Mellon University)\n🌀https://bit.ly/3DkZwy2\n3. Deep Learning for Art, Aesthetics, and Creativity (by MIT)\n🌀https://bit.ly/3kRrECg\n4. CS230: Deep Learning (by Stanford Univeristy)\n🌀https://bit.ly/3WWJUb7\n5. Deep Unsupervised Learning (by UC Berkeley)\n🌀https://bit.ly/404T5J7\n6. Deep Learning (by New York University)\n🌀https://bit.ly/3WIKBEP\n7. Foundation Models (by Stanford University)\n🌀https://bit.ly/3jcGYJt\n8. Full Stack Deep Learning (by UC Berkeley)\n🌀https://bit.ly/3HC5qNy\n\n👉𝐍𝐚𝐭𝐮𝐫𝐚𝐥 𝐋𝐚𝐧𝐠𝐮𝐚𝐠𝐞 𝐏𝐫𝐨𝐜𝐞𝐬𝐬𝐢𝐧𝐠\n\n1. NLP Course (by Hugging Face)\n🌀https://bit.ly/3j3srzP\n2. CS224U Natural Language Understanding (by Stanford Univeristy)\n🌀https://bit.ly/3Ji9nIE\n3. Advanced NLP 2022 (by Carnegie Mellon University)\n🌀https://bit.ly/3WIa3u1\n4. Multilingual NLP (by Carnegie Mellon University)\n🌀https://bit.ly/4083nIj\n5. Advanced NLP (by University of Massachusetts Amherst)\n🌀https://bit.ly/3jgxcpw\n\n👉𝐂𝐨𝐦𝐩𝐮𝐭𝐞𝐫 𝐕𝐢𝐬𝐢𝐨𝐧\n\n1. Deep Learning for Computer Vision (by University of Michigan)\n🌀https://bit.ly/3Retjht\n2. Convolutional Neural Networks for Visual Recognition (by Stanford Univeristy)\n🌀https://bit.ly/3WGbEAC\n3. Deep Learning for Visual Computing (by Indian Institute of Technology Kharagpur)\n🌀http://bit.ly/3R9cvbI\n\n#ai #artificialintelligence #datascience #machinelearning #deeplearning #nlp #computervision #reinforcementlearning", "shared_text": "", "original_text": null, "time": "2023-01-27 11:20:17", "timestamp": 1674793217, "likes": 128, "reaction_count": 128, "comments_full": []}]