[{"original_request_url": "https://m.facebook.com/5677825072336212", "post_url": "https://m.facebook.com/5677825072336212", "post_id": 5677825072336212, "text": "Giải đáp lý do tại sao Harry Potter có thể nói được tiếng rắn =))))\n#J4F\nLƯƠNG PYTHON HIỆN BAO NHIÊU?\nPython là ngôn ngữ lập trình giúp developer nhận mức lương cao thứ nhì (khoảng $107,000/năm) tại Mỹ. Đây là ngôn ngữ lập trình hướng đối tượng bậc cao, được ứng dụng đa dạng.\nTại Việt Nam, Pyhthon có mức\nLương: 20 – 25 Triệu VNĐ/tháng\nKinh nghiệm lập trình từ 3 năm trở lên\nKinh nghiệm lập trình Python ít nhất 1 năm (làm việc trong dự án thực tế)\nLương thấp nhất: 5 Triệu VNĐ/tháng\nLương bậc thấp: 10,4 Triệu VNĐ/tháng\nLương trung bình: 13,6 Triệu VNĐ/tháng\nSee translation", "post_text": "Giải đáp lý do tại sao Harry Potter có thể nói được tiếng rắn =))))\n#J4F\nLƯƠNG PYTHON HIỆN BAO NHIÊU?\nPython là ngôn ngữ lập trình giúp developer nhận mức lương cao thứ nhì (khoảng $107,000/năm) tại Mỹ. Đây là ngôn ngữ lập trình hướng đối tượng bậc cao, được ứng dụng đa dạng.\nTại Việt Nam, Pyhthon có mức\nLương: 20 – 25 Triệu VNĐ/tháng\nKinh nghiệm lập trình từ 3 năm trở lên\nKinh nghiệm lập trình Python ít nhất 1 năm (làm việc trong dự án thực tế)\nLương thấp nhất: 5 Triệu VNĐ/tháng\nLương bậc thấp: 10,4 Triệu VNĐ/tháng\nLương trung bình: 13,6 Triệu VNĐ/tháng\nSee translation", "time": "2022-11-29 13:40:53", "timestamp": 1669704053, "likes": 30, "reaction_count": 30, "comments_full": ""},
{"original_request_url": "https://m.facebook.com/5674519416000111", "post_url": "https://m.facebook.com/5674519416000111", "post_id": 5674519416000111, "text": "QUALCOMM VIETNAM INNOVATION CHALLENGE: THÚC ĐẨY ĐỔI MỚI SÁNG TẠO CÙNG QUALCOMM\n☑️ Startup Việt Nam muốn chinh phục thị trường thế giới, có cần lập team ở Singapore, Silicon Valley, Châu Âu…?\n☑️ Cách nào để startup Việt đem sản phẩm sản xuất tại Việt Nam chinh phục thị trường quốc tế?\n☑️ Liệu startup Việt có cơ hội nhận nguồn lực hỗ trợ từ tập đoàn công nghệ quốc tế Qualcomm?\n☑️ Hội thảo Online “Thúc đẩy Đổi mới sáng tạo cùng Qualcomm” là nơi Qualcomm gặp gỡ startup Việt thuộc các lĩnh vực công nghệ trọng điểm 5G, IoT (Internet vạn vật), AI (Trí tuệ nhân tạo), Robot, Tự động hóa, Blockchain, MedTech…Cuộc gặp gỡ này là bước đầu để startup Việt biết đến Cuộc thi “Thử thách đổi mới sáng tạo Qualcomm Việt Nam 2023 – Qualcomm Vietnam Innovation Challenge 2023 – QVIC 2023”, mở ra cơ hội hợp tác cùng Qualcomm để nhận các nguồn lực hỗ trợ: tài trợ tài chính cho giai đoạn ươm tạo, cơ sở hạ tầng để R&D, tư vấn công nghệ từ đội ngũ kỹ sư Qualcomm, hỗ trợ đăng ký bằng sáng chế/sở hữu trí tuệ….\n⏭️Đăng ký tham dự Hội thảo online “Thúc đẩy Đổi mới sáng tạo cùng Qualcomm” https://bssc.vn/qualcomm-vietnam-innovation-challenge.../...\n📍Thông tin Hội thảo online “Thúc đẩy Đổi mới sáng tạo cùng Qualcomm”\n🔖Thời gian: 14:00 - 16:30 | 30/11/2022 (Thứ Tư)\n🔖Địa điểm: Online qua Zoom (Link zoom sẽ được gửi sau khi đăng ký thành công)\nCác diễn giả:\n💎 Ông Trần Viết Huân - CTO SonKim Group, Chủ tịch Hội đồng CIO Vietnam\n💎Chị Nguyễn Thanh Thảo - Giám đốc phát triển kinh doanh cấp cao, Tập đoàn Qualcomm\n💎Anh Lê Yên Thanh - Nhà sáng lập Busmap\nCùng Moderator của chương Trình là:\n💎Chị Hà Thanh An - COO IBP\n#Qualcomm #QVIC2023 #BSSC #Innovation #Startup\nSee translation", "post_text": "QUALCOMM VIETNAM INNOVATION CHALLENGE: THÚC ĐẨY ĐỔI MỚI SÁNG TẠO CÙNG QUALCOMM\n☑️ Startup Việt Nam muốn chinh phục thị trường thế giới, có cần lập team ở Singapore, Silicon Valley, Châu Âu…?\n☑️ Cách nào để startup Việt đem sản phẩm sản xuất tại Việt Nam chinh phục thị trường quốc tế?\n☑️ Liệu startup Việt có cơ hội nhận nguồn lực hỗ trợ từ tập đoàn công nghệ quốc tế Qualcomm?\n☑️ Hội thảo Online “Thúc đẩy Đổi mới sáng tạo cùng Qualcomm” là nơi Qualcomm gặp gỡ startup Việt thuộc các lĩnh vực công nghệ trọng điểm 5G, IoT (Internet vạn vật), AI (Trí tuệ nhân tạo), Robot, Tự động hóa, Blockchain, MedTech…Cuộc gặp gỡ này là bước đầu để startup Việt biết đến Cuộc thi “Thử thách đổi mới sáng tạo Qualcomm Việt Nam 2023 – Qualcomm Vietnam Innovation Challenge 2023 – QVIC 2023”, mở ra cơ hội hợp tác cùng Qualcomm để nhận các nguồn lực hỗ trợ: tài trợ tài chính cho giai đoạn ươm tạo, cơ sở hạ tầng để R&D, tư vấn công nghệ từ đội ngũ kỹ sư Qualcomm, hỗ trợ đăng ký bằng sáng chế/sở hữu trí tuệ….\n⏭️Đăng ký tham dự Hội thảo online “Thúc đẩy Đổi mới sáng tạo cùng Qualcomm” https://bssc.vn/qualcomm-vietnam-innovation-challenge.../...\n📍Thông tin Hội thảo online “Thúc đẩy Đổi mới sáng tạo cùng Qualcomm”\n🔖Thời gian: 14:00 - 16:30 | 30/11/2022 (Thứ Tư)\n🔖Địa điểm: Online qua Zoom (Link zoom sẽ được gửi sau khi đăng ký thành công)\nCác diễn giả:\n💎 Ông Trần Viết Huân - CTO SonKim Group, Chủ tịch Hội đồng CIO Vietnam\n💎Chị Nguyễn Thanh Thảo - Giám đốc phát triển kinh doanh cấp cao, Tập đoàn Qualcomm\n💎Anh Lê Yên Thanh - Nhà sáng lập Busmap\nCùng Moderator của chương Trình là:\n💎Chị Hà Thanh An - COO IBP\n#Qualcomm #QVIC2023 #BSSC #Innovation #Startup\nSee translation", "time": "2022-11-28 08:40:54", "timestamp": 1669599654, "likes": 0, "reaction_count": 0, "comments_full": ""},
{"original_request_url": "https://m.facebook.com/5697278893724163", "post_url": "https://m.facebook.com/5697278893724163", "post_id": 5697278893724163, "text": "EVENT 100% FREE!\nLink đăng kí đây ạ:https://form.jotform.com/223310653276451\nTháng trước, em có đi dự một buổi event thì thấy rất hay và bổ ích, project nào cũng đẹp hết ạ. Ngoài ra mình còn có thể gặp gỡ dàn cố vấn các anh chị trong nghề dày dặn kinh nghiệm trong ngành tech, cũng là một cơ hội khá hay để học hỏi những yêu cầu hiện tại của nhà tuyển dụng nữa", "post_text": "EVENT 100% FREE!\nLink đăng kí đây ạ:https://form.jotform.com/223310653276451\nTháng trước, em có đi dự một buổi event thì thấy rất hay và bổ ích, project nào cũng đẹp hết ạ. Ngoài ra mình còn có thể gặp gỡ dàn cố vấn các anh chị trong nghề dày dặn kinh nghiệm trong ngành tech, cũng là một cơ hội khá hay để học hỏi những yêu cầu hiện tại của nhà tuyển dụng nữa", "shared_text": "", "time": "2022-12-06 15:50:37", "timestamp": 1670316637, "likes": 0, "reaction_count": 0, "comments_full": ""},
{"original_request_url": "https://m.facebook.com/5808888819229836", "post_url": "https://facebook.com/story.php?story_fbid=pfbid0ptdjqfzgRATWzYMqoVjD1EquDLo33vxRemkqSQqvcF6BE9oWFM6n5rh3TQtdEc7Nl&id=100064152758314", "post_id": 5808888819229836, "text": "🌟🌟7 lợi ích của Big Data và Analytics\n✅Big Data và Analytics đang trở thành một công cụ mạnh mẽ ảnh hưởng đến sự phát triển của các doanh nghiệp bất kể quy mô và lĩnh vực hoạt động.\n\n👇👇Dưới đây là 7 lợi ích hàng đầu của nó:\n📌Thu hút và giữ chân khách hàng\n📌Tối ưu hiệu quả của các chương trình khuyến mãi và quảng cáo\n📌Xác định rủi ro tiềm tàng\n📌Cải tiến các sản phẩm/dịch vụ hiện có; Đổi mới những sản phẩm/dịch vụ mới\n📌Cung cấp mạng lưới nhà cung cấp hoặc cộng đồng B2B với độ chính xác và thông tin chi tiết cao hơn\n📌Tối ưu chi phí\n📌Nâng cao hiệu quả\n\n📖Nhờ sử dụng Big Data và Analytics như là một phần trong hoạt động kinh doanh, các doanh nghiệp lớn trên toàn thế giới như Amazon, American Express, Netflix,... đều đang đạt được những thành công lớn trên thị trường.\n—-\\-\\-\\-\\-\\-\\-\\-\\-\\-\\-\\-\\-\\-\\-\\-\\-\\-\\-\\-\\-\\-\\-\\-\\-\\-\\-\\-\\-\\-\\-\\-\\-\\-\\-\\-\\-\\-\\-\\-\\-\\-\\-\\-\\-\\-\\-\\-\\-\nKhóa học Business Intelligence tại Mastering Data Analytics dự kiến khai giảng vào ngày 06/02/2023:\n✔️ “Up Skill” Kỹ năng phân tích dữ liệu hệ thống - bài bản (Taxonomy).\n✔️ Hiểu và áp dụng thực tiễn các Nguyên tắc và phương pháp thiết kế Dashboards tự động, hiệu quả và tiết kiệm thời gian.\n✔️ Hiểu đúng về Insights - Cách đào sâu Insight theo chuẩn quy tắc B-U-S (Big - Useful - Surprise).\n✔️ Thiết kế Data Story bài bản cùng kỹ năng Data Visualization.\n👉 Đăng ký trước 19/1/2023 để nhận ưu đãi 5%. Xem link đăng ký khóa học dưới cmt nhé.", "post_text": "🌟🌟7 lợi ích của Big Data và Analytics\n✅Big Data và Analytics đang trở thành một công cụ mạnh mẽ ảnh hưởng đến sự phát triển của các doanh nghiệp bất kể quy mô và lĩnh vực hoạt động.\n\n👇👇Dưới đây là 7 lợi ích hàng đầu của nó:\n📌Thu hút và giữ chân khách hàng\n📌Tối ưu hiệu quả của các chương trình khuyến mãi và quảng cáo\n📌Xác định rủi ro tiềm tàng\n📌Cải tiến các sản phẩm/dịch vụ hiện có; Đổi mới những sản phẩm/dịch vụ mới\n📌Cung cấp mạng lưới nhà cung cấp hoặc cộng đồng B2B với độ chính xác và thông tin chi tiết cao hơn\n📌Tối ưu chi phí\n📌Nâng cao hiệu quả\n\n📖Nhờ sử dụng Big Data và Analytics như là một phần trong hoạt động kinh doanh, các doanh nghiệp lớn trên toàn thế giới như Amazon, American Express, Netflix,... đều đang đạt được những thành công lớn trên thị trường.\n—-\\-\\-\\-\\-\\-\\-\\-\\-\\-\\-\\-\\-\\-\\-\\-\\-\\-\\-\\-\\-\\-\\-\\-\\-\\-\\-\\-\\-\\-\\-\\-\\-\\-\\-\\-\\-\\-\\-\\-\\-\\-\\-\\-\\-\\-\\-\\-\\-\nKhóa học Business Intelligence tại Mastering Data Analytics dự kiến khai giảng vào ngày 06/02/2023:\n✔️ “Up Skill” Kỹ năng phân tích dữ liệu hệ thống - bài bản (Taxonomy).\n✔️ Hiểu và áp dụng thực tiễn các Nguyên tắc và phương pháp thiết kế Dashboards tự động, hiệu quả và tiết kiệm thời gian.\n✔️ Hiểu đúng về Insights - Cách đào sâu Insight theo chuẩn quy tắc B-U-S (Big - Useful - Surprise).\n✔️ Thiết kế Data Story bài bản cùng kỹ năng Data Visualization.\n👉 Đăng ký trước 19/1/2023 để nhận ưu đãi 5%. Xem link đăng ký khóa học dưới cmt nhé.", "shared_text": "", "time": "2023-01-11 08:08:46", "timestamp": 1673399326, "likes": 0, "reaction_count": 0, "comments_full": ""},
{"original_request_url": "https://m.facebook.com/5824498647668853", "post_url": "https://m.facebook.com/5824498647668853", "post_id": 5824498647668853, "text": "Trường Đại học Việt Đức hợp tác với Sở Giao thông vận tải Thành phố Hồ Chí Minh triển khai đề tài nghiên cứu “Phát triển công cụ số hỗ trợ quản lý điều tiết hoạt động mạng lưới xe buýt Thành phố Hồ Chí Minh trong điều kiện mưa ngập đường gây ùn tắc giao thông” (gọi tắt là TUMI Lab).\nMục tiêu của TUMI Lab là phát triển công cụ và giải pháp kỹ thuật số để triển khai tại các sở ban ngành của TP.HCM nhằm hỗ trợ điều phối, giám sát và ứng phó tốt hơn với các tác động của mưa lớn, triều cường dâng cao gây ngập đường ảnh hưởng đến hoạt động của hệ thống xe buýt. Nhờ đó, Thành phố có thể duy trì hoạt động xe buýt và tăng cường chất lượng dịch vụ để thu hút hành khách sử dụng. Sản phẩm của nghiên cứu là một nền tảng kỹ thuật số có chức năng tích hợp và phân tích dữ liệu lớn đa ngành, hỗ trợ xây dựng các kế hoạch hoạt động hàng ngày của mạng lưới xe buýt Thành phố để đáp ứng tức thời với những thay đổi có thể dự đoán được về cơ sở hạ tầng đường xá và hành vi người tham gia giao thông.\nĐề tài đang tìm kiếm các ứng viên trong lĩnh vực phân tích dữ liệu lớn (bigdata analytics, machine leanring), khoa học máy tính (computer sciences), lập trình thiết kế nền tảng ứng dụng (app development), kỹ thuật/mô phỏng giao thông (traffic engineering/simulation), cùng tham gia nghiên cứu trong môi trường làm việc quốc tế, năng động, sáng tạo với mức lương cạnh tranh. Thời gian làm việc từ tháng 2 đến tháng 5 năm 2023. Vui lòng inbox Vân để biết thêm thông tin về dự án và vị trí tuyển dụng.\nSee translation", "post_text": "Trường Đại học Việt Đức hợp tác với Sở Giao thông vận tải Thành phố Hồ Chí Minh triển khai đề tài nghiên cứu “Phát triển công cụ số hỗ trợ quản lý điều tiết hoạt động mạng lưới xe buýt Thành phố Hồ Chí Minh trong điều kiện mưa ngập đường gây ùn tắc giao thông” (gọi tắt là TUMI Lab).\nMục tiêu của TUMI Lab là phát triển công cụ và giải pháp kỹ thuật số để triển khai tại các sở ban ngành của TP.HCM nhằm hỗ trợ điều phối, giám sát và ứng phó tốt hơn với các tác động của mưa lớn, triều cường dâng cao gây ngập đường ảnh hưởng đến hoạt động của hệ thống xe buýt. Nhờ đó, Thành phố có thể duy trì hoạt động xe buýt và tăng cường chất lượng dịch vụ để thu hút hành khách sử dụng. Sản phẩm của nghiên cứu là một nền tảng kỹ thuật số có chức năng tích hợp và phân tích dữ liệu lớn đa ngành, hỗ trợ xây dựng các kế hoạch hoạt động hàng ngày của mạng lưới xe buýt Thành phố để đáp ứng tức thời với những thay đổi có thể dự đoán được về cơ sở hạ tầng đường xá và hành vi người tham gia giao thông.\nĐề tài đang tìm kiếm các ứng viên trong lĩnh vực phân tích dữ liệu lớn (bigdata analytics, machine leanring), khoa học máy tính (computer sciences), lập trình thiết kế nền tảng ứng dụng (app development), kỹ thuật/mô phỏng giao thông (traffic engineering/simulation), cùng tham gia nghiên cứu trong môi trường làm việc quốc tế, năng động, sáng tạo với mức lương cạnh tranh. Thời gian làm việc từ tháng 2 đến tháng 5 năm 2023. Vui lòng inbox Vân để biết thêm thông tin về dự án và vị trí tuyển dụng.\nSee translation", "time": "2023-01-16 11:03:33", "timestamp": 1673841813, "likes": 0, "reaction_count": 0, "comments_full": ""},
{"original_request_url": "https://m.facebook.com/5751280408324011", "post_url": "https://facebook.com/story.php?story_fbid=pfbid03rDeLRLj3kbdsi8jpRF2Lx8u9QvQXHG6vFQN3amJwGPCYAks2jkNUF6DJfGyPz6vl&id=100082950927797", "post_id": 5751280408324011, "text": "WEBINAR dành cho bạn nào quan tâm về HYBRID CLOUD\n📆Ngày: 28 tháng 12 năm 2022\n⏰Thời gian: 09:30AM -11:30AM\n📌Địa điểm: Zoom Meeting\nCả nhà vào đăng ký tham gia tại link bên dưới nhé👇\n\nAlibaba Cloud Việt Nam\n20 December 2022 at 11:40 ·\n\n📊Theo 𝐆𝐚𝐫𝐭𝐧𝐞𝐫, đến năm 𝟐𝟎𝟐𝟎, 𝟗𝟎% tổ chức sẽ áp dụng khả năng quản lý cơ sở hạ tầng kết hợp.\n\n📈Ngày càng có nhiều doanh nghiệp tận dụng sự kết hợp của các đám mây riêng tại chỗ hoặc chuyên dụng, để mở rộng trong kinh doanh, tối ưu hóa chi phí và tính linh hoạt mà không dư thừa của đám mây công cộng cũng như quyền riêng tư, bảo mật và tuân thủ dữ liệu của đám mây riêng.\n\nĐám mây lai #AlibabaCloud đảm bảo hoạt động kinh doanh của bạn liên tục với các khả năng:\n☁️Thay đổi quy mô linh hoạt của ứng dụng, khắc phục thảm họa, sao lưu dữ liệu và nâng cấp nhanh.\n☁️Rút ngắn thời gian tiếp thị, nhanh chóng đáp ứng nhu cầu của khách hàng, nâng cao trải nghiệm người dùng và thúc đẩy thành công trong kinh doanh.\n☁️Cải thiện hiệu quả hoạt động của bạn và giảm chi phí bằng cách sử dụng quản lý tập trung để khắc phục sự cố, mở rộng hệ thống, triển khai ứng dụng trên nhiều đám mây và các chức năng DevOps.\n☁️Đáp ứng các yêu cầu về bảo mật và tuân thủ.\n-\\-\\-\\-\\-\\-\\-\\-\\-\\-\\-\\-\\\nTìm hiểu thêm về #HybridCloud và các giải pháp bảo mật của Alibaba Cloud tại sự kiện 𝐌𝐨𝐝𝐞𝐫𝐧𝐢𝐳𝐞 𝐰𝐢𝐭𝐡 𝐀𝐥𝐢𝐛𝐚𝐛𝐚 𝐇𝐲𝐛𝐫𝐢𝐝 𝐂𝐥𝐨𝐮𝐝 𝐅𝐥𝐞𝐱𝐢𝐛𝐢𝐥𝐢𝐭𝐲 của chúng tôi\n📆Ngày: 28 tháng 12 năm 2022\n⏰Thời gian: 09:30AM -11:30AM\n📌Địa điểm: Zoom Meeting/Facebook Page\nChi tiết đăng ký dưới comment 👇", "post_text": "WEBINAR dành cho bạn nào quan tâm về HYBRID CLOUD\n📆Ngày: 28 tháng 12 năm 2022\n⏰Thời gian: 09:30AM -11:30AM\n📌Địa điểm: Zoom Meeting\nCả nhà vào đăng ký tham gia tại link bên dưới nhé👇", "shared_text": "Alibaba Cloud Việt Nam\n20 December 2022 at 11:40 ·\n\n📊Theo 𝐆𝐚𝐫𝐭𝐧𝐞𝐫, đến năm 𝟐𝟎𝟐𝟎, 𝟗𝟎% tổ chức sẽ áp dụng khả năng quản lý cơ sở hạ tầng kết hợp.\n\n📈Ngày càng có nhiều doanh nghiệp tận dụng sự kết hợp của các đám mây riêng tại chỗ hoặc chuyên dụng, để mở rộng trong kinh doanh, tối ưu hóa chi phí và tính linh hoạt mà không dư thừa của đám mây công cộng cũng như quyền riêng tư, bảo mật và tuân thủ dữ liệu của đám mây riêng.\n\nĐám mây lai #AlibabaCloud đảm bảo hoạt động kinh doanh của bạn liên tục với các khả năng:\n☁️Thay đổi quy mô linh hoạt của ứng dụng, khắc phục thảm họa, sao lưu dữ liệu và nâng cấp nhanh.\n☁️Rút ngắn thời gian tiếp thị, nhanh chóng đáp ứng nhu cầu của khách hàng, nâng cao trải nghiệm người dùng và thúc đẩy thành công trong kinh doanh.\n☁️Cải thiện hiệu quả hoạt động của bạn và giảm chi phí bằng cách sử dụng quản lý tập trung để khắc phục sự cố, mở rộng hệ thống, triển khai ứng dụng trên nhiều đám mây và các chức năng DevOps.\n☁️Đáp ứng các yêu cầu về bảo mật và tuân thủ.\n-\\-\\-\\-\\-\\-\\-\\-\\-\\-\\-\\-\\\nTìm hiểu thêm về #HybridCloud và các giải pháp bảo mật của Alibaba Cloud tại sự kiện 𝐌𝐨𝐝𝐞𝐫𝐧𝐢𝐳𝐞 𝐰𝐢𝐭𝐡 𝐀𝐥𝐢𝐛𝐚𝐛𝐚 𝐇𝐲𝐛𝐫𝐢𝐝 𝐂𝐥𝐨𝐮𝐝 𝐅𝐥𝐞𝐱𝐢𝐛𝐢𝐥𝐢𝐭𝐲 của chúng tôi\n📆Ngày: 28 tháng 12 năm 2022\n⏰Thời gian: 09:30AM -11:30AM\n📌Địa điểm: Zoom Meeting/Facebook Page\nChi tiết đăng ký dưới comment 👇", "time": "2022-12-21 14:56:59", "timestamp": 1671609419, "likes": 0, "reaction_count": 0, "comments_full": ""},
{"original_request_url": "https://m.facebook.com/5779583775493674", "post_url": "https://m.facebook.com/5779583775493674", "post_id": 5779583775493674, "text": "How much can you earn as a Google Senior Data Engineer?\nDO BIG TECH COMPANIES REALLY PAY BETTER?\nhttps://medium.com/p/926986c816a2", "post_text": "How much can you earn as a Google Senior Data Engineer?\nDO BIG TECH COMPANIES REALLY PAY BETTER?\nhttps://medium.com/p/926986c816a2", "time": "2022-12-31 19:31:21", "timestamp": 1672489881, "likes": 2, "reaction_count": 2, "comments_full": ""},
{"original_request_url": "https://m.facebook.com/5785649558220429", "post_url": "https://m.facebook.com/5785649558220429", "post_id": 5785649558220429, "text": "Dạ em đang có một slot học về Data Analyst ở bên MindX cần pass lại ạ ! Mọi người có nhu cầu xin giúp đỡ em với ạ ! Dạ em xin cám ơn rất nhiều ạ !", "post_text": "Dạ em đang có một slot học về Data Analyst ở bên MindX cần pass lại ạ ! Mọi người có nhu cầu xin giúp đỡ em với ạ ! Dạ em xin cám ơn rất nhiều ạ !", "shared_text": "", "time": "2023-01-02 21:52:58", "timestamp": 1672671178, "likes": 0, "reaction_count": 0, "comments_full": ""},
{"original_request_url": "https://m.facebook.com/5813213255464059", "post_url": "https://facebook.com/story.php?story_fbid=548786027191331&id=100065135245615", "post_id": 5813213255464059, "text": "Livestream Talkshow “Bí kíp công phá 25 jobs Data ngành Dữ liệu ngay từ năm 2 Đại học\" - giải đáp tất tần tật các câu hỏi về việc ứng tuyển vào các vị trí trong ngành Dữ liệu.", "post_text": "Livestream Talkshow “Bí kíp công phá 25 jobs Data ngành Dữ liệu ngay từ năm 2 Đại học\" - giải đáp tất tần tật các câu hỏi về việc ứng tuyển vào các vị trí trong ngành Dữ liệu.", "shared_text": "", "time": "2023-01-12 19:16:19", "timestamp": 1673525779, "likes": 0, "reaction_count": 0, "comments_full": ""},
{"original_request_url": "https://m.facebook.com/5811962362255815", "post_url": "https://m.facebook.com/5811962362255815", "post_id": 5811962362255815, "text": "mình lập trình để kết nối mysql với c# nhưng bị lỗi này không chạy được. Xin nhờ mọi người trong nhóm chỉ giúp", "post_text": "mình lập trình để kết nối mysql với c# nhưng bị lỗi này không chạy được. Xin nhờ mọi người trong nhóm chỉ giúp", "shared_text": "", "time": "2023-01-12 08:50:04", "timestamp": 1673488204, "likes": 0, "reaction_count": 0, "comments_full": ""},
{"original_request_url": "https://m.facebook.com/5822326504552734", "post_url": "https://m.facebook.com/5822326504552734", "post_id": 5822326504552734, "text": "Xin chào anh/chị ạ🥰\nAnh chị có thể cho em xin review về chất lượng khoá DA tại ĐH Khoa học tự nhiên được không ạ?\nEm cảm ơn mọi người nhiều ạ🥰", "post_text": "Xin chào anh/chị ạ🥰\nAnh chị có thể cho em xin review về chất lượng khoá DA tại ĐH Khoa học tự nhiên được không ạ?\nEm cảm ơn mọi người nhiều ạ🥰", "shared_text": "", "time": "2023-01-15 18:13:34", "timestamp": 1673781214, "likes": 0, "reaction_count": 0, "comments_full": ""},
{"original_request_url": "https://m.facebook.com/5827882013997183", "post_url": "https://m.facebook.com/5827882013997183", "post_id": 5827882013997183, "text": "Power BI Template\nChia sẻ với mọi người 1 cách design template khá bắt mắt.\nĐây là 1 bài thi của bạn đã đạt giải bên nước ngoài (mình không nhớ credit)\nMọi người có thể đăng ký tài khoản miễn phí để Upload và View các report Power BI tại On Hand BI nhé\n\nLink view report:\nhttps://admin.onhandbi.com/#/user/report/23\nSee translation", "post_text": "Power BI Template\nChia sẻ với mọi người 1 cách design template khá bắt mắt.\nĐây là 1 bài thi của bạn đã đạt giải bên nước ngoài (mình không nhớ credit)\nMọi người có thể đăng ký tài khoản miễn phí để Upload và View các report Power BI tại On Hand BI nhé\n\nLink view report:\nhttps://admin.onhandbi.com/#/user/report/23\nSee translation", "time": "2023-01-17 15:07:15", "timestamp": 1673942835, "likes": 78, "reaction_count": 78, "comments_full": "Dashboard này mà ko interactive để link các từ của popular words qua các chart khác thì xem như tổng thể vô dụng. Nếu chỉ là hình thế này thì viewer phải căng mắt ra tìm màu nào đi với từ nào. Viewer làm biếng cố gắng xem.\nDustin Vo mình no cmt về content\nMình chỉ share vì thấy template dạng 1 page Power BI kiểu này khá lạ và độc đáo\n"},
{"original_request_url": "https://m.facebook.com/5696716873780365", "post_url": "https://m.facebook.com/5696716873780365", "post_id": 5696716873780365, "text": "Hello mấy bác,\nMình ma mới đang học về Xlwings, hiện đang bị đứng vài chỗ, có bác nào rành về mảng này cho mình xin ib với ạ :((", "post_text": "Hello mấy bác,\nMình ma mới đang học về Xlwings, hiện đang bị đứng vài chỗ, có bác nào rành về mảng này cho mình xin ib với ạ :((", "shared_text": "", "time": "2022-12-06 10:21:36", "timestamp": 1670296896, "likes": 0, "reaction_count": 0, "comments_full": ""},
{"original_request_url": "https://m.facebook.com/5830992897019428", "post_url": "https://m.facebook.com/5830992897019428", "post_id": 5830992897019428, "text": "TIKTOK.COM\nHoàng Hải Data on TikTok", "post_text": "", "shared_text": "TIKTOK.COM\nHoàng Hải Data on TikTok", "time": "2023-01-18 16:08:50", "timestamp": 1674032930, "likes": 8, "reaction_count": 8, "comments_full": ""},
{"original_request_url": "https://m.facebook.com/5830850743700310", "post_url": "https://facebook.com/story.php?story_fbid=pfbid0N3Wup2z3iyjdsieG6Q7Meo8ADjCQJHtMQ3mEgPhRjvRLGh7EatdjHtqnEY6qxgbPl&id=100088176925549", "post_id": 5830850743700310, "text": "Học SQL qua thử thách\n\nMình cập nhật số 22 nhé !\n\nLearning SQL through challenges\n\nI update number 22!\n\nHoàng Hải Data\n17 January at 20:11 ·\n\n𝐒𝐐𝐋 𝐇𝐚𝐜𝐤𝐞𝐫𝐑𝐚𝐧𝐤 𝐂𝐡𝐚𝐥𝐥𝐞𝐧𝐠𝐞𝐬 #𝟐𝟐 - 𝐓𝐡𝐞 𝐏𝐀𝐃𝐒 (𝐏𝐫𝐨𝐟𝐞𝐬𝐬𝐨𝐫, 𝐀𝐜𝐭𝐨𝐫, 𝐃𝐨𝐜𝐭𝐨𝐫, 𝐒𝐢𝐧𝐠𝐞𝐫)\n\n📖 Video hướng dẫn: https://www.youtube.com/watch?v=UetTGuSj0ro\n\nYêu cầu 1: Viết câu truy vấn lấy chuỗi kết hợp tên và kí tự viết tắt của nghề nghiệp theo thứ tự alphabet trong bảng Occupations. Chuỗi lấy ra có format sau = tên + (kí tự đầu tiên viết tắt cho nghề nghiệp)\n\n📖 Có 4 nghề nghiệp: Doctor, Professor, Singer, Actor. Bảng dữ liệu gồm cột Name, và cột Occupation.\n\nYêu cầu 2: Đếm số người của mỗi loại nghề nghiệp. Sắp xếp theo chiều tăng dần. Kết quả trả về theo format sau.\n\nThere are a total of [count] (số lượng) [occupation]s (nghề nghiệp ở dạng số nhiều)\n\n📖 Các hàm và câu lệnh SQL sử dụng:\n\n- CONCAT(), LEFT(), LOWER()\n\n- COUNT() + GROUP BY + ORDER BY\n\n#GROUPBY #count #orderby #concat #left #lower\n\n📌Tham gia group để học tập SQL hiệu quả: https://www.facebook.com/groups/congdongsqlvietnam/\n\n#SQL #sqlvietnam #hoanghaidata #kpim", "post_text": "Học SQL qua thử thách\n\nMình cập nhật số 22 nhé !\n\nLearning SQL through challenges\n\nI update number 22!", "shared_text": "Hoàng Hải Data\n17 January at 20:11 ·\n\n𝐒𝐐𝐋 𝐇𝐚𝐜𝐤𝐞𝐫𝐑𝐚𝐧𝐤 𝐂𝐡𝐚𝐥𝐥𝐞𝐧𝐠𝐞𝐬 #𝟐𝟐 - 𝐓𝐡𝐞 𝐏𝐀𝐃𝐒 (𝐏𝐫𝐨𝐟𝐞𝐬𝐬𝐨𝐫, 𝐀𝐜𝐭𝐨𝐫, 𝐃𝐨𝐜𝐭𝐨𝐫, 𝐒𝐢𝐧𝐠𝐞𝐫)\n\n📖 Video hướng dẫn: https://www.youtube.com/watch?v=UetTGuSj0ro\n\nYêu cầu 1: Viết câu truy vấn lấy chuỗi kết hợp tên và kí tự viết tắt của nghề nghiệp theo thứ tự alphabet trong bảng Occupations. Chuỗi lấy ra có format sau = tên + (kí tự đầu tiên viết tắt cho nghề nghiệp)\n\n📖 Có 4 nghề nghiệp: Doctor, Professor, Singer, Actor. Bảng dữ liệu gồm cột Name, và cột Occupation.\n\nYêu cầu 2: Đếm số người của mỗi loại nghề nghiệp. Sắp xếp theo chiều tăng dần. Kết quả trả về theo format sau.\n\nThere are a total of [count] (số lượng) [occupation]s (nghề nghiệp ở dạng số nhiều)\n\n📖 Các hàm và câu lệnh SQL sử dụng:\n\n- CONCAT(), LEFT(), LOWER()\n\n- COUNT() + GROUP BY + ORDER BY\n\n#GROUPBY #count #orderby #concat #left #lower\n\n📌Tham gia group để học tập SQL hiệu quả: https://www.facebook.com/groups/congdongsqlvietnam/\n\n#SQL #sqlvietnam #hoanghaidata #kpim", "time": "2023-01-18 14:51:11", "timestamp": 1674028271, "likes": 12, "reaction_count": 12, "comments_full": ""},
{"original_request_url": "https://m.facebook.com/5781127052006013", "post_url": "https://m.facebook.com/5781127052006013", "post_id": 5781127052006013, "text": "Happy New Year 2023!!! Tuyển dụng và quảng cáo tháng 1: các bạn lưu ý giúp nhé, tất cả các bài viết tuyển dụng và các hình thức quảng cáo bao gồm quảng cáo lớp học (ngoại trừ các bài được sponsor) thì phải được đăng bằng cách comment dưới post này. Thành viên vi phạm sẽ sẽ được mời ra khỏi group. Mong các bạn chú ý. Lưu ý: các bạn khi đăng bài nên thêm hashtag để dễ tìm và lọc, ví dụ: #bigdata #computervision #machinelearning #tuyendung #lophoc\nSee translation", "post_text": "Happy New Year 2023!!! Tuyển dụng và quảng cáo tháng 1: các bạn lưu ý giúp nhé, tất cả các bài viết tuyển dụng và các hình thức quảng cáo bao gồm quảng cáo lớp học (ngoại trừ các bài được sponsor) thì phải được đăng bằng cách comment dưới post này. Thành viên vi phạm sẽ sẽ được mời ra khỏi group. Mong các bạn chú ý. Lưu ý: các bạn khi đăng bài nên thêm hashtag để dễ tìm và lọc, ví dụ: #bigdata #computervision #machinelearning #tuyendung #lophoc\nSee translation", "time": "2023-01-01 06:31:41", "timestamp": 1672529501, "likes": 18, "reaction_count": 18, "comments_full": "GHN-HCM Tuyển Data Engineer. YOE 4 năm. Range: upto 2500$ #tuyendung\n[Hà Nội & Đà Nẵng] - Gear Inc Tuyển Dụng\n\n👉 Workforce Management Analyst\n👉 MIS Data Analyst\n👉 Real-time Analyst\n\nYêu cầu chung:\n⁣　　✅ Có tư duy logic, khả năng phân tích và tổng hợp dữ liệu tốt\n⁣　　✅ Có từ 1 năm kinh nghiệm ở vị trí liên quan\n⁣　　✅ Có kinh nghiệm ở lĩnh vực BPO\n⁣　　✅ Thành thạo trong việc sử dụng Google Spreadsheet, Excel\n⁣　　✅ Tiếng Anh tốt (nói và viết)\nĐịa điểm làm việc: Hai Bà Trưng, Hà Nội / Thanh Khê, Đà Nẵng\n+ Workforce Management Analyst\nhttps://\nwww.careers-page\n.com/\ngear-inc-2/job/\nQX69VVWY\n+ MIS Data Analyst\nhttps://\nwww.careers-page\n.com/\ngear-inc-2/job/\nL4VR99W7\n+ Real-time Analyst\nhttps://\nwww.careers-page\n.com/\ngear-inc-2/job/\nL74X8833\n\nNhanh tay gửi CV về hòm thư jobs@gearinc.co\nm để trở thành một Gear-er nhé!\n#dataanalyst #tuyendung\n𝐃𝐈𝐀𝐆 𝐂𝐀𝐑𝐄𝐄𝐑𝐒 | #Diag is looking for Tech positions:\n\n𝐅𝐫𝐨𝐧𝐭𝐄𝐧𝐝 𝐋𝐞𝐚𝐝 (2.5k-3.0k USD gross + attractive KPI bonus)\n𝐒𝐞𝐧𝐢𝐨𝐫 𝐏𝐇𝐏 𝐃𝐞𝐯𝐞𝐥𝐨𝐩𝐞𝐫 (1.8k-2.5k USD gross + attractive KPI bonus)\n𝐒𝐞𝐧𝐢𝐨𝐫 𝐅𝐫𝐨𝐧𝐭𝐞𝐧𝐝 𝐃𝐞𝐯𝐞𝐥𝐨𝐩𝐞𝐫 (1.8k-2.5k USD gross + attractive KPI bonus)\n𝐏𝐲𝐭𝐡𝐨𝐧 𝐄𝐧𝐠𝐢𝐧𝐞𝐞𝐫 (1.8k-2.5k USD gross + attractive KPI bonus)\n\nShout out to all #Tech talented candidates who #opentowork and would love to start a new interesting journey, #Diag is welcoming you to take this opportunity!.\n\n📍 𝐖𝐎𝐑𝐊𝐈𝐍𝐆 𝐏𝐋𝐀𝐂𝐄: 414-420 Cao Thang Street, Ward 12, District 10, Ho Chi Minh City, Vietnam (hybrid condition)\n\n👉 If you are interested any position, do not hesitate to apply by sending your updated resume to Mr. Phuc via email 𝐏𝐡𝐮𝐜.𝐂𝐡𝐮𝐧𝐠@𝐝𝐢𝐚𝐠\n.𝐯𝐧 by 𝐉𝐚𝐧𝐮𝐚𝐫𝐲 𝟑𝟏𝐬𝐭 𝟐𝟎𝟐𝟑 for the next step.\n\nThank you and have a productive working week!\n\n#Diag #diaglaboratorie\ns #hcm #opportunity #opentowork #job #hcm\n\n#softwaredevelop\ner #webdeveloper #softwareenginee\nring #vuejs #vuejsdeveloper #javadeveloper #javascript #webpack #jsframework #frontenddevelop\ner #frontendjobs #userexperience #userinterface #reactjs #coding #technicallead #fullstackdevelo\nper #frontendlead #frontendsenior #technicalarchi\ntect\n\n#php #phpdevelopers #phpjobs #phpwebdevelopm\nent #phpprogramming\n\n#python #pythondevelope\nr #pythonjobs #pythonprogramm\ning #pythondevelope\nr #pythonprogramm\ninglanguage\n\n#techjob #sharejob #IT #techjob #techhiring #tech #techjobs #techcareers #techcompany\n"},
{"original_request_url": "https://m.facebook.com/5685805974871455", "post_url": "https://m.facebook.com/5685805974871455", "post_id": 5685805974871455, "text": "Mức lương trung vị theo vị trí và khoảng năm kinh nghiệm. Theo đó, 1 Business Analyst:\nBắt đầu ngay sự nghiệp BA của bạn tại đây: https://forms.gle/FmiRFRGc4zv1PGML6\n< 1 năm kinh nghiệm sẽ có mức lương khoảng 12.500.000 vnđ\nTừ 1-3 năm kinh nghiệm sẽ ở mức 28.000.000 vnđ;\nTừ 3-5 năm kinh nghiệm: 33.000.000 vnđ\nTừ 5-8 năm kinh nghiệm: 39.000.000 vnđ\nYêu cầu về nhân sự trong ngành Business analytics không đòi hỏi bạn phải là người trong ngành IT hay trong ngành kinh tế. Tuy nhiên để trở thành BA có trình độ cao thì bạn cần phải chuẩn bị cho mình những tố chất cần thiết.\nBắt đầu ngay sự nghiệp BA của bạn tại đây: https://forms.gle/FmiRFRGc4zv1PGML6\nTheo: ITviec\nSee translation", "post_text": "Mức lương trung vị theo vị trí và khoảng năm kinh nghiệm. Theo đó, 1 Business Analyst:\nBắt đầu ngay sự nghiệp BA của bạn tại đây: https://forms.gle/FmiRFRGc4zv1PGML6\n< 1 năm kinh nghiệm sẽ có mức lương khoảng 12.500.000 vnđ\nTừ 1-3 năm kinh nghiệm sẽ ở mức 28.000.000 vnđ;\nTừ 3-5 năm kinh nghiệm: 33.000.000 vnđ\nTừ 5-8 năm kinh nghiệm: 39.000.000 vnđ\nYêu cầu về nhân sự trong ngành Business analytics không đòi hỏi bạn phải là người trong ngành IT hay trong ngành kinh tế. Tuy nhiên để trở thành BA có trình độ cao thì bạn cần phải chuẩn bị cho mình những tố chất cần thiết.\nBắt đầu ngay sự nghiệp BA của bạn tại đây: https://forms.gle/FmiRFRGc4zv1PGML6\nTheo: ITviec\nSee translation", "time": "2022-12-02 10:01:25", "timestamp": 1669950085, "likes": 176, "reaction_count": 176, "comments_full": "thật mức lương của BA cao như này ạ? Thật không hay lại lên facebook mà nhận lương đó anh em?\nThanh Phùng cái này là người ta làm khảo sát nên số liệu chắc cũng chỉ ở mức tham khảo thôi\nThanh Phùng BA nó bao gồm cả mảng của IT và doanh nghiệp, đối với BA của bên IT thì thường đi làm 3-4 năm mới chuyển sang BA nên lúc này mức lương tầm 20-30tr/tháng, còn nếu như bên mảng doanh nghiệp thì BA mới ra trường tầm 8-10tr/tháng hoặc thấp hơn chút thôi. sau làm 2-3 năm mới có mức 15-20 triệu.\nThanh Phùng PO, PM và BA có 3 range lương hoàn toàn khác nhau. BA thường thấp nhất, mới tới PM rồi tới PO\nThanh Phùng BA gì mà lương cao vậy.\nNếu làm BA và mạnh kỹ năng chuyên môn (domain) thì có thể scale lên PM/PO để có mức lương tốt hơn rất nhiều nhé. Như hình là có chứ ko phải vô lý\nfullstack sao lương thấp hơn backend, backend sao thấp hơn FE vậy ad?\nTrinh Ngọc fullstack chỉ phù hợp dự án nhỏ, mấy cty lớn hay dự án lớn ko ai dùng những người này, mà tách ra 2 vị trí backend và frontend để đúng với chất lượng và tầm vóc dự án\nNguyen Duy Phong vâng vậy nếu chọn backend thì theo Java sẽ ổn hơn javascript anh nhỉ. Em đang muốn theo backend\nTrinh Ngọc uhm java, c# nó hợp với junior hơn, nhưng ngôn ngữ chỉ là công cụ quan trọng là kiến thức nền tảng, hiểu cái đó thì .net nodejs java … thì ok hết\nNguyen Duy Phong vâng mà Java thường dùng cho dự án lớn, nodejs thường cho dự án nhỏ/start up nên lâu dài lương java sẽ cao hơn node. Em nghĩ vậy đúng ko anh\nTrinh Ngọc hên xuôi em ơi, thị trường quyết định hết, tuỳ business/ tài chính công ty, ngôn ngữ ko quyết định lương cao hay thấp, nhưng điều chắc chắn là lương tỉ lệ thuận với kiến thức và kinh nghiệm\nNguyen Duy Phong vâng em cảm ơn\nVượt qua ngưỡng 1 năm thì lương sẽ rất cao nhưng sau đó k tăng gì mấy nữa... 33 lên 39 triệu chỉ tăng 20% trong khi 12tr lên 28tr thì tăng 130%\nFull stack cũng không bằng FE. Nhạ Hoàng bỏ đi mà làm vua của mọi nghề giống Hoàng Nguyễn em nhé.\nHung Khanh Phung :))anh nói thế em lương có bằng anh vs a Nhạ đâu\nHoàng Nguyễn nhưng chú lại dùng macbook pro, Apple watch, airpod pro. Chú deal lương lên 70 củ đi cho giống bài viết này 😁\nHung Khanh Phung vay để mua thôi\nCó gì đó sai sai ... sao full stack dev lương thấp hơn front-end dev (39 vs. 70)\nNhat Tan Tran mấy cty lớn hay dự án lớn ko ai dùng những người này, mà tách ra 2 vị trí backend và frontend để đúng với chất lượng và tầm vóc dự án\nNguyen Duy Phong Vâng, cứ cho là vậy thì lương front-end cao hơn backend cơ à?\nNhat Tan Tran uhm frontend làm cực hơn backend, mấy kĩ thuật backend thường có pattern chung,\ncòn frontend mỗi thứ một kiểu có thể kim luôn UI UX design …\nmình làm đc cả full stack dev và mobile dev mà lương mình là BE Developer :))\nLinh Mýt Hoàng nghỉ làm lun a\nĐức Nguyễn nghỉ đi cf If hẻ\nlương này là lương UPTO của các HR à =)))\nHuy Dương bỏ AI đi mà làm FE, vua của mọi nghề :))))))\nPhạm Hồng Quân chắc phải vậy thôi 😞\nKhảo sát bao nhiêu người và tại địa điểm nào thế nhỉ? Làm data mà lại thiếu hai dữ kiện đó ư?\nKhoa Tran ghi nguồn itviec kìa bạn, này share thôi, bạn cần thêm thông tin thì vào trang đó xem thử\nBÊN MÌNH KHAI GIẢNG KHÓA HỌC BUSINESS ANALYSIS VỚI 5 MÔN HỌC :\n• Môn 1: Giới thiệu về Phân tích nghiệp vụ phần mềm\n• Môn 2: Phân tích chiến lược và làm rõ vấn đề\n• Môn 3: Thấu hiểu và khơi gợi yêu cầu\n• Môn 4: Mô hình hóa yêu cầu và xây dựng tài liệu\n• Môn 5: Đồ án cuối khóa - Thực tập doanh nghiệp\nHình thức: Học trực tuyến Thời gian: 30 tuần Đảm bảo 100% việc làm: tại HN, ĐN, HCM với mức lương 12 - 16 triệu đồng, sẽ có lộ trình việc làm khi các bạn kết thúc 4 môn đầu và bắt đầu với môn thứ 5. Quan tâm ib mình gửi chi tiết :\nhttps://\ndocs.google.com/\nforms/d/e/\n1FAIpQLSdGU4Ljv7\ngUHHHs6zd0e75kR\nnJFrUp1_UUsuI24\nCBkN7s_9Qg/\nviewform\nBA mà 5-8 năm thì lên PM hoặc PMO rồi, đâu ra mức này nữa\nDevOps không có mức lương dưới 1 năm kinh nghiệm. Đâu cũng tuyển trên 1 năm kinh nghiệm mà không ai nhận Fresher thì lấy nhân sự có kinh nghiệm ở đâu ra\ndata lương ảo đăng ở các trang tuyển dụng để thu hút ứng viên chứ mấy khi lương đúng như bài tuyển dụng\nBánh vẽ trên giấy thì ai cũng làm được, còn thực tế người có năng lực thực sự thì khan hiếm, hão thì nhiều, tràn lan\nBỏ đi mà làm người, láo nó quen\nMinh Ngọc Vũ ngọc giỏi thế\nMình mất 1 năm để nhẩy từ 0 lên 5 năm =)))\nLương Khôi Nguyên front-end vua cua moi nghe\n🔥 Đăng ký tham gia ngay Free Webinar: Roadmap to become a Business Analyst để có cơ hội:\n- Nắm rõ lộ trình học tập và lộ trình thăng tiến của 1 BA\n- Chia sẻ về công việc thực tế của 1 BA và các công cụ sử dụng\n- Phân tích thị trường nhân lực BA để thấy được “sức nóng” của ngành\n- Nhận thư giới thiệu việc làm tới các công ty, tập đoàn đối tác của MCI\n\nLink đăng ký: https://\nforms.gle/\ngJT5ph9yH3CYRFiU\n8\nNguyen Ba Phuc tham khảo\nHằng Cáo học đi\nCái quần gì mà Product Owner trên 8 năm lương bèo hơn QA ?\nđệch quả range lương ez như này thì lại bảo k vua của mọi nghề đi :))\nThao Phuong Pham Thy\nMinh Le van Trong\nHoàng Minh Nguyễn Hoang My Lan Nguyen\nSơn Việt\nKhải\nGiờ muốn đi học từ đầu được không ạ :v\ncười ỉa với cái ảnh =))))\nFE is kinh\n"},
{"original_request_url": "https://m.facebook.com/5777440195708032", "post_url": "https://m.facebook.com/5777440195708032", "post_id": 5777440195708032, "text": "Trắc nghiệm giúp bạn tìm ra hướng đi bắt đầu để trở thành một Data Analyst [CHIA SẺ khóa học SQL chất lượng nhất miễn phí]\n\n\nLINK TRẮC NGHIỆM VÀ NHẬN KHOÁ HỌC SQL CHẤT LƯỢNG NHẤT MIỄN PHÍ: HTTPS://FORMS.GLE/TTZYBYO8UMTWCFWE9\n\n\nMuốn trở thành một Data Analyst (DA), NHƯNG:\n😭 Không có đơn vị đào tạo \"chính quy\" tại Việt Nam?\n😭 Chưa biết bắt đầu từ đâu do có quá nhiều nguồn tài liệu trên mạng Internet.\n😭 Mất bao nhiêu thời gian để trở thành một DA?\n\n\nBạn sẽ thấy được lộ trình RÕ RÀNG để trở thành một DA một cách NHANH nhất và CHẤT LƯỢNG nhất ngay sau khi hoàn thành bài trắc nghiệm miễn phí bên dưới. Qua đó, bạn hoàn toàn có thể hiện thực hoá mong muốn trở thành một DA trong thời gian sớm nhất.\n\n\nBên cạnh đó, mình xin dành tặng những phần quà MIỄN PHÍ dành cho các bạn tham gia bài trắc nghiệm:\n\n\n🎁 1 E-book A Beginner’s Guide to Data & Analytics của Đại học Harvard Business School: Đây là bộ sách cho bạn thấy được đầy đủ nhất về dữ liệu. Bộ sách này sẽ giúp bạn \"đặt 1 chân\" vào ngành dữ liệu.\n\n\n🎁 1 E-book Practical Data Analytics: Bộ sách giúp bạn nắm được toàn bộ công việc bạn sẽ làm khi là một DA.\n\n\n🎁 ĐẶC BIỆT, mình xin dành tặng các bạn một khoá học SQL (Structured Query Language - Ngôn ngữ truy vấn dữ liệu mang tính cấu trúc) MIỄN PHÍ: Một công cụ KHÔNG THỂ THIẾU khi bạn là một DA. Đây là khoá học mình đánh giá là chất lượng nhất, vì:\n👍Giáo án được thiết kế từ cơ bản đến nâng cao.\n👍Nội dung bám sát vào thực tế công việc của Data Analyst: Subqueries, tables, data cleaning, ....\n\n\nChúng ta bắt đầu ngay nhé! Let's get started!\nP.s: Đừng quên nhập email để nhận quà bạn nhé!\nSee translation", "post_text": "Trắc nghiệm giúp bạn tìm ra hướng đi bắt đầu để trở thành một Data Analyst [CHIA SẺ khóa học SQL chất lượng nhất miễn phí]\n\n\nLINK TRẮC NGHIỆM VÀ NHẬN KHOÁ HỌC SQL CHẤT LƯỢNG NHẤT MIỄN PHÍ: HTTPS://FORMS.GLE/TTZYBYO8UMTWCFWE9\n\n\nMuốn trở thành một Data Analyst (DA), NHƯNG:\n😭 Không có đơn vị đào tạo \"chính quy\" tại Việt Nam?\n😭 Chưa biết bắt đầu từ đâu do có quá nhiều nguồn tài liệu trên mạng Internet.\n😭 Mất bao nhiêu thời gian để trở thành một DA?\n\n\nBạn sẽ thấy được lộ trình RÕ RÀNG để trở thành một DA một cách NHANH nhất và CHẤT LƯỢNG nhất ngay sau khi hoàn thành bài trắc nghiệm miễn phí bên dưới. Qua đó, bạn hoàn toàn có thể hiện thực hoá mong muốn trở thành một DA trong thời gian sớm nhất.\n\n\nBên cạnh đó, mình xin dành tặng những phần quà MIỄN PHÍ dành cho các bạn tham gia bài trắc nghiệm:\n\n\n🎁 1 E-book A Beginner’s Guide to Data & Analytics của Đại học Harvard Business School: Đây là bộ sách cho bạn thấy được đầy đủ nhất về dữ liệu. Bộ sách này sẽ giúp bạn \"đặt 1 chân\" vào ngành dữ liệu.\n\n\n🎁 1 E-book Practical Data Analytics: Bộ sách giúp bạn nắm được toàn bộ công việc bạn sẽ làm khi là một DA.\n\n\n🎁 ĐẶC BIỆT, mình xin dành tặng các bạn một khoá học SQL (Structured Query Language - Ngôn ngữ truy vấn dữ liệu mang tính cấu trúc) MIỄN PHÍ: Một công cụ KHÔNG THỂ THIẾU khi bạn là một DA. Đây là khoá học mình đánh giá là chất lượng nhất, vì:\n👍Giáo án được thiết kế từ cơ bản đến nâng cao.\n👍Nội dung bám sát vào thực tế công việc của Data Analyst: Subqueries, tables, data cleaning, ....\n\n\nChúng ta bắt đầu ngay nhé! Let's get started!\nP.s: Đừng quên nhập email để nhận quà bạn nhé!\nSee translation", "time": "2022-12-30 23:26:55", "timestamp": 1672417615, "likes": 9, "reaction_count": 9, "comments_full": "Mình để link khảo sát nhé: https://\ndocs.google.com/\nforms/d/e/\n1FAIpQLSfs4eQ8Yr\n7ofFfq1V0xq__X2\n4eMHyZB4wmrvj8R\naL8_c9E8Qg/\nviewform\nLê Chương e đã điền form và đang hóng không biết khi nào mới có ebook ạ\nNguyễn Dương mình có gửi email đến email bạn thực hiện điền form rồi. Bạn check giúp mình nhé. Cảm ơn bạn nhiều\n"},
{"original_request_url": "https://m.facebook.com/5742840599167992", "post_url": "https://m.facebook.com/5742840599167992", "post_id": 5742840599167992, "text": "Cám ơn Admin Quang Hieu Vu đã hỗ trợ em\n🔥KÍCH HOẠT COURSERA PREMIUM VĨNH VIỄN🔥\nHọc hơn 6000 khóa học trên COURSERA: Google Project, Data Science, Data Analyst, Python, AI, Machine learning, Java, C C++ ....\nKích hoạt chính chủ trên email của mình\nKhóa học mới được cập nhật liên tục\nBảo hành, hỗ trợ trong suốt quá trình sử dụng\nAnh/Chị quan tâm ib em để được tư vấn kỹ hơn ạ !!!\nSee translation", "post_text": "Cám ơn Admin Quang Hieu Vu đã hỗ trợ em\n🔥KÍCH HOẠT COURSERA PREMIUM VĨNH VIỄN🔥\nHọc hơn 6000 khóa học trên COURSERA: Google Project, Data Science, Data Analyst, Python, AI, Machine learning, Java, C C++ ....\nKích hoạt chính chủ trên email của mình\nKhóa học mới được cập nhật liên tục\nBảo hành, hỗ trợ trong suốt quá trình sử dụng\nAnh/Chị quan tâm ib em để được tư vấn kỹ hơn ạ !!!\nSee translation", "time": "2022-12-18 17:50:04", "timestamp": 1671360604, "likes": 143, "reaction_count": 143, "comments_full": "inbx m với ạ\nĐ'Hướng Vũ Cám ơn anh quan tâm. Anh check inbox chờ hoặc spam em tư vấn mình ạ\nĐ'Hướng Vũ ib 😂\nNguyễn Văn Đạt okie Dhhh\nmình quan tâm\nToan Nhu Cám ơn anh quan tâm. Anh check inbox chờ hoặc spam e tư vấn ạ\nMình xin ít thông tin\nĐỗ Hoàng Nam Vâng cám ơn anh quan tâm. Anh check inbox chờ hoặc spam em tư vấn ạ\nmình quan tâm\nNam Do Cám ơn anh quan tâm. Anh check inbox chờ hoặc spam em tư vấn ạ\nquan tâm\nHoàng Thuyên Vâng anh quan tâm check inbox chờ em tư vấn mình nhé\nMình quan tâm\nTrần Đức Thuận Cám ơn anh quan tâm. Anh check inbox chờ hoặc spam em tư vấn ạ\nib mình\nHoàng Ngọc Linh Cám ơn chị quan tâm ạ. Chị check inbox chờ hoặc spam em tư vấn mình nhé\nQuan tâm ạ\nHien Nguyen Cám ơn chị quan tâm. Chị check inbox chờ em gửi c thông tin ạ\nquan tâm ạ\nĐặng Hùng Vương Vâng, cám ơn anh quan tâm. Anh check inbox chờ hoặc spam em tư vấn mình nhé\nTư vấn mình với nhé\nNguyen Nam Hai Cám ơn anh quan tâm ạ. Anh check ib em tư vấn mình nhé\nquan tâm\nNguyễn Tuấn Duy Cám ơn anh quan tâm. Anh check inbox chờ em gửi thông tin cho mình ạ.\nib\nVan Minh Nguyen Cám ơn anh quan tâm. Anh check inbox chờ hoặc spam em tư vấn mình ạ\nmình quan tâm\nNguyen CT vâng, cám ơn anh quan tâm. Anh check inbox chờ e gửi thông tin ạ\nmình quan tâm\nDat Ng Cám ơn anh quan tâm. Anh check inbox chờ em gửi a thông tin nhé\nMình quan tâm\nVũ Đức Chung Cám ơn anh quan tâm. Anh check inbox chờ hoặc spam e tư vấn mình nhé\nMình xin\nPhúc Vâng a quan tâm check inbox chờ e gửi a thông tin ạ\nIb\nDe NguyenCám ơn anh quan tâm. Anh chẹc ib chờ e gửi thông tin nhé\nIb nhé b\nNguyễn Mạnh Linh Cám ơn anh quan tâm. Anh check inbox chờ hoặc spam em tư vấn ạ\nIb mình với nhé\nMai Nguyen Vâng, cám ơn chị quan tâm. Chị check inbox chờ hoặc spam em tư vấn nhé\nQuan tâm\nHuy Nguyễn Cám ơn anh quan tâm. Anh check inbox chờ em gửi a thông tin ạ\nquan tâm\nBảo Long Cám ơn anh quan tâm. Anh check inbox chờ hoặc spam em tư vấn ạ\nQuan tâm\nGia Duy Cám ơn anh quan tâm ạ. Anh check tin nhắn em tư vấn nhé\nHi ban, ban co the ib minh them it thong tin khong :D\nHòa Nguyễn Em cám ơn, Anh check inbox chờ em gửi a thông tin ạ\nmình xin thông tin\nDuong Thuy Cám ơn chị quan tâm. Chị check inbox chờ hoặc spam em tư vấn ạ\nInbox mình\nLã Quang Hưng Cám ơn anh quan tâm. Anh check inbox chờ hoặc spam em tư vấn mình ạ.\nCho mình thông tin nha bạn\nHan Vy Nguyen Vâng, cám ơn anh quan tâm. Anh check ib chờ em gửi a thông tin chi tiết ạ.\nIb mình nhé\nDuong Minh Tam Cám ơn anh quan tâm. Anh check inbox chờ hoặc spam em tư vấn mình ạ.\nXin thông tin\nTrình LK Cám ơn anh quan tâm. Anh check inbox chờ hoặc spam e gửi thông tin ạ\nQuan tâm\nIb\nMạnh Hưng Cám ơn anh quan tâm. Anh check inbox chờ hoặc spam em tư vấn ạ\nMình quan tâm\nBùi Duyên Cám ơn anh quan tâm. Anh check inbox chờ hoặc spam em tư vấn mình ạ\ninbox với ạ\nNhật Lê Cám ơn anh quan tâm. Anh check inbox chờ hoặc spam em gửi a thông tin ạ\nQuan tâm ạ\nTrịnh Linh Chi Cám ơn chị quan tâm. Chị check ib chờ hoặc spam e tư vấn mình ạ\nmình xin thông tin ạ\nTrần Thanh Tùng Cám ơn anh quan tâm. A check ib chờ em gửi thông tin ạ\nMình xin giá và chính sách nhen\nGia Bảo Cám ơn anh quan tâm. Anh check inbox chờ hoặc spam em tư vấn mình ạ\nQuan tâm\nDương Trọng Cám ơn anh quan tâm. Anh check inbox chờ hoặc spam em tư vấn mình ạ ?\nIb\nHa Nguyen Khac Hoang Cám ơn anh quan tâm. Anh check inbox chờ hoặc spam e tư vấn nhé\nMình xin thông tin ạ\nNguyễn Ngọc KhánhCám ơn anh quan tâm. Anh check inbox chờ hoặc soam e tư vấn ạ.\nB ơi ib mình nhé\nLam Thanh Vâng, anh quan tâm check inbox chờ hoặc spam e gửi a thông tin ạ\nMình quan tâm ạ\nMinami Nguyen Cám ơn anh quan tâm. Anh check ib chờ em gửi a thông tin ạ\nquan tâm\nTrần Tùng Cám ơn anh quan tâm. Anh check inbox chờ hoặc spam e tư vấn mình ạ.\nmình quan tâm\nLe Hung Cám ơn anh quan tâm. Anh check inbox chờ hoặc spam em tư vấn ạ\nib mình nhé\nTín Acoustic Cám ơn anh quan tâm. Anh check inbox chờ hoặc spam em tư vấn ạ\nIb ạ\nQuynh Xuan Cám ơn chị quan tâm ạ. Chị check inbox chờ hoặc spam em tư vấn ạ\nCho mình xin thông tin nhé. Cảm ơn bạn\nDương Thành Đạt Cám ơn anh quan tâm. Anh check inbox chờ hoặc spam e tư vấn mình ạ\nmình xin thông tin nhé\nTony Ng Cám ơn anh quan tâm. Anh check inbox chờ hoặc spam em gửi thông tin ạ\nquan tâm nha bạn Phương Thúy\nStephen Chow Cám ơn anh quan tâm. Anh check tin nhắn chờ em gửi thông tin ạ\nQuan tâm ạ\nNguyễn Đạt Vâng, cám ơn a quan tâm. Anh check inbox chờ hoặc spam em gửi thông tin ạ\nminh xin tt\nVõ Lê Tứ Cám ơn anh quan tâm. Anh check inbox chờ em gửi thông tin ạ\nib mình vơus nhe\nNhat Duy Cám ơn anh quan tâm. Anh check inbox chờ hoặc spam em gửi thông tin ạ\nMình quan tâm nha\nThang Nguyen Cám ơn anh quan tâm. Anh check inbox chờ em gửi a thông tin nhé.\nib\nHuỳnh Việt CườngCám ơn anh quan tâm. Anh checknib em gửi thông tin ạ\nquan tâm\nKeisha Nguyen Cám ơn anh quan tâm. Anh check inbox chờ em gửi thông tin ạ\nChị cho em xin thông tin ạ\nNhoc Nguyen Chị quan tâm check inbox chờ em gửi c thông tin ạ\nib mình thông tin\nDolce Thành Anh check inbox chờ em gửi thông tin ạ\nQuan tâm.\nTrong Ly Van Anh check ib em tư vấn\nAnh quan tâm\nLê Quốc Vâng, anh quan tâm check inbox chờ em gửi a thôn tin ạ.\nqt ạ\nVũ Hoàng Diệu Cám ơn anh quan tâm. Anh check ib chờ em gửi thông tin cho mình ạ ?\nEm xin thong tin\nLê Phượng Chị quan tâm check inbox chờ em gửi thông tin ạ\nIb\nCao Dũng Cám ơn anh quan tâm ạ. Anh check ib chờ/spam em gửi thông tin cho mình nhé\nLà lào?\nThanh Cám ơn anh quan tâm. Anh check inbox chờ hoặc spam e gửi thông tin ạ\nCó udemy kh ạ\nNguyễn Huy Cám ơn anh quan tâm. Anh check inbox chờ em tư vấn ạ\nCho mình xin thông tin nhé\nHoàng Lê Hải Thanh xong thay share cho em luon nha thay\nHồ Bảo Quốc nhanh thế 👀\nHoàng Lê Hải Thanh share cho em nữa thầy ơi\nTam Bang tụi bay vô comment xong chủ post chê k inbox\nMình quan tâm ạ\nThai Hoang Khang Cám ơn anh quan tâm. Anh check inbox chờ hoặc spam em gửi a thông tin ạ\ntư vấn giúp em với ạ\nRosie NguyenVâng anh quan tâm check inbox chờ em gửi thông tin ạ.\ninbox mình nhé\nVinh Chau Cám ơn anh quan tâm. Anh check inbox chờ hoặc spam em gửi thông tin ạ\nCho minh xin thong tin nhe..Cam on ban nhieu\nIb mình nha\nKiều Tiến Đạt Cám ơn anh quan tâm. Anh check inbox chờ hoặc spam em tư vấn ạ\nib thông tin cho mình !\nMinh Thanh Vo Vâng, Anh check inbox chờ hoặc spam em gửi a thông tin ạ\nQuan tâm ạ\nQuan tâm\nNgoc Vu Cám ơn anh quan tâm. Anh check inbox chờ hoặc spam em gửi a thông tin chi tiết ạ\nNgoc Vu Cám ơn anh quan tâm. Anh check inbox chờ hoặc spam em tư vấn mình ạ\nib\ninbox anh thông tin cảm ơn\nNeo Nguyen vâng, cám ơn anh quan tâm. Anh check inbox chờ hoặc spam em tư vấn ạ\nquan tam ạ\nNguyễn Hồng Tố Nguyên Cám ơn chị quan tâm. chị check inbox chờ hoặc spam em tư vấn ạ\nib\nNguyễn Ngọc Trọng Cám ơn anh quan tâm. Anh check inbox chờ em gửi a thông tin ạ\nNguyễn Ngọc Trọng Cám ơn anh quan tâm ạ. Anh check ib chờ em gửi thông tin ạ\nquan tâm\nMinh Quang Cám ơn anh quan tâm. Anh check inbox chờ hoặc spam em gửi a thông tin ạ\nIb mình với\nInb minh nhe\nTư vấn thêm giúp chị nhé. Thanks em\nTư vấn mình thông tin nhé\nĐăng Bùi Hải Vâng anh quan tâm check inbox chờ hoặc spam em gửi a thông tin ạ\nQuan tâm\nQuan tâm\nem quan tâm ạ\nInbox mình b nhé\nIb\nMình quan tâm\nXin tt ạ\nInbox m với ạ\nDang Cao Man Vâng, cám ơn anh quan tâm. Anh check inbox chờ hoặc spam em tư vấn mình ạ\nQt ạ\nMình quan tâm, inbox giúp mình nhé\nThái Huỳnh Anh quan tâm check inbox chờ hoặc spam e gửi thông tin ạ\nInb\ninb ạ\nNgọc Tin Dạ vâng, Anh check inbox chờ hoặc spam em tư vấn mình ạ\nXin thông tin\nĐặng Trần Chiến Cám ơn anh quan tâm. Anh check inbox chờ hoặc spam em tư vấn mình ạ\ninbox mình với ai\nVinh Phan Cám ơn anh quan tâm. Anh check inbox chờ hoặc spam e gửi a thông tin ạ\nXin thông tin\nIb\nMinh q tâm ạ\nInb mình với ạ\nInb mình với b ơi\nQt ạ\nQt\nIb ạ\nib a\nmình quan tâm\nQuan tâm ạ\nVũ Cám ơn anh quan tâm. Anh check inbox chờ hoặc spam e gửi a thông tin ạ\nIbx mình tt nhé\nToàn Lê Đức Cám ơn anh quan tâm. Anh check inbox chờ em gửi a thông tin ạ\nQuan tâm\nIb\nem xin thông tin ạ\nQuan tâm :-*\nNgô Đức Việt Cám ơn anh quan tâm. Anh check inbox chờ hoặc spam e tư vấn mình ạ\nQt\nThu Vinh Cám ơn anh quan tâm. Anh check inbox chờ hoặc spam e gửi a thông tin ạ\ncho mình xin thông tin vs ạ!\nNguyễn Viết HòaCám ơn anh quan tâm. Anh check ib chờ em gửi a thông tin ạ\nQuan tâm\nVan Tran Cám ơn anh quan tâm. Anh check inbox chờ em gửi a thông tin ạ\nIb mình nhé\nBao HD Cám ơn anh quan tâm. Anh check inbox chờ hoặc spam em tư vấn ạ\nMình quan tâm\nHa Anh Nguyen Cám ơn chị quan tâm. Chị check inbox giúp em nhé\nIb mình\nLam Anh Pham Cám ơn anh quan tâm. Anh check inbox chờ hoặc spam em gửi thông tin ạ\nquan tam\nMình quan tâm\nIb mình với ạ\nGame này dễ mà\ncare\n[HOT] Mk đang có các khóa về Data Analyst và Bussiness Analyst\nCác khóa học này siêu hot và đã giúp hàng triệu người có những thay đổi tích cực trong công viêc cũng như là tìm kiếm được những công việc phù hợp\nB nào cần ib mk tư vẫn chi tiết hơn nhé\n#DataAnalyst #BusinessAnalyst\n#KhoahocOnline\nBùi Thị Thu Nguyệt\nHuy Văn LêCám ơn anh chị quan tâm. Anh chị checknib chờ em gửi thông tin ạ\nCao Đăng Quang\nDao Nguyen cám ơn anh quan tâm. Anh check inbox chờ em gửi a thông tin ạ\n.\nLê Nam Tuấn Cám ơn anh quan tâm. Anh check inbox chờ hoặc spam em tư vấn ạ\n.\nKhanh Hoang Cám ơn anh quan tâm. Anh check inbox chờ hoặc spam em tư vấn ạ\nKhanh Hoang .\n...\n.\n"},
{"original_request_url": "https://m.facebook.com/5806534256131959", "post_url": "https://facebook.com/story.php?story_fbid=pfbid02fR8byVp1tfox6RU75ei9HgTMEG5giYZ96jy1S7Ldji3hwkoyGPgoaMiuCG7kucTl&id=100064152758314", "post_id": 5806534256131959, "text": "Dữ liệu ngày nay trở nên vô cùng quý giá. Vòng đời phân tích dữ liệu trải qua 6 giai đoạn chính nào?\n\nXem chi tiết trong bài chia sẻ ạ: https://www.facebook.com/MasteringDataAnalytics/posts/pfbid026P6GpG6DQdXQtKai3UrvKxLHtKHDxvv3HQiSvFaguRwHLhECTENR9zZ8cKThtqiJl\n\nMastering Data Analytics\n7 January at 10:00 ·\n\n𝑫𝒂𝒕𝒂 𝑨𝒏𝒂𝒍𝒚𝒔𝒊𝒔 𝑳𝒊𝒇𝒆 𝑪𝒚𝒄𝒍𝒆 - 𝑽𝒐̀𝒏𝒈 đ𝒐̛̀𝒊 𝒑𝒉𝒂̂𝒏 𝒕𝒊́𝒄𝒉 𝒅𝒖̛̃ 𝒍𝒊𝒆̣̂𝒖 𝒍𝒂̀ 𝒈𝒊̀?\n\nDữ liệu ngày nay trở nên vô cùng quý giá. Vòng đời phân tích dữ liệu trải qua 6 giai đoạn chính:\n🔸Giai đoạn 1: Khám phá và hình thành dữ liệu (Data Discovery and Formation)\n🔸Giai đoạn 2: Chuẩn bị và xử lý dữ liệu (Data Preparation and Processing)\n🔸Giai đoạn 3: Thiết kế một mô hình (Design a Model)\n🔸Giai đoạn 4: Xây dựng mô hình (Model Building)\n🔸Giai đoạn 5: Trao đổi và công bố kết quả (Result Communication and Publication)\n🔸Giai đoạn 6: Đo lường hiệu quả (Measuring Effectiveness)\n\nCác chuyên gia dữ liệu sử dụng tính chất tuần hoàn của Vòng đời để phân tích dữ liệu trong quá khứ và tương lai. Dựa trên thông tin mới, họ có thể quyết định có nên tiếp tục nghiên cứu hay cần thực hiện lại toàn bộ phân tích.\n\nTóm lại, vòng đời phân tích dữ liệu bao gồm sáu bước chính chi phối cách thông tin được tạo, thu thập, xử lý, sử dụng và đánh giá. Việc đặt ra các mục tiêu của công ty và hướng tới các mục tiêu đó sẽ hướng dẫn bạn vượt qua các giai đoạn còn lại.\n\n👉Tham gia ngay khóa học Business Intelligence ngay để nâng cao năng lực về phân tích dữ liệu kinh doanh. Đăng ký trước 19/1/2023 để nhận ưu đãi 5%. Xem link đăng ký khóa học dưới cmt nhé.\n📌 Khóa học Business Intelligence tại Mastering Data Analytics dự kiến khai giảng vào ngày 06/02/2023:\n✔️ “Up Skill” Kỹ năng phân tích dữ liệu hệ thống - bài bản (Taxonomy).\n✔️ Hiểu và áp dụng thực tiễn các Nguyên tắc và phương pháp thiết kế Dashboards tự động, hiệu quả và tiết kiệm thời gian.\n✔️ Hiểu đúng về Insights - Cách đào sâu Insight theo chuẩn quy tắc B-U-S (Big - Useful - Surprise).\n✔️ Thiết kế Data Story bài bản cùng kỹ năng Data Visualization.\n-\\-\\-\\-\\-\\-\\-\\-\\-\\-\\-\\-\\-\\-\\-\\-\\-\\-\\-\\-\\-\\-\\-\\-\\-\\-\\-\\-\\-\\-\\\nLiên hệ Mastering Data Analytics để được tư vấn:\n0961 48 66 48\nedu@mastering-da.com\n#dataanalytics #MasteringDataAnalytics", "post_text": "Dữ liệu ngày nay trở nên vô cùng quý giá. Vòng đời phân tích dữ liệu trải qua 6 giai đoạn chính nào?\n\nXem chi tiết trong bài chia sẻ ạ: https://www.facebook.com/MasteringDataAnalytics/posts/pfbid026P6GpG6DQdXQtKai3UrvKxLHtKHDxvv3HQiSvFaguRwHLhECTENR9zZ8cKThtqiJl", "shared_text": "Mastering Data Analytics\n7 January at 10:00 ·\n\n𝑫𝒂𝒕𝒂 𝑨𝒏𝒂𝒍𝒚𝒔𝒊𝒔 𝑳𝒊𝒇𝒆 𝑪𝒚𝒄𝒍𝒆 - 𝑽𝒐̀𝒏𝒈 đ𝒐̛̀𝒊 𝒑𝒉𝒂̂𝒏 𝒕𝒊́𝒄𝒉 𝒅𝒖̛̃ 𝒍𝒊𝒆̣̂𝒖 𝒍𝒂̀ 𝒈𝒊̀?\n\nDữ liệu ngày nay trở nên vô cùng quý giá. Vòng đời phân tích dữ liệu trải qua 6 giai đoạn chính:\n🔸Giai đoạn 1: Khám phá và hình thành dữ liệu (Data Discovery and Formation)\n🔸Giai đoạn 2: Chuẩn bị và xử lý dữ liệu (Data Preparation and Processing)\n🔸Giai đoạn 3: Thiết kế một mô hình (Design a Model)\n🔸Giai đoạn 4: Xây dựng mô hình (Model Building)\n🔸Giai đoạn 5: Trao đổi và công bố kết quả (Result Communication and Publication)\n🔸Giai đoạn 6: Đo lường hiệu quả (Measuring Effectiveness)\n\nCác chuyên gia dữ liệu sử dụng tính chất tuần hoàn của Vòng đời để phân tích dữ liệu trong quá khứ và tương lai. Dựa trên thông tin mới, họ có thể quyết định có nên tiếp tục nghiên cứu hay cần thực hiện lại toàn bộ phân tích.\n\nTóm lại, vòng đời phân tích dữ liệu bao gồm sáu bước chính chi phối cách thông tin được tạo, thu thập, xử lý, sử dụng và đánh giá. Việc đặt ra các mục tiêu của công ty và hướng tới các mục tiêu đó sẽ hướng dẫn bạn vượt qua các giai đoạn còn lại.\n\n👉Tham gia ngay khóa học Business Intelligence ngay để nâng cao năng lực về phân tích dữ liệu kinh doanh. Đăng ký trước 19/1/2023 để nhận ưu đãi 5%. Xem link đăng ký khóa học dưới cmt nhé.\n📌 Khóa học Business Intelligence tại Mastering Data Analytics dự kiến khai giảng vào ngày 06/02/2023:\n✔️ “Up Skill” Kỹ năng phân tích dữ liệu hệ thống - bài bản (Taxonomy).\n✔️ Hiểu và áp dụng thực tiễn các Nguyên tắc và phương pháp thiết kế Dashboards tự động, hiệu quả và tiết kiệm thời gian.\n✔️ Hiểu đúng về Insights - Cách đào sâu Insight theo chuẩn quy tắc B-U-S (Big - Useful - Surprise).\n✔️ Thiết kế Data Story bài bản cùng kỹ năng Data Visualization.\n-\\-\\-\\-\\-\\-\\-\\-\\-\\-\\-\\-\\-\\-\\-\\-\\-\\-\\-\\-\\-\\-\\-\\-\\-\\-\\-\\-\\-\\-\\\nLiên hệ Mastering Data Analytics để được tư vấn:\n0961 48 66 48\nedu@mastering-da.com\n#dataanalytics #MasteringDataAnalytics", "time": "2023-01-10 13:49:40", "timestamp": 1673333380, "likes": 2, "reaction_count": 2, "comments_full": ""},
{"original_request_url": "https://m.facebook.com/5830257407092977", "post_url": "https://m.facebook.com/5830257407092977", "post_id": 5830257407092977, "text": "When you implement Python code to process numerical data or work with array, matrix, math functions, you should know the two important libraries: NumPy (Numerical Python) and SciPy (Scientific Python). In general, while these libraries provide quite similar functionalities. there are differences between them and these differences can be summarized in two main points: (1) Numpy does not support all algebraic functions in depth while Scipy does (2) Numpy has a faster processing speed compared to Scipy. As a result, you should always try to see if Numpy can support what you want to do. In cases using Numpy is not enough to solve your problem, let's explore Scipy. #python #numpy #scipy #difference", "post_text": "When you implement Python code to process numerical data or work with array, matrix, math functions, you should know the two important libraries: NumPy (Numerical Python) and SciPy (Scientific Python). In general, while these libraries provide quite similar functionalities. there are differences between them and these differences can be summarized in two main points: (1) Numpy does not support all algebraic functions in depth while Scipy does (2) Numpy has a faster processing speed compared to Scipy. As a result, you should always try to see if Numpy can support what you want to do. In cases using Numpy is not enough to solve your problem, let's explore Scipy. #python #numpy #scipy #difference", "time": "2023-01-18 09:38:08", "timestamp": 1674009488, "likes": 23, "reaction_count": 23, "comments_full": ""},
{"original_request_url": "https://m.facebook.com/5830071363778248", "post_url": "https://m.facebook.com/5830071363778248", "post_id": 5830071363778248, "text": "YOLOv8 demo\n\nChia sẻ với anh em video đầu tiên trong tutorials hướng dẫn Yolov8. Đây là kết quả demo cho bài toán object detection và instance segmentation với video đường phố Hà Nội cuối năm.\n\nCảm ơn admin đã duyệt bài.\n\nYOUTUBE.COM\nYOLOv8 Demo Video - Object Detection and Instance Segmentation #yolov8 #yolo #objectdetection", "post_text": "YOLOv8 demo\n\nChia sẻ với anh em video đầu tiên trong tutorials hướng dẫn Yolov8. Đây là kết quả demo cho bài toán object detection và instance segmentation với video đường phố Hà Nội cuối năm.\n\nCảm ơn admin đã duyệt bài.", "shared_text": "YOUTUBE.COM\nYOLOv8 Demo Video - Object Detection and Instance Segmentation #yolov8 #yolo #objectdetection", "time": "2023-01-18 08:04:50", "timestamp": 1674003890, "likes": 7, "reaction_count": 7, "comments_full": ""},
{"original_request_url": "https://m.facebook.com/5820103268108391", "post_url": "https://m.facebook.com/5820103268108391", "post_id": 5820103268108391, "text": "Quy trình vận hành cơ sở dữ liệu Oracle - 8.Hướng dẫn vận hành oracle dataguard\n\n1. Các bước stop, start standby database\n- Start Physical standby database gồm 3 bước:\n1. Start chế độ nomount:\nSTARTUP NOMOUNT;\n\n2. Mount standby database:\nALTER DATABASE MOUNT STANDBY DATABASE;\n\n3. Start managed recovery:\nALTER DATABASE RECOVER MANAGED STANDBY DATABASE DISCONNECT FROM SESSION;\n\n- Stop Physical Standby Database gồm 2 bước:\n1. Cancel managed recovery:\nALTER DATABASE RECOVER MANAGED STANDBY DATABASE CANCEL;\n\n2. Shut down standby database.\nSHUTDOWN IMMEDIATE;\n\n2. Kiểm tra kết nối mạng giữa 2 database\nMục đích để đảm bảo thông suốt trong quá trình đồng bộ giữa 2 database, thao tác sau đây được thực hiện hàng ngày đảm bảo mạng kết nối giữa 2 database thông suốt.\nBước 1: Trên primary database, bằng user oracle thực hiện:\ntnsping to_standby\nsqlplus sys/password@to_standby as sysdba\nLuôn đảm bảo 2 lệnh trên là thành công\n\nBước 2: Tương tự trên standby database thực hiện:\ntnsping to_primary\nsqlplus sys/password@to_primary as sysdba\nLuôn đảm bảo 2 lệnh trên là thành công\n\n3. Kiểm tra hoạt động chuyển archive tới physical standby database\nMục đích để kiểm tra đồng bộ giữa 2 database với nhau, các thao tác dưới đây sẽ thực hiện hàng ngày để kiểm tra đảm bảo tiến trình đồng bộ thành công\n\nBước 1: Kiểm tra archived redo logs hiện có.\n- Trên standby database, query V$ARCHIVED_LOG view:\nSELECT SEQUENCE#, FIRST_TIME, NEXT_TIME FROM V$ARCHIVED_LOG ORDER BY SEQUENCE#;\n\nBước 2: Thực hiện archiving current log.\n- Trên primary database, archive current log sử dụng lệnh sau:\nALTER SYSTEM ARCHIVE LOG CURRENT;\n\nBước 3: Kiểm tra new archived redo log nhận được trên standby database.\n- Trên standby database, queryV$ARCHIVED_LOG view:\nSELECT SEQUENCE#, FIRST_TIME, NEXT_TIME FROM V$ARCHIVED_LOG ORDER BY SEQUENCE#;\n\nBước 4: Kiểm tra new archived redo log applied.\n- Trên standby database, query theV$ARCHIVED_LOG view:\nSELECT SEQUENCE#,APPLIED FROM V$ARCHIVED_LOG ORDER BY SEQUENCE#;\n\n- Kết quả trả về, giá trị của trường APPLIED là YES có nghĩa archive đã được apply vào standby database, trường SEQUENCE# có gí trị lớn nhất băng với giá trị lớn nhất của trường này ở bên primary database\n\nChi tiết tại comment.", "post_text": "Quy trình vận hành cơ sở dữ liệu Oracle - 8.Hướng dẫn vận hành oracle dataguard\n\n1. Các bước stop, start standby database\n- Start Physical standby database gồm 3 bước:\n1. Start chế độ nomount:\nSTARTUP NOMOUNT;\n\n2. Mount standby database:\nALTER DATABASE MOUNT STANDBY DATABASE;\n\n3. Start managed recovery:\nALTER DATABASE RECOVER MANAGED STANDBY DATABASE DISCONNECT FROM SESSION;\n\n- Stop Physical Standby Database gồm 2 bước:\n1. Cancel managed recovery:\nALTER DATABASE RECOVER MANAGED STANDBY DATABASE CANCEL;\n\n2. Shut down standby database.\nSHUTDOWN IMMEDIATE;\n\n2. Kiểm tra kết nối mạng giữa 2 database\nMục đích để đảm bảo thông suốt trong quá trình đồng bộ giữa 2 database, thao tác sau đây được thực hiện hàng ngày đảm bảo mạng kết nối giữa 2 database thông suốt.\nBước 1: Trên primary database, bằng user oracle thực hiện:\ntnsping to_standby\nsqlplus sys/password@to_standby as sysdba\nLuôn đảm bảo 2 lệnh trên là thành công\n\nBước 2: Tương tự trên standby database thực hiện:\ntnsping to_primary\nsqlplus sys/password@to_primary as sysdba\nLuôn đảm bảo 2 lệnh trên là thành công\n\n3. Kiểm tra hoạt động chuyển archive tới physical standby database\nMục đích để kiểm tra đồng bộ giữa 2 database với nhau, các thao tác dưới đây sẽ thực hiện hàng ngày để kiểm tra đảm bảo tiến trình đồng bộ thành công\n\nBước 1: Kiểm tra archived redo logs hiện có.\n- Trên standby database, query V$ARCHIVED_LOG view:\nSELECT SEQUENCE#, FIRST_TIME, NEXT_TIME FROM V$ARCHIVED_LOG ORDER BY SEQUENCE#;\n\nBước 2: Thực hiện archiving current log.\n- Trên primary database, archive current log sử dụng lệnh sau:\nALTER SYSTEM ARCHIVE LOG CURRENT;\n\nBước 3: Kiểm tra new archived redo log nhận được trên standby database.\n- Trên standby database, queryV$ARCHIVED_LOG view:\nSELECT SEQUENCE#, FIRST_TIME, NEXT_TIME FROM V$ARCHIVED_LOG ORDER BY SEQUENCE#;\n\nBước 4: Kiểm tra new archived redo log applied.\n- Trên standby database, query theV$ARCHIVED_LOG view:\nSELECT SEQUENCE#,APPLIED FROM V$ARCHIVED_LOG ORDER BY SEQUENCE#;\n\n- Kết quả trả về, giá trị của trường APPLIED là YES có nghĩa archive đã được apply vào standby database, trường SEQUENCE# có gí trị lớn nhất băng với giá trị lớn nhất của trường này ở bên primary database\n\nChi tiết tại comment.", "shared_text": "", "time": "2023-01-14 23:25:30", "timestamp": 1673713530, "likes": 33, "reaction_count": 33, "comments_full": "Chi tiết tại https://\nwww.tranvanbinh.\nvn/2020/01/\nquan-tri-co-so-d\nu-lieu-oracle-9\nvan-hanh.html?m\n=1\n"},
{"original_request_url": "https://m.facebook.com/5725806387538080", "post_url": "https://m.facebook.com/5725806387538080", "post_id": 5725806387538080, "text": "Chào anh chị em, gần 1 năm trước mình có viết 1 bài chia sẽ về cách xây dựng Auto Machine Learning platform từ con số 0 và có open-source tại link bên dưới.\nĐây là web-app giúp mọi người dễ dàng build đồng thời nhiều model cho tabular data, gồm các bài binary, multiclass và regression. Ngoài build-model còn support tính năng prediction, evaluation với đầy đủ các metric thường được sử dụng.\nSau 1 năm kể từ ngày đầu open-source, mình nhận được khá nhiều feed-back và cũng đã cố gắng cái thiện rất nhiều. Nay thấy đã tạm hoàn chỉnh nên xin phép re-up lại.\nHi vọng qua bài viết này giúp ích được chút gì đó cho bạn nào cũng đang có dự định tự build cho mình hệ thống tương tự. Ngoài ra mình cũng rất mong nhận được ý kiến đóng góp từ anh chị em để open source này ngày càng phát triển hơn.\nPhần 1. Tổng quan về hệ thống\nhttps://medium.com/@lucnguyen_61589/how-to-build-your-own-machine-learning-platform-part-1-design-900389ca6ce4\nPhần 2. Chi tiết và các skill cần có để tự dev\nhttps://medium.com/@lucnguyen_61589/how-to-build-your-own-machine-learning-platform-part-2-detail-about-system-7e614d5ddaa9\nOpen Source\nhttps://github.com/easyautoml/easyml\nMột số lib mà mình sử dụng để build:\nAuto Machine learning : AutoGluon Tabular\nWeb Server : Django. UI - Bootstrap\nOther : Flower, Celery, Sklearn, SHAP\nSee translation", "post_text": "Chào anh chị em, gần 1 năm trước mình có viết 1 bài chia sẽ về cách xây dựng Auto Machine Learning platform từ con số 0 và có open-source tại link bên dưới.\nĐây là web-app giúp mọi người dễ dàng build đồng thời nhiều model cho tabular data, gồm các bài binary, multiclass và regression. Ngoài build-model còn support tính năng prediction, evaluation với đầy đủ các metric thường được sử dụng.\nSau 1 năm kể từ ngày đầu open-source, mình nhận được khá nhiều feed-back và cũng đã cố gắng cái thiện rất nhiều. Nay thấy đã tạm hoàn chỉnh nên xin phép re-up lại.\nHi vọng qua bài viết này giúp ích được chút gì đó cho bạn nào cũng đang có dự định tự build cho mình hệ thống tương tự. Ngoài ra mình cũng rất mong nhận được ý kiến đóng góp từ anh chị em để open source này ngày càng phát triển hơn.\nPhần 1. Tổng quan về hệ thống\nhttps://medium.com/@lucnguyen_61589/how-to-build-your-own-machine-learning-platform-part-1-design-900389ca6ce4\nPhần 2. Chi tiết và các skill cần có để tự dev\nhttps://medium.com/@lucnguyen_61589/how-to-build-your-own-machine-learning-platform-part-2-detail-about-system-7e614d5ddaa9\nOpen Source\nhttps://github.com/easyautoml/easyml\nMột số lib mà mình sử dụng để build:\nAuto Machine learning : AutoGluon Tabular\nWeb Server : Django. UI - Bootstrap\nOther : Flower, Celery, Sklearn, SHAP\nSee translation", "time": "2022-12-13 06:43:09", "timestamp": 1670888589, "likes": 62, "reaction_count": 62, "comments_full": "Có bác cài được hong giúp em với ạ :(( em cứ bị lỗi quài ạ\nEm đang bị lỗi vài chỗ có ai cài được hong giúp em với em cảm ơn nhiều :((\nGặp lỗi bạn log vào mục Issue trên git kèm theo hình ảnh của lỗi nha. Có thời gian mình sẽ xem qua!\n"},
{"original_request_url": "https://m.facebook.com/5658389957613057", "post_url": "https://m.facebook.com/5658389957613057", "post_id": 5658389957613057, "text": "[Góc tìm người học cùng khóa DP203]\nChào mọi người, hiện mình đang chuẩn bị học khóa DP-203: Data Engineering on Microsoft Azure và có nhận được discount từ chương trình Microsoft Advanced Role-based.\nMình muốn tìm một số bạn học cùng cho đủ số lượng để hưởng discount\nAzure Pass Code trị giá 100$\nVoucher thi trị giá 80$\nCó giảng viên là Microsoft Certified Trainer\nCó giáo trình Microsoft Official Courseware\nAi thật sự muốn học thì inb mình nha\nSee translation", "post_text": "[Góc tìm người học cùng khóa DP203]\nChào mọi người, hiện mình đang chuẩn bị học khóa DP-203: Data Engineering on Microsoft Azure và có nhận được discount từ chương trình Microsoft Advanced Role-based.\nMình muốn tìm một số bạn học cùng cho đủ số lượng để hưởng discount\nAzure Pass Code trị giá 100$\nVoucher thi trị giá 80$\nCó giảng viên là Microsoft Certified Trainer\nCó giáo trình Microsoft Official Courseware\nAi thật sự muốn học thì inb mình nha\nSee translation", "time": "2022-11-22 17:00:56", "timestamp": 1669111256, "likes": 50, "reaction_count": 50, "comments_full": "Check Ib em với ạ\ncheck inb mình nhé\nRảnh bạn check inbox mình nhé\nBạn check ib mình nha\nIbx mình với\nIb mình\nBạn check giúp ib nhé. Tks.\nCheck inbox giúp mình. Mình cũng muốn tìm gì đó học lúc rảnh.\ncheck inb nhé\ncheck inb mình với\nCheck inbox bạn\nBạn check ib mình nha\n"},
{"original_request_url": "https://m.facebook.com/5670600493058670", "post_url": "https://m.facebook.com/5670600493058670", "post_id": 5670600493058670, "text": "Cám ơn Admin Quang Hieu Vu đã hỗ trợ em\n🔥KÍCH HOẠT COURSERA PREMIUM VĨNH VIỄN🔥\nHọc hơn 6000 khóa học trên COURSERA: Google Project, Data Science, Data Analyst, Python, AI, Machine learning, Java, C C++ ....\nKích hoạt chính chủ trên email của mình\nKhóa học mới được cập nhật liên tục\nBảo hành, hỗ trợ trong suốt quá trình sử dụng\nAnh/Chị quan tâm ib em để được tư vấn kỹ hơn ạ !!!\nSee translation", "post_text": "Cám ơn Admin Quang Hieu Vu đã hỗ trợ em\n🔥KÍCH HOẠT COURSERA PREMIUM VĨNH VIỄN🔥\nHọc hơn 6000 khóa học trên COURSERA: Google Project, Data Science, Data Analyst, Python, AI, Machine learning, Java, C C++ ....\nKích hoạt chính chủ trên email của mình\nKhóa học mới được cập nhật liên tục\nBảo hành, hỗ trợ trong suốt quá trình sử dụng\nAnh/Chị quan tâm ib em để được tư vấn kỹ hơn ạ !!!\nSee translation", "time": "2022-11-26 22:09:10", "timestamp": 1669475350, "likes": 139, "reaction_count": 139, "comments_full": "Check ib dùm m nhé b\nVũ NguyễnVâng a quan tâm check inbox em tư vấn mình ạ.\nMình xin thông tin ạ\nMinh Lương Em chào chị\nChị quan tâm check inbox chờ hoặc spam e gửi chị thông tin ạ\nCho em xin thông tin ạ\nĐinh Anh Huy Cám ơn anh quan tâm. Anh check inbox chờ hoặc spam em tư vấn ạ\nQuan tâm\nTrần Linh Cám ơn anh quan tâm. Anh check inbox chờ em gửi thông tin cho mình ạ.\nInb mình với nha bạn. Thanks!\nThanh Dat Vâng anh quan tâm check inbox chờ hoặc spam e gửi thông tin ạ\nInbox em với ạ\nHannie Nguyen Cám ơn chị quan tâm. Chị check inbox chờ hoặc spam e tư vấn ạ\nquab tâm\nDuy Đoàn Anh quan tâm check inbox em gửi a thông tin nhé\nTùng Đình quan tâm\nTrọng Đạt Vâng a quan tâm check ib chờ hoặc spam e gửi thông tin ạ\nQuan tâm ạ\nHuỳnh Trúc Cám ơn anh quan tâm. Anh check inbox em tư vấn nhé\nInb\nNguyễn Vi CườngCám ơn anh quan tâm. Anh check inbox em gửi a thông tin ạ\ncho mình thông tin nhé\nĐoàn Trọng Tân Vâng, anh quan tâm check inbox chờ hoặc spam em tư vấn mình ạ\nIb e vs ạ\nKaylee Le Vâng anh quan tâm check inbox chờ hoặc spam e gửi thông tin ạ\ninbox minh voi\nHoàng Nhật Hoàng Vâng anh quan tâm check inbox chờ hoặc spam em tư vấn ạ\nmình xin giá vs ạ\nDuc Anh Vâng anh quan tâm check inbox chờ hoặc spam e gửi thông tin ạ\ninbox mình với\nHiep Tran Hoang Cám ơn anh quan tâm. Anh check inbox chờ hoặc spam e gửi thông tin ạ\nBạn ơi, inbox mình với\nNguyên Anh Vâng anh check inbox chờ em gửi thông tin cho mình ạ\ninb với ạ\nNam Nguyen Anh quan tâm check inbox chờ hoặc spam e gửi thông tin ạ\nQuan tâm ah\nLinh Nguyenn Chị quan tâm check inbox chờ hoặc spam e tư vấn nhé\nQuan tâm ! Ib mình nha\nHoan Lê Cám ơn anh quan tâm., Anh check inbox em tư vấn ạ\nib mình nhé\nThanh Hải Anh quan tâm check inbox chờ hoặc spam e tư vấn mình ạ\nQtam\nVinh Hoàng Thành Vâng anh quan tâm check inbox chờ hoặc spam e gửi thông tin ạ\nQuan tâm\nNguyễn Đình Hùng Cám ơn anh quan tâm. Anh check inbox chờ hoặc spam e tư vấn mình nhé\nIb mình giá với ạ\nTrí Minh cám ơn anh quan tâm ạ. Anh check inbox em tư vấn mình nhé\nXin thông tin ạ 🫠\nQuang Huy Lê Vâng anh quan tâm check inbox chờ hoặc spam giúp em ạ\nQuan tâm\nHoàng Trung Kiên Vâng anh quan tâm check inbox chờ em gửi thông tin ạ\nQuan tâm ạ\nHà T. Vy Vâng chị quan tâm check inbox e tư vấn nhé\nQuan tâm\nTieu Can Vâng anh quan tâm check inbox chờ hoặc spam e tư vấn ạ\nQuan Tâm\nHoàng Xuân Quý Vâng a quan tâm check ib chờ hoặc spam e tư vấn ạ\nQuan tâm\nNguyễn Công Thịnh Vâng a quan tâm check inbox chờ hoặc spam e tư vấn ạ\nquan tâm\nSun Hong Chị quan tâm check inbox chờ hoặc spam e gửi thông tin ạ\nib mình nhé\nLong Hoang Vâng anh check inbox chờ hoặc spam e gửi thông tin ạ\nXin đc tư vấn ạ\nThuy Minh Nguyen Cám ơn chị quan tâm. Chị check inbox chờ hoặc spam e tư vấn ạ.\nQuan tam\nQuan tâm ạ\nTu Le Tuan AnhVâng a quan tâm check inbox chờ hoặc spam e tư vấn ạ.\nquan tam\nTran Trung KienAnh quan tâm check inbox chờ hoặc spam e tư vấn ạ\nInbox nhé b\nBình PhạmCám ơn anh quan tâm. Anh check ib chờ em gửi a thông tin ạ\nQuan tâm.\nKhoa Nguyen Vâng cám ơn anh quan tâm. Anh check inbox chờ hoặc spam e tư vấn ạ\nBạn inb mình với đc ko?\nNguyễn Trang Minh Đức Vâng a quan tâm check inbox chờ em gửi thông tin ạ\nBạn inbox mình nhé\nLan Anh Vâng chị quan tâm check inbox chờ e gửi thông tin ạ\nTrịnh Q. Minh quan tâm ạ\nTrịnh Thị Mỹ Duyên Vâng chị quan tâm check inbox em tư vấn mình nhé\nInbox mình nhé\nNguyễn Quang Tuấn Vâng a quan tâm check inbox chờ hoặc spam e tư vấn mình nhé\nquan tâm ib xin inf.\nTom Vu Vâng, anh quan tâm check ib chờ em gửi thông tin cho mình ạ\nInbox mình nhé\nPhạm Nghĩa Cám ơn anh quan tâm. Anh check inbox chờ hoặc spam e tư vấn ạ\nQuan tâm ạ\nTu Anh Tran Cám ơn a quan tâm., Anh check inbox chờ hoặc spam e gửi thông tin ạ\nQuan tâm\nThanh Trần Cám ơn anh quan tâm. Anh chekc inbox chờ hoặc spam e gửi thông tin ạ\nQuan tâm\nTuấn Anh Anh quan tâm check inbox chờ hoặc spam e gửi thông tin mình ạ\nquan tâm\nKhánh Hà Vũ Đình Cám ơn anh quan tâm. Anh check inbox chờ hoặc spam e gửi a thông tin ạ.\nquan tâm\nNguyễn Tuấn Tú Vâng a quan tâm check inbox chờ hoặc spam e gửi thông tin ạ\nInbox mình nhé\nQuang Ha Thanh Vâng, cám ơn a quan tâm. Anh check inbox chờ hoặc spam em tư vấn ạ\nCho mình xin slot\nTùng Lâm Vâng anh quan tâm check inbox chờ em gửi thông tin ạ\nmình quan tâm, cho mình xin giá với ạ\nVan Anh Vâng chị quan tâm check inbox chờ hoặc spam e tư vấn ạ\nIb mình với ạ\nTrần Văn Toàn Vâng, Anh quan tâm check inbox chờ hoặc spam e gửi a thông tin ạ\nInbox mình\nLinh Hoang Vâng chị quan tâm check inbox chờ hoặc spam e tư vấn ạ\nib\nQuân Minh Cám ơn anh quan tâm. Anh check inbox chờ hoặc spam e gửi a thông tin ạ\nQuan tâm\nHạnh Lê Chị quan tâm check inbox chờ hoặc spam e gửi thông tin ạ.\nQuan tâm\nLê Quốc HuyAnh quan tâm check inbox chờ hoặc spam e tư vấn ạ.\nib em với ạ\nAnh Bui Cám ơn c quan tâm. Chị check inbox chờ em tư vấn ạ\nQuan tam\nKhanh Nguyen Cám ơn a quan tâm. Anh check ib chờ hoặc spam e tư vấn nhé\nQuan tâm\nHien Bui Kim Vâng a quan tâm check inbox chờ hoặc spam e tư vấn ạ\nQuan tâm\nNguyễn Lê Sang Vâng anh quan tâm check inbox chờ hoặc spam e gửi a thông tin ạ\nQuan tâm\nQuan tam\nNguyễn Trung HiếuAnh check inbox chờ em gửi thông tin ạ\nIb mình nhé\nPhạm PhươngVâng a quan tâm check inbox em tư vấn ạ.\nIb e với\nHữu Toànn Vâng, cám ơn anh quan tâm. Anh check inbox e tư vấn ạ\nQuan tâm ạ\nBui Ha Trang Cám ơn chị quan tâm. Chị check inbox chờ hoặc spam e tư vấn mình ạ\nib mình nhé\nDai Duong Le Anh quan tâm check inbox chờ hoặc spam e gửi thông tin ạ\nIb mình với ạ\nTruong Loc Anh quan tâm check inbox chờ hoặc spam e tư vấn mình ạ\nQuan tâm\nNguyễn Hùng Cám ơn a quan tâm. Anh check inbox chờ e gửi a thông tin ạ\nQuan tâm\nVũ Đức ĐộCám ơn anh quan tâm. Anh check inbox chờ hoặc spam e gửi a thông tin ạ\nQuan tam\nGia Huan Tran Vâng a quan tâm check inbox chờ hoặc spam e gửi thông tin ạ.\nEm xin thông tin hỗ trợ với ạ\nBảo Bảo Cám ơn anh quan tâm. Anh check ib em tư vấn mình nhé\nQt ạ\nNguyễn Vũ Minh Tùng Cám ơn anh quan tâm. Anh check inbox chờ hoặc spam e tư vấn ạ\nQuan tâm\nLe Phuoc Cuu Long Cám ơn anh quan tâm. Anh check inbox chờ hoặc spam e tư vấn ạ\nMình xin tt nhé\nTùng Dương Cám ơn anh quan tâm. Anh check inbox chờ hoặc spam e tư vấn nhé\nQuan tâm ạ\nHoàng Dương Cám ơn anh quan tâm. Anh check inbox chờ em tư vấn ạ\nQuan tâm\nHuyền MinhCám ơn anh quan tâm. Anh check inbox chờ hoặc spam e tư vấn ạ\nQuan tâm.\nTrần Xuân TàiAnh quan tâm check inbox chờ e tư vấn ạ\nQ tâm 🙂\nKhi ConVâng a quan tâm check ib chờ e gửi thông tin ạ\nIb mình nhé\nThiên Ân Vâng anh quan tâm check inbox chờ hoặc spam e gửi a thông tin ạ\nib mình với\nCuong Vu Vâng, cám ơn anh quan tâm. Anh check inbox chờ hoặc spam e tư vấn ạ\nIb\nHuỳnh Phước Hải Cám ơn anh quan tâm. Anh check inbox chờ em gửi a thông tin nhé\nIb ạ\nMatteo Cohen Vâng. Cám ơn anh quan tâm. Anh check inbox chờ e gửi thông tin ạ\nib\nQuang Phương Vâng cám ơn anh quan tâm. Anh check inbox chờ hoặc spam e tư vấn ạ.\nquan tam a\nAn Hoang cám ơn anh ạ, Anh check inbox chờ em tư vấn mình nhé\nib minh a\nNguyễn Minh Châu Vâng a quan tâm check inbox chờ em gửi thông tin ạ\nGiá thế nào vậy b\nNguyễn Huy Cám ơn anh, Anh check ib chờ/spam e gửi thông tin ạ\nNguyễn Huy Anh inbox giúp em với ạ, em k nhắn tin trước cho anh đc\nCho mình xin giá với\nInb mình với\nXuân Điền Vâng a quan tâm check inbox chờ hoặc spam e gửi thông tin ạ\nQuan tâm!\nHien Nguyen Thi Thu Cám ơn chị quan tâm. Chị check inbox chờ hoặc spam em tư vấn ạ\nIb mình với\nQuan tâm .\nIb giúp mình nha. Tks bạn\nQuan tâm\nQuan tâm ạ\nquan tâm\nThông tin cho mình với nhé\nQuan tâm ạ\nQuan tâm\nQuan tâm\nQuan tâm\nquan tâm\nInb\nInb em với ạ\nBn ạ\nquan tâm\nInb mình với ạ mình cần gấp nhé!\nIb hướng dẫn mình với ạ\nĐang Học DE Cám ơn anh quan tâm. Anh check inbox chờ e gửi thông tin cho mình ạ\nmình quan tâm ạ\nQuan tâm ạ\nXin giá nhé\nQuan tâm ! Ib mình nha\nBạn ơi, inbox mình với\nIb mình nhé\nquan tâm ạ, ib em với\nNguyễn Tuấn Đạt Vâng anh quan tâm check inbox chờ em gửi thông tin ạ\nMình ạ\nLinh PhươngVâng anh quan tâm check inbox chờ hoặc spam e tư vấn mình nhé.\n.\nĐoàn Nhi Vâng chị quan tâm check inbox chờ hoặc spam e gửi thông tin ạ\n.\nTrần Thiên Chương Cám ơn anh quan tâm. Anh check ib chờ em tư vấn nhé\n.\nLong Do Cám ơn anh quan tâm. Anh check inbox chờ hoặc spam e gửi a thông tin ạ\n.\nPhan Diễn Cám ơn anh quan tâm. Anh check inbox em gửi thông tin ạ\n.\nDương ĐứcAnh quan tâm check ib chờ hoặc spam e gửi a thông tin ạ\n..\nHuyền Trang Vâng chị quan tâm check inbox chờ hoặc spam e gửi thông tin ạ\n.\nHuy Nguyen Vâng, cám ơn a quan tâm. Anh check inbox chờ hoặc spam e gửi thông tin ạ\n.\nNguyen Hoang Anh Cám ơn anh quan tâm. Anh check inbox chờ e gửi a thông tin ạ\n.\n.\n.\nHmmmm\nNguyễn Nam Cám ơn a quan tâm. Anh check inbox chờ hoặc spam e gửi thông tin ạ\n"},
{"original_request_url": "https://m.facebook.com/5815781405207244", "post_url": "https://facebook.com/story.php?story_fbid=pfbid0pWuDE7ARqBh6ab8uoAutqGiaEurFG9CYaEPeVCCno9oPeSCyckwd6Mzak2asugzMl&id=100064152758314", "post_id": 5815781405207244, "text": "Nhiều người lần đầu tiếp xúc có thể bị nhầm lẫn giữa hiệu ứng Dunning-Kruger và các đường cong Gartner Hype Cycle mặc dù thực tế là Gartner Hype Cycle được áp dụng cho các công nghệ và Hiệu ứng Dunning-Kruger được áp dụng cho mọi người.\n\nXem thêm về Gartner Hype Cycle và Dunning-Kruger effect tại đây nhé https://www.facebook.com/MasteringDataAnalytics/posts/pfbid0pLd9vwazjcG6Bw5tCfM1GaD1FwxSg4qqTmRJxtKow9tQrUvoS23JZTiWf96JqRGyl\n\nMastering Data Analytics is at Mastering Data Analytics.\n11 January at 14:00 · Ho Chi Minh City ·\nFollowingFollow\n\nSo sánh Gartner Hype Cycle và Dunning-Kruger effect", "post_text": "Nhiều người lần đầu tiếp xúc có thể bị nhầm lẫn giữa hiệu ứng Dunning-Kruger và các đường cong Gartner Hype Cycle mặc dù thực tế là Gartner Hype Cycle được áp dụng cho các công nghệ và Hiệu ứng Dunning-Kruger được áp dụng cho mọi người.\n\nXem thêm về Gartner Hype Cycle và Dunning-Kruger effect tại đây nhé https://www.facebook.com/MasteringDataAnalytics/posts/pfbid0pLd9vwazjcG6Bw5tCfM1GaD1FwxSg4qqTmRJxtKow9tQrUvoS23JZTiWf96JqRGyl", "shared_text": "Mastering Data Analytics is at Mastering Data Analytics.\n11 January at 14:00 · Ho Chi Minh City ·\nFollowingFollow\n\nSo sánh Gartner Hype Cycle và Dunning-Kruger effect", "time": "2023-01-13 14:28:55", "timestamp": 1673594935, "likes": 0, "reaction_count": 0, "comments_full": ""},
{"original_request_url": "https://m.facebook.com/5724385664346819", "post_url": "https://m.facebook.com/5724385664346819", "post_id": 5724385664346819, "text": "🔥 TUYỂN TÌNH NGUYỆN VIÊN THAM GIA THỬ THÁCH 14 NGÀY THOÁT KHỎI SỰ TRÌ HOÃN DÀNH CHO DÂN DA\nChương trình diễn ra online qua nền tảng zoom\nChào các bạn, mình là thành viên của CLB Vườn tâm lý. Hiện chúng mình đang mở ra Dự án Vườn’s CHALLENGE | 14 NGÀY CHIẾN THẮNG SỰ TRÌ HOÃN. CLB hướng tới chia sẻ những giá trị sau:\n🔥 Được nhận kết nối đến Mentor hướng dẫn với lộ trình 14 ngày kỷ luật bản thân\n🔥 Được khám phá, thấu hiểu năng lực của bản thân. Từ đó xây dựng kế hoạch, mục tiêu phù hợp.\nDự án phi lợi nhuận nên yêu cầu các bạn tham gia có sự nghiêm túc, có quyết tâm mong muốn thay đổi thói quen trì hoãn. Bạn nào quan tâm inbox mình sẽ hỗ trợ nhé ạ.\nYêu cầu: từ độ tuổi 20-35, đang sinh sống và học tập tại Việt Nam\nSee translation", "post_text": "🔥 TUYỂN TÌNH NGUYỆN VIÊN THAM GIA THỬ THÁCH 14 NGÀY THOÁT KHỎI SỰ TRÌ HOÃN DÀNH CHO DÂN DA\nChương trình diễn ra online qua nền tảng zoom\nChào các bạn, mình là thành viên của CLB Vườn tâm lý. Hiện chúng mình đang mở ra Dự án Vườn’s CHALLENGE | 14 NGÀY CHIẾN THẮNG SỰ TRÌ HOÃN. CLB hướng tới chia sẻ những giá trị sau:\n🔥 Được nhận kết nối đến Mentor hướng dẫn với lộ trình 14 ngày kỷ luật bản thân\n🔥 Được khám phá, thấu hiểu năng lực của bản thân. Từ đó xây dựng kế hoạch, mục tiêu phù hợp.\nDự án phi lợi nhuận nên yêu cầu các bạn tham gia có sự nghiêm túc, có quyết tâm mong muốn thay đổi thói quen trì hoãn. Bạn nào quan tâm inbox mình sẽ hỗ trợ nhé ạ.\nYêu cầu: từ độ tuổi 20-35, đang sinh sống và học tập tại Việt Nam\nSee translation", "time": "2022-12-13 00:34:50", "timestamp": 1670866490, "likes": 1, "reaction_count": 1, "comments_full": ""},
{"original_request_url": "https://m.facebook.com/5818308664954518", "post_url": "https://m.facebook.com/5818308664954518", "post_id": 5818308664954518, "text": "YOUTUBE.COM\nHọc SQL Thực Chiến với Case Study #1 - Part 2 | Series Data Science with SQL\n\nNguyễn Quốc Huy‎Phân Tích Dữ liệu Thực Chiến với Python - SQL - POWER BI\n14 January at 09:00 ·", "post_text": "", "shared_text": "YOUTUBE.COM\nHọc SQL Thực Chiến với Case Study #1 - Part 2 | Series Data Science with SQL\n\nNguyễn Quốc Huy‎Phân Tích Dữ liệu Thực Chiến với Python - SQL - POWER BI\n14 January at 09:00 ·", "time": "2023-01-14 09:37:06", "timestamp": 1673663826, "likes": 7, "reaction_count": 7, "comments_full": ""},
{"original_request_url": "https://m.facebook.com/5818003954984989", "post_url": "https://m.facebook.com/5818003954984989", "post_id": 5818003954984989, "text": "Anh em check nào đang sử dụng nền tảng này check các danh sách plugin nhé!\n\nhttps://4technews.net/ma-doc-linux-moi-khai-thac-lo-hong-cua-30-plugin-de-tan-cong-backdoor-website-wordpress/\n\n#CyberSecurity #Backdoor #Wordpress\n\nBrothers who are using this platform, please check the plugin lists!\n\nhttps://4technews.net/ma-doc-linux-moi-khai-thac-lo-hong-cua-30-plugin-de-tan-cong-backdoor-website-wordpress/\n\n#CyberSecurity #Backdoor #Wordpress\n\n4TECHNEWS.NET\nMã độc Linux mới khai thác lỗ hổng của 30 plugin để tấn công backdoor website WordPress", "post_text": "Anh em check nào đang sử dụng nền tảng này check các danh sách plugin nhé!\n\nhttps://4technews.net/ma-doc-linux-moi-khai-thac-lo-hong-cua-30-plugin-de-tan-cong-backdoor-website-wordpress/\n\n#CyberSecurity #Backdoor #Wordpress\n\nBrothers who are using this platform, please check the plugin lists!\n\nhttps://4technews.net/ma-doc-linux-moi-khai-thac-lo-hong-cua-30-plugin-de-tan-cong-backdoor-website-wordpress/\n\n#CyberSecurity #Backdoor #Wordpress", "shared_text": "4TECHNEWS.NET\nMã độc Linux mới khai thác lỗ hổng của 30 plugin để tấn công backdoor website WordPress", "original_text": "Anh em check nào đang sử dụng nền tảng này check các danh sách plugin nhé!\n\nhttps://4technews.net/ma-doc-linux-moi-khai-thac-lo-hong-cua-30-plugin-de-tan-cong-backdoor-website-wordpress/\n\n#CyberSecurity #Backdoor #Wordpress", "time": "2023-01-14 07:01:16", "timestamp": 1673654476, "likes": 4, "reaction_count": 4, "comments_full": []}]