[{"original_request_url": "https://m.facebook.com/5787033104748741", "post_url": "https://m.facebook.com/5787033104748741", "post_id": 5787033104748741, "text": "15 thư viện Python hàng đầu cho Khoa học dữ liệu và Trực quan hóa dữ liệu\nĐể nhận thêm các tài liệu hữu ích về Data Science và tìm hiểu lộ trình học tập chi tiết để trở thành 1 Data Scientist, mời bạn đăng ký tham gia sự kiện Breaking into Data Science tại đây: https://forms.gle/jCgrNQxCbDotscf68\nCác thư viện hàng đầu cho Data\n1. Apache Spark\n📍 Stars: 27600, Commits: 28197, Contributors: 1638\nApache Spark - Công cụ phân tích hợp nhất để xử lý dữ liệu quy mô lớn\n2. Pandas\n📍Stars: 26800, Commits: 24300, Contributors: 2126\nPandas là một Python package cung cấp các cấu trúc dữ liệu nhanh, linh hoạt được thiết kế để giúp làm việc với dữ liệu \"quan hệ\" hoặc \"được gắn nhãn\" một cách dễ dàng và trực quan. Nó nhằm mục đích trở thành khối xây dựng cấp cao cơ bản để thực hiện phân tích dữ liệu trong thế giới thực, thực tế bằng Python.\n3. Dask\n📍Stars: 7300, Commits: 6149, Contributors: 393\nTính toán song song với lập lịch tác vụ\nThư viện Python tốt nhất cho: Toán học\n4. Scipy\n📍 Stars: 7500, Commits: 24247, Contributors: 914\nScipy là phần mềm mã nguồn mở dành cho toán học, khoa học và kỹ thuật. Nó bao gồm các mô-đun để thống kê, tối ưu hóa, tích hợp, đại số tuyến tính, biến đổi Fourier, xử lý tín hiệu và hình ảnh, bộ giải ODE\n5. Numpy\n📍 Stars: 1500, Commits: 24266, Contributors: 1010\nFundamental package cho tính toán khoa học với Python.\nThư viện Python tốt nhất cho: Trực quan hóa dữ liệu\n6. Apache Superset\n📍Stars: 30300, Commits: 5833, Contributors: 492\nApache Superset là một Nền tảng khám phá dữ liệu và trực quan hóa dữ liệu\n7. Matplotlib\n📍 Stars: 12300, Commits: 36716, Contributors: 1002\nMatplotlib là một thư viện toàn diện để tạo các hình ảnh tĩnh, hoạt ảnh và tương tác trong Python.\n8. Plotly\n📍 Stars: 7900, Commits: 4604, Contributors: 137\nPlotly.py là một thư viện vẽ đồ thị tương tác, mã nguồn mở và dựa trên trình duyệt dành cho Python\n9. Seaborn\n📍 Stars: 7700, Commits: 2702, Contributors: 126\nSeaborn là một thư viện trực quan Python dựa trên matplotlib. Nó cung cấp một giao diện cấp cao để vẽ đồ họa thống kê hấp dẫn.\n10. folium\n📍 Stars: 4900, Commits: 1443, Contributors: 109\nFolium được xây dựng dựa trên sức mạnh sắp xếp dữ liệu của hệ sinh thái Python và sức mạnh ánh xạ của thư viện Leaflet.js. Thao tác dữ liệu của bạn bằng Python, sau đó trực quan hóa dữ liệu đó trong Leaflet map qua folium.\n11. Bqplot\n📍 Stars: 2900, Commits: 3178, Contributors: 45\nBqplot là một hệ thống trực quan hóa 2-D cho Jupyter, dựa trên các cấu trúc của Ngữ pháp đồ họa.\n12. VisPy\n📍 Stars: 2500, Commits: 6352, Contributors: 117\nVisPy là thư viện trực quan hóa dữ liệu 2D/3D tương tác hiệu suất cao. VisPy tận dụng sức mạnh tính toán của Bộ xử lý đồ họa (GPU) hiện đại thông qua thư viện OpenGL để hiển thị các bộ dữ liệu rất lớn.\n13. PyQtgraph\n📍 Stars: 2200, Commits: 2200, Contributors: 142\nTrực quan hóa dữ liệu nhanh và các công cụ GUI cho các ứng dụng khoa học/kỹ thuật\n14. Bokeh\n📍 Stars: 1400, Commits: 18726, Contributors: 467\nBokeh là một thư viện hình ảnh tương tác cho các trình duyệt web hiện đại. Nó cung cấp cấu trúc đồ họa linh hoạt, trang nhã, ngắn gọn và mang lại khả năng tương tác hiệu suất cao trên các tập dữ liệu lớn hoặc truyền trực tuyến.\n15. Altair\n📍 Stars: 600, Commits: 3031, Contributors: 106\nAltair là một thư viện trực quan hóa thống kê khai báo cho Python. Với Altair, bạn có thể dành nhiều thời gian hơn để hiểu dữ liệu và ý nghĩa của chúng.\n-\\-\\-\\-\\-\\-\\-\\-\\-\\-\\-\\-\\-\\-\\-\\-\\-\\-\\-\\-\\-\\-\\-\\-\\-\\-\\-\\-\\-\\-\\-\\-\\-\\-\\-\\-\\-\\-\\-\\-\\-\\-\\-\\-\\-\\-\\-\\-\\-\\-\\-\\-\\-\nBắt đầu sự nghiệp Data Science của bạn tại đây:\n📍 Sự kiện: MCI Career Path: Breaking Into Data Science\n📍 Link đăng ký: https://forms.gle/jCgrNQxCbDotscf68\n📍 Thời gian: Thứ 6, 19h30-21h00, ngày 06/01/2023\n📍 Hình thức: Online qua Zoom Meeting\nSee translation", "post_text": "15 thư viện Python hàng đầu cho Khoa học dữ liệu và Trực quan hóa dữ liệu\nĐể nhận thêm các tài liệu hữu ích về Data Science và tìm hiểu lộ trình học tập chi tiết để trở thành 1 Data Scientist, mời bạn đăng ký tham gia sự kiện Breaking into Data Science tại đây: https://forms.gle/jCgrNQxCbDotscf68\nCác thư viện hàng đầu cho Data\n1. Apache Spark\n📍 Stars: 27600, Commits: 28197, Contributors: 1638\nApache Spark - Công cụ phân tích hợp nhất để xử lý dữ liệu quy mô lớn\n2. Pandas\n📍Stars: 26800, Commits: 24300, Contributors: 2126\nPandas là một Python package cung cấp các cấu trúc dữ liệu nhanh, linh hoạt được thiết kế để giúp làm việc với dữ liệu \"quan hệ\" hoặc \"được gắn nhãn\" một cách dễ dàng và trực quan. Nó nhằm mục đích trở thành khối xây dựng cấp cao cơ bản để thực hiện phân tích dữ liệu trong thế giới thực, thực tế bằng Python.\n3. Dask\n📍Stars: 7300, Commits: 6149, Contributors: 393\nTính toán song song với lập lịch tác vụ\nThư viện Python tốt nhất cho: Toán học\n4. Scipy\n📍 Stars: 7500, Commits: 24247, Contributors: 914\nScipy là phần mềm mã nguồn mở dành cho toán học, khoa học và kỹ thuật. Nó bao gồm các mô-đun để thống kê, tối ưu hóa, tích hợp, đại số tuyến tính, biến đổi Fourier, xử lý tín hiệu và hình ảnh, bộ giải ODE\n5. Numpy\n📍 Stars: 1500, Commits: 24266, Contributors: 1010\nFundamental package cho tính toán khoa học với Python.\nThư viện Python tốt nhất cho: Trực quan hóa dữ liệu\n6. Apache Superset\n📍Stars: 30300, Commits: 5833, Contributors: 492\nApache Superset là một Nền tảng khám phá dữ liệu và trực quan hóa dữ liệu\n7. Matplotlib\n📍 Stars: 12300, Commits: 36716, Contributors: 1002\nMatplotlib là một thư viện toàn diện để tạo các hình ảnh tĩnh, hoạt ảnh và tương tác trong Python.\n8. Plotly\n📍 Stars: 7900, Commits: 4604, Contributors: 137\nPlotly.py là một thư viện vẽ đồ thị tương tác, mã nguồn mở và dựa trên trình duyệt dành cho Python\n9. Seaborn\n📍 Stars: 7700, Commits: 2702, Contributors: 126\nSeaborn là một thư viện trực quan Python dựa trên matplotlib. Nó cung cấp một giao diện cấp cao để vẽ đồ họa thống kê hấp dẫn.\n10. folium\n📍 Stars: 4900, Commits: 1443, Contributors: 109\nFolium được xây dựng dựa trên sức mạnh sắp xếp dữ liệu của hệ sinh thái Python và sức mạnh ánh xạ của thư viện Leaflet.js. Thao tác dữ liệu của bạn bằng Python, sau đó trực quan hóa dữ liệu đó trong Leaflet map qua folium.\n11. Bqplot\n📍 Stars: 2900, Commits: 3178, Contributors: 45\nBqplot là một hệ thống trực quan hóa 2-D cho Jupyter, dựa trên các cấu trúc của Ngữ pháp đồ họa.\n12. VisPy\n📍 Stars: 2500, Commits: 6352, Contributors: 117\nVisPy là thư viện trực quan hóa dữ liệu 2D/3D tương tác hiệu suất cao. VisPy tận dụng sức mạnh tính toán của Bộ xử lý đồ họa (GPU) hiện đại thông qua thư viện OpenGL để hiển thị các bộ dữ liệu rất lớn.\n13. PyQtgraph\n📍 Stars: 2200, Commits: 2200, Contributors: 142\nTrực quan hóa dữ liệu nhanh và các công cụ GUI cho các ứng dụng khoa học/kỹ thuật\n14. Bokeh\n📍 Stars: 1400, Commits: 18726, Contributors: 467\nBokeh là một thư viện hình ảnh tương tác cho các trình duyệt web hiện đại. Nó cung cấp cấu trúc đồ họa linh hoạt, trang nhã, ngắn gọn và mang lại khả năng tương tác hiệu suất cao trên các tập dữ liệu lớn hoặc truyền trực tuyến.\n15. Altair\n📍 Stars: 600, Commits: 3031, Contributors: 106\nAltair là một thư viện trực quan hóa thống kê khai báo cho Python. Với Altair, bạn có thể dành nhiều thời gian hơn để hiểu dữ liệu và ý nghĩa của chúng.\n-\\-\\-\\-\\-\\-\\-\\-\\-\\-\\-\\-\\-\\-\\-\\-\\-\\-\\-\\-\\-\\-\\-\\-\\-\\-\\-\\-\\-\\-\\-\\-\\-\\-\\-\\-\\-\\-\\-\\-\\-\\-\\-\\-\\-\\-\\-\\-\\-\\-\\-\\-\\-\nBắt đầu sự nghiệp Data Science của bạn tại đây:\n📍 Sự kiện: MCI Career Path: Breaking Into Data Science\n📍 Link đăng ký: https://forms.gle/jCgrNQxCbDotscf68\n📍 Thời gian: Thứ 6, 19h30-21h00, ngày 06/01/2023\n📍 Hình thức: Online qua Zoom Meeting\nSee translation", "time": "2023-01-03 10:30:59", "timestamp": 1672716659, "likes": 89, "reaction_count": 89, "comments_full": ".\n"},
{"original_request_url": "https://m.facebook.com/5786888284763223", "post_url": "https://m.facebook.com/5786888284763223", "post_id": 5786888284763223, "text": "YOUTUBE.COM\nwww.youtube.com", "post_text": "", "shared_text": "YOUTUBE.COM\nwww.youtube.com", "time": "2023-01-03 09:06:23", "timestamp": 1672711583, "likes": 7, "reaction_count": 7, "comments_full": ""},
{"original_request_url": "https://m.facebook.com/5784519865000065", "post_url": "https://m.facebook.com/5784519865000065", "post_id": 5784519865000065, "text": "[Khảo sát nhu cầu học Data và định hướng nghề Data với mức lương khởi điểm 8 chữ số/tháng]\nChỉ cần 5 phút làm khảo sát -> Bỏ túi bộ 3 eBook cực kỳ hữu ích cho dân DATA\nChào mọi người, Mình là Ngọc Danh tốt nghiệp trường ĐH Kinh Tế TPHCM với background data và đã có 2 năm làm việc trong lĩnh vực Nghiên cứu thị trường và Phân tích dữ liệu. Hiện tại mình đang có 1 nghiên cứu nhỏ nhằm hiểu hơn phần nào nhu cầu và những khó khăn của bạn trong quá trình học và làm việc trong ngành data giống mình. Mọi thông tin của bạn sẽ được bảo mật và chỉ phục vụ cho mục đích nghiên cứu. Bạn giúp mình nhé!\nĐể cảm ơn các bạn tham gia, mình xin phép gửi một phần quà nhỏ đến bạn ở cuối bài khảo sát bao gồm:\n1. E-Book: Thinking in Algorithms - Albert Rutherford\nCuốn sách hướng dẫn làm thế nào kết hợp khả năng phân tích của máy tính và khả năng sáng tạo của con người để giải quyết vấn đề và ra quyết định tốt hơn.\n2. E-Book: A Beginner's Guide to Data & Analytics - Harvard Business School\nCuốn sách cung cấp đầy đủ những kiến thức nền tảng nhất về Data và cách tận dụng sức mạnh của data trong Doanh nghiệp.\n3. E-Book: Storytelling with Data - Cole Nussbaumer Knaflic\nKể chuyện thông qua dữ liệu - cuốn cẩm nang hướng dẫn tường tận dành cho những ai muốn truyền đạt thông tin đến người khác bằng dữ liệu. Trang bị cho bạn cách sử dụng các công cụ trực quan R/ Tableau một cách hiệu quả hơn.\nBonus: Playbook Data Fallacies to Avoid - Những sai sót liên quan đến dữ liệu bạn cần tránh\n\n\nLink Khảo Sát: https://forms.gle/8j2hQEXi9sTiMeZs6\nSee translation", "post_text": "[Khảo sát nhu cầu học Data và định hướng nghề Data với mức lương khởi điểm 8 chữ số/tháng]\nChỉ cần 5 phút làm khảo sát -> Bỏ túi bộ 3 eBook cực kỳ hữu ích cho dân DATA\nChào mọi người, Mình là Ngọc Danh tốt nghiệp trường ĐH Kinh Tế TPHCM với background data và đã có 2 năm làm việc trong lĩnh vực Nghiên cứu thị trường và Phân tích dữ liệu. Hiện tại mình đang có 1 nghiên cứu nhỏ nhằm hiểu hơn phần nào nhu cầu và những khó khăn của bạn trong quá trình học và làm việc trong ngành data giống mình. Mọi thông tin của bạn sẽ được bảo mật và chỉ phục vụ cho mục đích nghiên cứu. Bạn giúp mình nhé!\nĐể cảm ơn các bạn tham gia, mình xin phép gửi một phần quà nhỏ đến bạn ở cuối bài khảo sát bao gồm:\n1. E-Book: Thinking in Algorithms - Albert Rutherford\nCuốn sách hướng dẫn làm thế nào kết hợp khả năng phân tích của máy tính và khả năng sáng tạo của con người để giải quyết vấn đề và ra quyết định tốt hơn.\n2. E-Book: A Beginner's Guide to Data & Analytics - Harvard Business School\nCuốn sách cung cấp đầy đủ những kiến thức nền tảng nhất về Data và cách tận dụng sức mạnh của data trong Doanh nghiệp.\n3. E-Book: Storytelling with Data - Cole Nussbaumer Knaflic\nKể chuyện thông qua dữ liệu - cuốn cẩm nang hướng dẫn tường tận dành cho những ai muốn truyền đạt thông tin đến người khác bằng dữ liệu. Trang bị cho bạn cách sử dụng các công cụ trực quan R/ Tableau một cách hiệu quả hơn.\nBonus: Playbook Data Fallacies to Avoid - Những sai sót liên quan đến dữ liệu bạn cần tránh\n\n\nLink Khảo Sát: https://forms.gle/8j2hQEXi9sTiMeZs6\nSee translation", "time": "2023-01-02 11:28:55", "timestamp": 1672633735, "likes": 19, "reaction_count": 19, "comments_full": ""},
{"original_request_url": "https://m.facebook.com/5781382631980455", "post_url": "https://m.facebook.com/5781382631980455", "post_id": 5781382631980455, "text": "LỜI KHUYÊN DÀNH CHO NHỮNG AI MUỐN LÀM DATA ANALYST (Link video ở comment)\n\n\n🍒 Mình biết rằng thời điểm hiện tại và cả 2023 sẽ có nhiều khó khăn trên thị trường việc làm nói chung và ngành data nói riêng. Các công ty cắt giảm nhiều hơn để có thể đảm bảo rủi ro ở mức thấp nhất. Nhưng mình quan niệm rằng, công việc sẽ không thiếu cho những người có năng lực thật sự, những người có sự khác biệt so với hàng nghìn người học data một cách bình thường ở ngoài kia.\n🍒 Vậy nên, dù là đi làm hay là đi học. Mình vẫn sẽ nỗ lực hết mình, để sau mỗi chặng đường với quãng thời gian và công sức mình bỏ ra, nó sẽ trở nên vô cùng xứng đáng. Dù không đạt thành công 100% hay có một vị trí hoàn hảo như mong muốn, nhưng chắc chắn trải nghiệm, sự phát triển của bản thân phải luôn liên tục đi lên. Đó mới chính là giá trị cốt lõi, là năng lực bền vững giúp bạn mạnh mẽ, kiên cường, giỏi giang hơn. Và rồi cơ hội mới sẽ tự tìm tới bạn. Không là hôm nay thì sẽ là ngày mai, ngày tới nữa.\n🍒 Hi vọng khi bước sang năm mới, mn vẫn giữ được nhiệt huyết học tập & trau dồi bản thân như hiện tại. Chúc cho tất cả chúng ta sẽ bình an, may mắn và luôn kiên cường cho một 2023 rực rỡ.\nGửi mn chiếc video của mình, chia sẻ lại câu chuyện apply nghề DA và các tips cho các bạn sinh viên và người muốn chuyển ngành.\n\n\n🍒 Nội dung video:\nP1: 4 tiêu chí để chọn 1 công việc TỐT, PHÙ HỢP & LƯƠNG CAO\nP2: Lý do mình nghỉ việc ở ngân hàng —> Data Analyst\nP3: 5 Bước chuyển ngành thành công của mình\nP4: Lời khuyên dành cho Sinh viên\nP5: Lời khuyên dành cho người có 4-5 năm kinh nghiệm trở lên\n(Link mình để ở comment nhé).\nSee translation", "post_text": "LỜI KHUYÊN DÀNH CHO NHỮNG AI MUỐN LÀM DATA ANALYST (Link video ở comment)\n\n\n🍒 Mình biết rằng thời điểm hiện tại và cả 2023 sẽ có nhiều khó khăn trên thị trường việc làm nói chung và ngành data nói riêng. Các công ty cắt giảm nhiều hơn để có thể đảm bảo rủi ro ở mức thấp nhất. Nhưng mình quan niệm rằng, công việc sẽ không thiếu cho những người có năng lực thật sự, những người có sự khác biệt so với hàng nghìn người học data một cách bình thường ở ngoài kia.\n🍒 Vậy nên, dù là đi làm hay là đi học. Mình vẫn sẽ nỗ lực hết mình, để sau mỗi chặng đường với quãng thời gian và công sức mình bỏ ra, nó sẽ trở nên vô cùng xứng đáng. Dù không đạt thành công 100% hay có một vị trí hoàn hảo như mong muốn, nhưng chắc chắn trải nghiệm, sự phát triển của bản thân phải luôn liên tục đi lên. Đó mới chính là giá trị cốt lõi, là năng lực bền vững giúp bạn mạnh mẽ, kiên cường, giỏi giang hơn. Và rồi cơ hội mới sẽ tự tìm tới bạn. Không là hôm nay thì sẽ là ngày mai, ngày tới nữa.\n🍒 Hi vọng khi bước sang năm mới, mn vẫn giữ được nhiệt huyết học tập & trau dồi bản thân như hiện tại. Chúc cho tất cả chúng ta sẽ bình an, may mắn và luôn kiên cường cho một 2023 rực rỡ.\nGửi mn chiếc video của mình, chia sẻ lại câu chuyện apply nghề DA và các tips cho các bạn sinh viên và người muốn chuyển ngành.\n\n\n🍒 Nội dung video:\nP1: 4 tiêu chí để chọn 1 công việc TỐT, PHÙ HỢP & LƯƠNG CAO\nP2: Lý do mình nghỉ việc ở ngân hàng —> Data Analyst\nP3: 5 Bước chuyển ngành thành công của mình\nP4: Lời khuyên dành cho Sinh viên\nP5: Lời khuyên dành cho người có 4-5 năm kinh nghiệm trở lên\n(Link mình để ở comment nhé).\nSee translation", "time": "2023-01-01 08:29:53", "timestamp": 1672536593, "likes": 86, "reaction_count": 86, "comments_full": "video mình để ở đây: https://\nyoutu.be/\nnbW3BYtj7w0\n.\nPhú Huỳnh đang là xu thế á. học đi r kiếm tiền tỷ :v\nThanh Ngọc :)))) chời chời học trên lớp còn hong hỉu\n"},
{"original_request_url": "https://m.facebook.com/5775820335870018", "post_url": "https://m.facebook.com/5775820335870018", "post_id": 5775820335870018, "text": "5 DỰ ÁN PYTHON HỮU ÍCH CHO PORTFOLIO CỦA DATA SCIENTIST\nĐăng ký tham gia sự kiện Breaking Into Data Science để nắm rõ lộ trình học tập và nhận tài liệu miễn phí tại đây: https://forms.gle/jCgrNQxCbDotscf68\nNhững dự án này sẽ giúp bạn phát triển thói quen giải quyết vấn đề và cung cấp cho bạn các công cụ và khái niệm mới, đồng thời bạn sẽ hiểu trọn vẹn “vòng đời” của dự án.\nTrong năm dự án, chúng ta sẽ học cách:\nScrape live yahoo stock prices\nThực hiện phân tích dữ liệu về phạm vi tiếp cận bài đăng trên Instagram\nPhát triển một ứng dụng web để dự đoán giá vé máy bay\nThực hiện phân tích chuỗi thời gian và dự báo\nXây dựng ASR model học sâu cho ngôn ngữ low-resource\n1. SCRAPING STOCK PRICES FROM YAHOO FINANCE\nTìm hiểu cách Scrape và xóa dữ liệu tài chính khỏi Yahoo bằng các thư viện Python khác nhau. Bạn sẽ hiểu các thành phần khác nhau của HTML và cách sử dụng thông tin đó để trích xuất các thành phần nhất định của trang web. Hơn nữa, bạn sẽ viết các hàm để phân tích cú pháp dữ liệu thô, chọn một số cổ phiếu và xuất dữ liệu dưới dạng tệp JSON.\nProject link: How to Scrape Stock Prices from Yahoo Finance with Python\n2. INSTAGRAM REACH ANALYSIS PROJECT\nTrong dự án này, bạn sẽ phân tích tập dữ liệu Instagram, sử dụng các biểu đồ trực quan khác nhau để giải thích các mẫu và xu hướng, cuối cùng là tạo một mô hình máy học đơn giản để dự đoán phạm vi tiếp cận của một bài đăng trên Instagram.\nProject link: Instagram Reach Analysis using Python\n3. FLIGHT PRICE PREDICTION WITH FLASK APP\nTrong dự án này, bạn sẽ làm sạch dữ liệu, thực hiện phân tích dữ liệu khám phá, trực quan hóa dữ liệu để hiểu xu hướng giá vé, đào tạo và đánh giá mô hình cũng như xây dựng suy luận mô hình bằng Flask.\nNếu bạn là người mới bắt đầu, đây là sự khởi đầu hoàn hảo mà bạn muốn. Bạn sẽ hiểu cách xử lý dữ liệu và triển khai giải pháp máy học của mình.\nProject link: Flight Price Prediction with Flask app\n4. TIME SERIES ANALYSIS AND FORECASTING END-TO-END PROJECT\nTrong dự án này, bạn sẽ phân tích dữ liệu và sau đó trực quan hóa xu hướng để đưa ra chiến lược dự báo tốt hơn. Sau đó, bạn sẽ huấn luyện và đánh giá mô hình ARIMA, đồng thời sử dụng các dự đoán để so sánh các xu hướng trong quá khứ và tương lai. Dự án sẽ đi sâu vào phân tích chuỗi thời gian\nProject link: An End-to-End Project on Time Series Analysis and Forecasting with Python\n5. AUTOMATIC SPEECH RECOGNITION PROJECT\nDự án này sẽ nâng cao hơn một chút. Trong dự án này, bạn sẽ học cách xử lý dữ liệu âm thanh và văn bản. Sau đó, bạn sẽ sử dụng các bộ biến áp HuggingFace để xây dựng và cải thiện các mô hình nhận dạng giọng nói đa ngôn ngữ. Ngoài ra, bạn sẽ học cách làm sạch dữ liệu âm thanh và văn bản, đồng thời sử dụng các mô hình ngôn ngữ n-gram để cải thiện chỉ số hiệu suất WER.\nProject link: Automatic Speech Recognition using Facebook wav2vec2-xls-r-300m\n-\\-\\-\\-\\-\\-\\-\\-\\-\\-\\-\\-\\-\\-\\-\\-\\-\\-\\-\\-\\-\\-\\-\\-\\-\\-\\\nĐăng ký tham gia sự kiện Breaking Into Data Science để nắm rõ lộ trình học tập và nhận tài liệu miễn phí tại đây: https://forms.gle/jCgrNQxCbDotscf68\nSee translation", "post_text": "5 DỰ ÁN PYTHON HỮU ÍCH CHO PORTFOLIO CỦA DATA SCIENTIST\nĐăng ký tham gia sự kiện Breaking Into Data Science để nắm rõ lộ trình học tập và nhận tài liệu miễn phí tại đây: https://forms.gle/jCgrNQxCbDotscf68\nNhững dự án này sẽ giúp bạn phát triển thói quen giải quyết vấn đề và cung cấp cho bạn các công cụ và khái niệm mới, đồng thời bạn sẽ hiểu trọn vẹn “vòng đời” của dự án.\nTrong năm dự án, chúng ta sẽ học cách:\nScrape live yahoo stock prices\nThực hiện phân tích dữ liệu về phạm vi tiếp cận bài đăng trên Instagram\nPhát triển một ứng dụng web để dự đoán giá vé máy bay\nThực hiện phân tích chuỗi thời gian và dự báo\nXây dựng ASR model học sâu cho ngôn ngữ low-resource\n1. SCRAPING STOCK PRICES FROM YAHOO FINANCE\nTìm hiểu cách Scrape và xóa dữ liệu tài chính khỏi Yahoo bằng các thư viện Python khác nhau. Bạn sẽ hiểu các thành phần khác nhau của HTML và cách sử dụng thông tin đó để trích xuất các thành phần nhất định của trang web. Hơn nữa, bạn sẽ viết các hàm để phân tích cú pháp dữ liệu thô, chọn một số cổ phiếu và xuất dữ liệu dưới dạng tệp JSON.\nProject link: How to Scrape Stock Prices from Yahoo Finance with Python\n2. INSTAGRAM REACH ANALYSIS PROJECT\nTrong dự án này, bạn sẽ phân tích tập dữ liệu Instagram, sử dụng các biểu đồ trực quan khác nhau để giải thích các mẫu và xu hướng, cuối cùng là tạo một mô hình máy học đơn giản để dự đoán phạm vi tiếp cận của một bài đăng trên Instagram.\nProject link: Instagram Reach Analysis using Python\n3. FLIGHT PRICE PREDICTION WITH FLASK APP\nTrong dự án này, bạn sẽ làm sạch dữ liệu, thực hiện phân tích dữ liệu khám phá, trực quan hóa dữ liệu để hiểu xu hướng giá vé, đào tạo và đánh giá mô hình cũng như xây dựng suy luận mô hình bằng Flask.\nNếu bạn là người mới bắt đầu, đây là sự khởi đầu hoàn hảo mà bạn muốn. Bạn sẽ hiểu cách xử lý dữ liệu và triển khai giải pháp máy học của mình.\nProject link: Flight Price Prediction with Flask app\n4. TIME SERIES ANALYSIS AND FORECASTING END-TO-END PROJECT\nTrong dự án này, bạn sẽ phân tích dữ liệu và sau đó trực quan hóa xu hướng để đưa ra chiến lược dự báo tốt hơn. Sau đó, bạn sẽ huấn luyện và đánh giá mô hình ARIMA, đồng thời sử dụng các dự đoán để so sánh các xu hướng trong quá khứ và tương lai. Dự án sẽ đi sâu vào phân tích chuỗi thời gian\nProject link: An End-to-End Project on Time Series Analysis and Forecasting with Python\n5. AUTOMATIC SPEECH RECOGNITION PROJECT\nDự án này sẽ nâng cao hơn một chút. Trong dự án này, bạn sẽ học cách xử lý dữ liệu âm thanh và văn bản. Sau đó, bạn sẽ sử dụng các bộ biến áp HuggingFace để xây dựng và cải thiện các mô hình nhận dạng giọng nói đa ngôn ngữ. Ngoài ra, bạn sẽ học cách làm sạch dữ liệu âm thanh và văn bản, đồng thời sử dụng các mô hình ngôn ngữ n-gram để cải thiện chỉ số hiệu suất WER.\nProject link: Automatic Speech Recognition using Facebook wav2vec2-xls-r-300m\n-\\-\\-\\-\\-\\-\\-\\-\\-\\-\\-\\-\\-\\-\\-\\-\\-\\-\\-\\-\\-\\-\\-\\-\\-\\-\\\nĐăng ký tham gia sự kiện Breaking Into Data Science để nắm rõ lộ trình học tập và nhận tài liệu miễn phí tại đây: https://forms.gle/jCgrNQxCbDotscf68\nSee translation", "time": "2022-12-30 08:59:22", "timestamp": 1672365562, "likes": 108, "reaction_count": 108, "comments_full": "..\n"},
{"original_request_url": "https://m.facebook.com/5781127052006013", "post_url": "https://m.facebook.com/5781127052006013", "post_id": 5781127052006013, "text": "Happy New Year 2023!!! Tuyển dụng và quảng cáo tháng 1: các bạn lưu ý giúp nhé, tất cả các bài viết tuyển dụng và các hình thức quảng cáo bao gồm quảng cáo lớp học (ngoại trừ các bài được sponsor) thì phải được đăng bằng cách comment dưới post này. Thành viên vi phạm sẽ sẽ được mời ra khỏi group. Mong các bạn chú ý. Lưu ý: các bạn khi đăng bài nên thêm hashtag để dễ tìm và lọc, ví dụ: #bigdata #computervision #machinelearning #tuyendung #lophoc\nSee translation", "post_text": "Happy New Year 2023!!! Tuyển dụng và quảng cáo tháng 1: các bạn lưu ý giúp nhé, tất cả các bài viết tuyển dụng và các hình thức quảng cáo bao gồm quảng cáo lớp học (ngoại trừ các bài được sponsor) thì phải được đăng bằng cách comment dưới post này. Thành viên vi phạm sẽ sẽ được mời ra khỏi group. Mong các bạn chú ý. Lưu ý: các bạn khi đăng bài nên thêm hashtag để dễ tìm và lọc, ví dụ: #bigdata #computervision #machinelearning #tuyendung #lophoc\nSee translation", "time": "2023-01-01 06:31:41", "timestamp": 1672529501, "likes": 18, "reaction_count": 18, "comments_full": "GHN-HCM Tuyển Data Engineer. YOE 4 năm. Range: upto 2500$ #tuyendung\n[Hà Nội & Đà Nẵng] - Gear Inc Tuyển Dụng\n\n👉 Workforce Management Analyst\n👉 MIS Data Analyst\n👉 Real-time Analyst\n\nYêu cầu chung:\n⁣　　✅ Có tư duy logic, khả năng phân tích và tổng hợp dữ liệu tốt\n⁣　　✅ Có từ 1 năm kinh nghiệm ở vị trí liên quan\n⁣　　✅ Có kinh nghiệm ở lĩnh vực BPO\n⁣　　✅ Thành thạo trong việc sử dụng Google Spreadsheet, Excel\n⁣　　✅ Tiếng Anh tốt (nói và viết)\nĐịa điểm làm việc: Hai Bà Trưng, Hà Nội / Thanh Khê, Đà Nẵng\n+ Workforce Management Analyst\nhttps://\nwww.careers-page\n.com/\ngear-inc-2/job/\nQX69VVWY\n+ MIS Data Analyst\nhttps://\nwww.careers-page\n.com/\ngear-inc-2/job/\nL4VR99W7\n+ Real-time Analyst\nhttps://\nwww.careers-page\n.com/\ngear-inc-2/job/\nL74X8833\n\nNhanh tay gửi CV về hòm thư jobs@gearinc.co\nm để trở thành một Gear-er nhé!\n#dataanalyst #tuyendung\n𝐃𝐈𝐀𝐆 𝐂𝐀𝐑𝐄𝐄𝐑𝐒 | #Diag is looking for Tech positions:\n\n𝐅𝐫𝐨𝐧𝐭𝐄𝐧𝐝 𝐋𝐞𝐚𝐝 (2.5k-3.0k USD gross + attractive KPI bonus)\n𝐒𝐞𝐧𝐢𝐨𝐫 𝐏𝐇𝐏 𝐃𝐞𝐯𝐞𝐥𝐨𝐩𝐞𝐫 (1.8k-2.5k USD gross + attractive KPI bonus)\n𝐒𝐞𝐧𝐢𝐨𝐫 𝐅𝐫𝐨𝐧𝐭𝐞𝐧𝐝 𝐃𝐞𝐯𝐞𝐥𝐨𝐩𝐞𝐫 (1.8k-2.5k USD gross + attractive KPI bonus)\n𝐏𝐲𝐭𝐡𝐨𝐧 𝐄𝐧𝐠𝐢𝐧𝐞𝐞𝐫 (1.8k-2.5k USD gross + attractive KPI bonus)\n\nShout out to all #Tech talented candidates who #opentowork and would love to start a new interesting journey, #Diag is welcoming you to take this opportunity!.\n\n📍 𝐖𝐎𝐑𝐊𝐈𝐍𝐆 𝐏𝐋𝐀𝐂𝐄: 414-420 Cao Thang Street, Ward 12, District 10, Ho Chi Minh City, Vietnam (hybrid condition)\n\n👉 If you are interested any position, do not hesitate to apply by sending your updated resume to Mr. Phuc via email 𝐏𝐡𝐮𝐜.𝐂𝐡𝐮𝐧𝐠@𝐝𝐢𝐚𝐠\n.𝐯𝐧 by 𝐉𝐚𝐧𝐮𝐚𝐫𝐲 𝟑𝟏𝐬𝐭 𝟐𝟎𝟐𝟑 for the next step.\n\nThank you and have a productive working week!\n\n#Diag #diaglaboratorie\ns #hcm #opportunity #opentowork #job #hcm\n\n#softwaredevelop\ner #webdeveloper #softwareenginee\nring #vuejs #vuejsdeveloper #javadeveloper #javascript #webpack #jsframework #frontenddevelop\ner #frontendjobs #userexperience #userinterface #reactjs #coding #technicallead #fullstackdevelo\nper #frontendlead #frontendsenior #technicalarchi\ntect\n\n#php #phpdevelopers #phpjobs #phpwebdevelopm\nent #phpprogramming\n\n#python #pythondevelope\nr #pythonjobs #pythonprogramm\ning #pythondevelope\nr #pythonprogramm\ninglanguage\n\n#techjob #sharejob #IT #techjob #techhiring #tech #techjobs #techcareers #techcompany\n"},
{"original_request_url": "https://m.facebook.com/5776512175800834", "post_url": "https://m.facebook.com/5776512175800834", "post_id": 5776512175800834, "text": "Chào các anh chị kỹ sư Big Data! Em xin giới thiệu em là Ngọc Trâm - Đại diện trường Transport and Telecommunication Institute (TSI) ở Riga, Latvia. Em xin giới thiệu anh chị Học bổng 100% học phí lấy bằng Thạc sĩ Computer Science của Anh Quốc tại EU cùng cơ hội làm việc full time cho Tập đoàn Deloitte danh tiếng tại EU sau khi tốt nghiệp, giành cho các ứng viên có ít nhất 3 năm kinh nghiệm trong ngành Data, Cloud Data, Big Data, Data Science.\nHọc bổng Deloitte Scholarship: Giá trị 100% học phí cho 1.5 năm học thạc sĩ cấp bằng của Anh Quốc tại Latvia cùng vị trí làm việc chính thức tại Deloitte Latvia.\nLink học bổng: https://tsi.lv/opportunity-to-earn-msc-degree-in-ai.../\nYêu cầu: Ứng viên tốt nghiệp đại học ngành Khoa học máy tính với điểm số xuất sắc, IELTS từ 6.0. Ứng viên có ít nhất 3 năm kinh nghiệm làm việc trong lĩnh vực Data, Data Science, Data Engineering, Big Data, Cloud Data... Xác nhận công tác tại cơ quan chủ quản là giấy tờ cần thiết để xin học bổng. (Đại diện trường có thể gửi mẫu gợi ý xác nhận công tác.). Các ứng viên học đại học bằng tiếng Anh không cần thi IELTS hay TOEFL mà chỉ cần xin trường cấp giấy xác nhận Medium of Instruction Letter (MOI) xác nhận là đã học và thi bằng tiếng Anh.\nThời gian ứng tuyển: Học bổng mở đơn từ tháng 2/2023 đến cuối tháng 4/2023\nChương trình học: Thạc sĩ Computer Science: Data Analytics and Artificial Intelligence, bằng đôi, liên kết với University of West England (UWE) của Anh. Sinh viên tốt nghiệp sẽ được nhận 2 bẳng của UWE (Anh Quốc) và TSI (Latvia). Trường TSI đứng thứ 8 tại Latvia.\nĐịa điểm học: Thủ đô Riga, Latvia.\nChi phí sinh hoạt tại Latvia là 500 EUR/tháng. Sinh viên thạc sĩ được đi làm thêm 40 giờ/tuần, đủ trang trải chi phí sinh hoạt.\nNgoài ra, chính phủ Latvia cấp học bổng Latvian Government Scholarship cho sinh viên nhiều nước, trong đó có Việt Nam, với mức trợ cấp là 500 EUR/tháng (đủ sinh hoạt phí) cho 10 tháng (1 năm học). Học bổng mở đơn từ tháng 2/2023 và đóng đơn vào 1/4/2023: .https://tsi.lv/.../latvian-state-scholarships-for.../\nLatvia là thành viên của khối EU và Schengen. Du học sinh tại Latvia sẽ được tự do đi lại trong 26 nước thuộc khối Schengen.\nMọi thông tin chi tiết về học bổng và khoá học, vui lòng liên hệ: Chị Trâm - Country Manager: 0934554491 hoặc inbox Facebook Messenger.\nSee translation", "post_text": "Chào các anh chị kỹ sư Big Data! Em xin giới thiệu em là Ngọc Trâm - Đại diện trường Transport and Telecommunication Institute (TSI) ở Riga, Latvia. Em xin giới thiệu anh chị Học bổng 100% học phí lấy bằng Thạc sĩ Computer Science của Anh Quốc tại EU cùng cơ hội làm việc full time cho Tập đoàn Deloitte danh tiếng tại EU sau khi tốt nghiệp, giành cho các ứng viên có ít nhất 3 năm kinh nghiệm trong ngành Data, Cloud Data, Big Data, Data Science.\nHọc bổng Deloitte Scholarship: Giá trị 100% học phí cho 1.5 năm học thạc sĩ cấp bằng của Anh Quốc tại Latvia cùng vị trí làm việc chính thức tại Deloitte Latvia.\nLink học bổng: https://tsi.lv/opportunity-to-earn-msc-degree-in-ai.../\nYêu cầu: Ứng viên tốt nghiệp đại học ngành Khoa học máy tính với điểm số xuất sắc, IELTS từ 6.0. Ứng viên có ít nhất 3 năm kinh nghiệm làm việc trong lĩnh vực Data, Data Science, Data Engineering, Big Data, Cloud Data... Xác nhận công tác tại cơ quan chủ quản là giấy tờ cần thiết để xin học bổng. (Đại diện trường có thể gửi mẫu gợi ý xác nhận công tác.). Các ứng viên học đại học bằng tiếng Anh không cần thi IELTS hay TOEFL mà chỉ cần xin trường cấp giấy xác nhận Medium of Instruction Letter (MOI) xác nhận là đã học và thi bằng tiếng Anh.\nThời gian ứng tuyển: Học bổng mở đơn từ tháng 2/2023 đến cuối tháng 4/2023\nChương trình học: Thạc sĩ Computer Science: Data Analytics and Artificial Intelligence, bằng đôi, liên kết với University of West England (UWE) của Anh. Sinh viên tốt nghiệp sẽ được nhận 2 bẳng của UWE (Anh Quốc) và TSI (Latvia). Trường TSI đứng thứ 8 tại Latvia.\nĐịa điểm học: Thủ đô Riga, Latvia.\nChi phí sinh hoạt tại Latvia là 500 EUR/tháng. Sinh viên thạc sĩ được đi làm thêm 40 giờ/tuần, đủ trang trải chi phí sinh hoạt.\nNgoài ra, chính phủ Latvia cấp học bổng Latvian Government Scholarship cho sinh viên nhiều nước, trong đó có Việt Nam, với mức trợ cấp là 500 EUR/tháng (đủ sinh hoạt phí) cho 10 tháng (1 năm học). Học bổng mở đơn từ tháng 2/2023 và đóng đơn vào 1/4/2023: .https://tsi.lv/.../latvian-state-scholarships-for.../\nLatvia là thành viên của khối EU và Schengen. Du học sinh tại Latvia sẽ được tự do đi lại trong 26 nước thuộc khối Schengen.\nMọi thông tin chi tiết về học bổng và khoá học, vui lòng liên hệ: Chị Trâm - Country Manager: 0934554491 hoặc inbox Facebook Messenger.\nSee translation", "time": "2022-12-30 15:48:09", "timestamp": 1672390089, "likes": 27, "reaction_count": 27, "comments_full": "Tony\n"},
{"original_request_url": "https://m.facebook.com/5776529345799117", "post_url": "https://facebook.com/story.php?story_fbid=pfbid0i4kKB15f5Xdet7REMsVj5UbfV7odTE9qDc2sXEAqa3MFGP5S2FuQaT9aEvECFX56l&id=101464274796063", "post_id": 5776529345799117, "text": "📌BẠN ĐÃ SẴN SÀNG CHINH PHỤC VÒNG PHỎNG VẤN DATA ANALYST CHƯA?\n\nVòng phỏng vấn luôn là vòng căng thẳng nhất đối với các ứng viên Data Analyst. Bởi, ở vòng này bạn phải chứng minh năng lực của mình phù hợp với yêu cầu của doanh nghiệp trong thời gian ngắn. Vậy bạn cần trang bị cho mình những gì trong vòng phỏng vấn? Cùng tìm hiểu trong bài viết dưới đây nhé!\n\n📍1. Bạn đã thành thạo sử dụng công cụ chưa ?\nCó 4 technical skills vô cùng thông dụng và được nhiều công ty chú ý: SQL, Python, Power BI và Excel. Tại sao bạn chỉ cần biết dùng 2 trên 4 kỹ năng kỹ thuật này? Phần lớn các công việc đăng tuyển không yêu cầu bạn phải biết hay thành thạo tất cả. Các nhà tuyển dụng đôi khỉ chỉ cần bạn thực sự thành thạo SQL hay Python, hoặc rất tốt trong việc trực quan hóa dữ liệu. Nếu như bạn đã làm quen được với Python và Excel hay SQL và Excel (Excel vẫn là công cụ tốt để xử lý dữ liệu), bạn hoàn toàn có thể bắt đầu nộp đơn ứng tuyển.\n\n📍2. Kinh nghiệm làm việc của bạn liệu có đủ ?\n\nViệc làm quen và sử dụng Python hay SQL là một chuyện. Bạn cần phải chứng minh cho nhà tuyển dụng thấy khả năng ứng dụng bài học vào trong thực tế. Khi bạn đã có kinh nghiệm? Quá tuyệt vời, bạn bớt 1 nỗi lo. Còn không? Hãy bắt tay ngay vào tự xây dựng dự án của riêng mình. Bạn có thể tham khảo những dữ liệu thứ cấp và tham khảo ý tưởng dự án qua các bài đăng của MCI, sử dụng kiến thức về ngôn ngữ SQL hay Python của mình, chinh phục những nhà tuyển dụng khó tính nhất.\n\n📍3. Bạn đã chuẩn bị gì cho vòng test technical skills ?\n\nKhi bạn ứng tuyển vị trí phân tích dữ liệu, bạn có thể được gọi đi phỏng vấn bất cứ lúc nào. Chuẩn bị cho phòng phỏng vấn đã khó, chuẩn bị cho vòng kỹ năng kỹ thuật còn khó hơn. Có 2 websites vô cùng hữu ích cho các bạn để luôn luyện tập, trong tâm thế “bị” gọi đi phỏng vấn là Leetcode và Strata Scratch, đặc biệt là với Python và SQL.\n\nThực tế là, với các vị trí entry-level/ fresher, nhà tuyển dụng sẽ kỳ vọng bạn thành thạo ngôn ngữ/ công cụ mà doanh nghiệp yêu cầu. Những công cụ còn lại bạn sẽ được học hỏi trong quá trình làm việc. Chính vì vậy, hãy nghiên cứu thật kỹ JD, tìm ra từ khóa và luyện tập để tự tin thể hiện bản thân trong vòng phỏng vấn.\nChúc bạn thành công!\n-\\-\\-\\-\\-\\-\\-\\-\\-\\-\\-\\-\\-\\-\\-\\-\\-\\-\\-\\-\\-\\-\\-\\-\\-\\-\\-\\-\\-\\-\\-\\-\\-\\-\\-\\-\\-\\-\\-\\-\\-\\-\\-\\-\\-\\-\\-\\-\\-\nHỌC VIỆN ĐÀO TẠO LẬP TRÌNH MCI #TOP1 đào tạo về Big Data, IT Business Analyst, RPA UiPath Automation, Web Development, Mobile App Development, Python, R, SQL, Power BI, Excel, VBA tại Việt Nam\n► Website: https://mcivietnam.com/\n► Youtube: https://bit.ly/3doaHcn\n► Group cộng đồng Phân tích Dữ liệu: https://bit.ly/3EOW0eg\n🏠 Trụ sở: Số 5 ngách 23 ngõ 165 Thái Hà, Đống Đa, Hà Nội\n-\\-\\-\\-\\-\\-\\-\\-\\-\\-\\-\\-\\-\\-\\-\\-\\-\\-\\-\\-\\-\\-\\-\\-\\-\\-\\-\\-\\-\\-\\-\\-\\-\\-\\-\\-\\-\\-\\-\\-\\-\\-\\-\\-\\-\\-\\-\\-\\-\nCơ sở giảng dạy:\n• CS1: 5 ngách 23 ngõ 165 Thái Hà, Đống Đa, Hà Nội\n• CS2: 30 Trung Liệt, Đống Đa, HN\n• CS3: 13 Cao Thắng, Phường 02, Quận 03, TP HCM\n• CS4: 224 Điện Biên Phủ, Phường Võ Thị Sáu, Quận 3, TP HCM\n💪 MCI Thúc đẩy một Việt Nam số!", "post_text": "📌BẠN ĐÃ SẴN SÀNG CHINH PHỤC VÒNG PHỎNG VẤN DATA ANALYST CHƯA?\n\nVòng phỏng vấn luôn là vòng căng thẳng nhất đối với các ứng viên Data Analyst. Bởi, ở vòng này bạn phải chứng minh năng lực của mình phù hợp với yêu cầu của doanh nghiệp trong thời gian ngắn. Vậy bạn cần trang bị cho mình những gì trong vòng phỏng vấn? Cùng tìm hiểu trong bài viết dưới đây nhé!\n\n📍1. Bạn đã thành thạo sử dụng công cụ chưa ?\nCó 4 technical skills vô cùng thông dụng và được nhiều công ty chú ý: SQL, Python, Power BI và Excel. Tại sao bạn chỉ cần biết dùng 2 trên 4 kỹ năng kỹ thuật này? Phần lớn các công việc đăng tuyển không yêu cầu bạn phải biết hay thành thạo tất cả. Các nhà tuyển dụng đôi khỉ chỉ cần bạn thực sự thành thạo SQL hay Python, hoặc rất tốt trong việc trực quan hóa dữ liệu. Nếu như bạn đã làm quen được với Python và Excel hay SQL và Excel (Excel vẫn là công cụ tốt để xử lý dữ liệu), bạn hoàn toàn có thể bắt đầu nộp đơn ứng tuyển.\n\n📍2. Kinh nghiệm làm việc của bạn liệu có đủ ?\n\nViệc làm quen và sử dụng Python hay SQL là một chuyện. Bạn cần phải chứng minh cho nhà tuyển dụng thấy khả năng ứng dụng bài học vào trong thực tế. Khi bạn đã có kinh nghiệm? Quá tuyệt vời, bạn bớt 1 nỗi lo. Còn không? Hãy bắt tay ngay vào tự xây dựng dự án của riêng mình. Bạn có thể tham khảo những dữ liệu thứ cấp và tham khảo ý tưởng dự án qua các bài đăng của MCI, sử dụng kiến thức về ngôn ngữ SQL hay Python của mình, chinh phục những nhà tuyển dụng khó tính nhất.\n\n📍3. Bạn đã chuẩn bị gì cho vòng test technical skills ?\n\nKhi bạn ứng tuyển vị trí phân tích dữ liệu, bạn có thể được gọi đi phỏng vấn bất cứ lúc nào. Chuẩn bị cho phòng phỏng vấn đã khó, chuẩn bị cho vòng kỹ năng kỹ thuật còn khó hơn. Có 2 websites vô cùng hữu ích cho các bạn để luôn luyện tập, trong tâm thế “bị” gọi đi phỏng vấn là Leetcode và Strata Scratch, đặc biệt là với Python và SQL.\n\nThực tế là, với các vị trí entry-level/ fresher, nhà tuyển dụng sẽ kỳ vọng bạn thành thạo ngôn ngữ/ công cụ mà doanh nghiệp yêu cầu. Những công cụ còn lại bạn sẽ được học hỏi trong quá trình làm việc. Chính vì vậy, hãy nghiên cứu thật kỹ JD, tìm ra từ khóa và luyện tập để tự tin thể hiện bản thân trong vòng phỏng vấn.\nChúc bạn thành công!\n-\\-\\-\\-\\-\\-\\-\\-\\-\\-\\-\\-\\-\\-\\-\\-\\-\\-\\-\\-\\-\\-\\-\\-\\-\\-\\-\\-\\-\\-\\-\\-\\-\\-\\-\\-\\-\\-\\-\\-\\-\\-\\-\\-\\-\\-\\-\\-\\-\nHỌC VIỆN ĐÀO TẠO LẬP TRÌNH MCI #TOP1 đào tạo về Big Data, IT Business Analyst, RPA UiPath Automation, Web Development, Mobile App Development, Python, R, SQL, Power BI, Excel, VBA tại Việt Nam\n► Website: https://mcivietnam.com/\n► Youtube: https://bit.ly/3doaHcn\n► Group cộng đồng Phân tích Dữ liệu: https://bit.ly/3EOW0eg\n🏠 Trụ sở: Số 5 ngách 23 ngõ 165 Thái Hà, Đống Đa, Hà Nội\n-\\-\\-\\-\\-\\-\\-\\-\\-\\-\\-\\-\\-\\-\\-\\-\\-\\-\\-\\-\\-\\-\\-\\-\\-\\-\\-\\-\\-\\-\\-\\-\\-\\-\\-\\-\\-\\-\\-\\-\\-\\-\\-\\-\\-\\-\\-\\-\\-\nCơ sở giảng dạy:\n• CS1: 5 ngách 23 ngõ 165 Thái Hà, Đống Đa, Hà Nội\n• CS2: 30 Trung Liệt, Đống Đa, HN\n• CS3: 13 Cao Thắng, Phường 02, Quận 03, TP HCM\n• CS4: 224 Điện Biên Phủ, Phường Võ Thị Sáu, Quận 3, TP HCM\n💪 MCI Thúc đẩy một Việt Nam số!", "shared_text": "", "time": "2022-12-30 15:57:29", "timestamp": 1672390649, "likes": 13, "reaction_count": 13, "comments_full": "Đỗ Hải\n"},
{"original_request_url": "https://m.facebook.com/5767973699988015", "post_url": "https://m.facebook.com/5767973699988015", "post_id": 5767973699988015, "text": "Không biết anh em đang dùng Server của nhà cung cấp nào nhỉ ?", "post_text": "Không biết anh em đang dùng Server của nhà cung cấp nào nhỉ ?", "shared_text": "", "original_text": null, "time": "2022-12-27 11:16:12", "timestamp": 1672114572, "likes": 2, "reaction_count": 2, "comments_full": ["https://\nhacuong.net/ Em mạnh dạn tự ứng cử, chuyên server chính hãng, sẵn hàng nhiều cấu hình và đặc biệt GPU cho server luốn sẵn kho\n"]}]