[{"original_request_url": "https://m.facebook.com/5853912871394097", "post_url": "https://facebook.com/story.php?story_fbid=pfbid037SUqqhTiRgRu4G7UxgKUaW79XkbancLeTtxG15CoGjTq6qhGQpLXuMQPTvgBzJ3Rl&id=100057617876681", "post_id": 5853912871394097, "text": "Nhiều bạn hỏi trên Group về việc làm sao để chọn các siêu tham số như: số lớp ẩn, số unit trong lớp ẩn, learning rate... cho tối ưu. Hôm nay mình chia sẻ bài này hi vọng giúp được các bạn nhé!\n\nChúc các bạn thành công!\n\nMì AI Blog\n16 January at 17:14 ·\n\n🔴Tối ưu hoá \"Siêu tham số\" / HyperParameters Tuning - Mì AI\n\n✅ Link video: https://youtu.be/L0pJImyKNvg\n-\\-\\-\\-\\\nNhiều bạn hỏi trên Group trao đổi, chia sẻ: https://facebook.com/groups/miaigroup về việc làm sao để chọn các siêu tham số như: số lớp ẩn, số unit trong lớp ẩn, learning rate... cho tối ưu. Hôm nay mình chia sẻ bài này hi vọng giúp được các bạn nhé!\n\nChúc các bạn thành công!", "post_text": "Nhiều bạn hỏi trên Group về việc làm sao để chọn các siêu tham số như: số lớp ẩn, số unit trong lớp ẩn, learning rate... cho tối ưu. Hôm nay mình chia sẻ bài này hi vọng giúp được các bạn nhé!\n\nChúc các bạn thành công!", "shared_text": "Mì AI Blog\n16 January at 17:14 ·\n\n🔴Tối ưu hoá \"Siêu tham số\" / HyperParameters Tuning - Mì AI\n\n✅ Link video: https://youtu.be/L0pJImyKNvg\n-\\-\\-\\-\\\nNhiều bạn hỏi trên Group trao đổi, chia sẻ: https://facebook.com/groups/miaigroup về việc làm sao để chọn các siêu tham số như: số lớp ẩn, số unit trong lớp ẩn, learning rate... cho tối ưu. Hôm nay mình chia sẻ bài này hi vọng giúp được các bạn nhé!\n\nChúc các bạn thành công!", "time": "2023-01-26 08:47:19", "timestamp": 1674697639, "likes": 31, "reaction_count": 31, "comments_full": "Hay quá bro ơi\nTrần Chánh Trực Thanks và chúc mừng năm mới Bro nhé!\nThang Nguyen Chien happy new year Bro, chúc Bro cùng gia đình luôn khoẻ, an vui, hạnh phúc và thành công trên nhiều lĩnh vực nữa nhé\n"},
{"original_request_url": "https://m.facebook.com/5850529431732441", "post_url": "https://m.facebook.com/5850529431732441", "post_id": 5850529431732441, "text": "YOUTUBE.COM\nHướng dẫn sử dụng Latex để soạn CV, Cover Letter, Report, Thesis và nhiều tài liệu khác", "post_text": "", "shared_text": "YOUTUBE.COM\nHướng dẫn sử dụng Latex để soạn CV, Cover Letter, Report, Thesis và nhiều tài liệu khác", "time": "2023-01-25 06:07:16", "timestamp": 1674601636, "likes": 423, "reaction_count": 423, "comments_full": "chính ra Latex nếu dùng quen rồi thì mình thấy nhanh và tốc độ hơn Word rất nhiều. Viết latex thật ra chỉ mất thời gian đoạn đầu format lại thôi chứ nếu viết dạng thesis/reports liên tục thì rất tiện.\nData Science reports thì mình dùng Jupyter notebook hay R markdown. Còn lại như CV, thesis, report, cover letters, etc thì cứ dùng MS word cho lẹ 😆chứ Latex với mình thì chỉnh sữa hơi mất công hơn.\nLatex mục đích chủ yếu nó soạn cho văn bản bên ngành khoa học như toán, lý, hoá,... vì số lượng công thức cũng như các type nhiều chứ dùng soạn CV hay các công việc khác nó không hay bằng word hay các công cụ tương đương.\nSơn Hoài Ân word có tính năng nhận dạng công thức toán viết tay nghen, mình đã xài để viết luận văn và thấy rất ok.\nTrần Anh Dũng nhưng font mặc định là Cambria Math và không thể đổi font được.\nBên cạnh đó thì gõ phân thức trên cùng dòng chứa văn bản thì cũng bị xấu!\nTrung Quân Meaningful bro\nHưng Thạnh okay nice\nThêm một lựa chọn bổ ích ngoài markdown. Tks bạn.\nWord version control không tốt bằng những thứ có source như Markdown hay Latex. Chưa thấy ai dùng git với word cả.\nLaTEX là đẹp và chuyên nghiệp nhất.\nHai Xuan Le Em xài cái này gần 20 năm trước đây để viết luận văn. Hồi đấy Word còn lousy lắm :)\nThe Anh Nguyen anh cũng dùng nên thích.\nMình vẫn hay làm CV bằng latex :'(\nword nó có tính năng nhận dạng biểu thức toán học viết tay (viết lên bảng wacom) thì latex cũng khó so được đấy thớt :))\nTrần Anh Dũng latex cài thêm extension cũng được, nhưng Latex khi cần chỉnh sửa thì khá rối nếu người tạo không biết cách đặt layout.\nSơn Hoài Ân chuẩn thớt, đấy là nhược điểm chính đó, muốn edit thì cực kì chuối :D\n"},
{"original_request_url": "https://m.facebook.com/5853160481469336", "post_url": "https://m.facebook.com/5853160481469336", "post_id": 5853160481469336, "text": "COURSERA.ORG\nMathematics for Machine Learning and Data Science", "post_text": "", "shared_text": "COURSERA.ORG\nMathematics for Machine Learning and Data Science", "time": "2023-01-26 02:18:25", "timestamp": 1674674305, "likes": 48, "reaction_count": 48, "comments_full": ""},
{"original_request_url": "https://m.facebook.com/5850892248362826", "post_url": "https://m.facebook.com/5850892248362826", "post_id": 5850892248362826, "text": "Chia sẻ với mọi người cuốn sách mới ra mắt Understanding Deep Learning của Simon J.D Prince. Cuốn sách bao gồm cả những trends mới nhất hiện nay như Diffusion Model.\n\nUDLBOOK.GITHUB.IO\nudlbook.github.io", "post_text": "Chia sẻ với mọi người cuốn sách mới ra mắt Understanding Deep Learning của Simon J.D Prince. Cuốn sách bao gồm cả những trends mới nhất hiện nay như Diffusion Model.", "shared_text": "UDLBOOK.GITHUB.IO\nudlbook.github.io", "time": "2023-01-25 09:13:03", "timestamp": 1674612783, "likes": 71, "reaction_count": 71, "comments_full": ".\n👏👏👏\n"},
{"original_request_url": "https://m.facebook.com/5852074791577905", "post_url": "https://facebook.com/story.php?story_fbid=pfbid031Jg4fQXyoB23x4MsA6qL6caKqNscjhRVwaKE3EeSJBosyMHsdDGc9SSgzDhJTThil&id=100089445885560", "post_id": 5852074791577905, "text": "THAM SỐ VÀ SIÊU THAM SỐ TRONG HỌC MÁY\n\nTham số (parameters) và siêu tham số (hyperparameters) là 2 thuật ngữ gây khó hiểu trong machine learning (ML). Hãy cùng phân biệt 2 thuật ngữ này.\n\n𝐏𝐚𝐫𝐚𝐦𝐞𝐭𝐞𝐫𝐬\n\nParameters là các giá trị mà ML model học được một cách tự động (automatically) từ dữ liệu trong quá trình training bởi các thuật toán tối ưu (như Gradient Descent, Adam, Adagrad).\n\nParameters được dùng để cực tiểu lỗi sai (loss/error) trên training data giữa dự đoán của model và giá trị thực sự của nó, và sau đó đưa ra dự đoán trên dữ liệu mới (new unseen data).\n\nVí dụ, trong một model hồi quy tuyến tính (linear regression model), model học ra các giá trị của các hệ số của phương trình tuyến tính (linear equations) mà “fit” tốt nhất training data. Các giá trị này chính là tham số của model.\n\n𝐇𝐲𝐩𝐞𝐫𝐩𝐚𝐫𝐚𝐦𝐞𝐭𝐞𝐫𝐬\n\nHyperparameters (còn được gọi là metaparameters, free parameters, tuning parameters) là các giá trị được xác định một cách thủ công (manually) hoặc tự động qua quá trình điều chỉnh (hyperparameter tuning) (như Grid Search, Random Search, Bayesian Optimiazation) trước khi bắt đầu training 1 model và không thể được tính toán bởi model.\n\nHyperparameters giúp kiểm soát quá trình học của model (chẳng hạn như độ phức tạp hay tốc độ học của model). Nghĩa là, hyperparameters được dùng để tính toán ra parameters, tiền tố “hyper-” chỉ ra rằng nó ở một mức cao hơn.\n\nVí dụ, trong mạng nơ-ron (neural networks), số lượng các lớp và số lượng nơ-ron trong mỗi lớp là hyperparameters.\n\n𝐍𝐡𝐮̛ 𝐯𝐚̣̂𝐲, 𝐭𝐫𝐨𝐧𝐠 𝐤𝐡𝐢:\n\n• parameters là đầu ra thì hyperparameters lại là một phần của đầu vào qúa trình training model.\n• parameters quyết định hiệu suất của model trên new unseen data thì hyperparameters lại quyết định sự hiệu quả của quá trình tìm ra parameters.\n\nImage: aporras\n\n#LearnAIwithTueMinh #AI #ArtificialIntelligence #DataScience #MachineLearning #DeepLearning #parameters #hyperparameters", "post_text": "THAM SỐ VÀ SIÊU THAM SỐ TRONG HỌC MÁY\n\nTham số (parameters) và siêu tham số (hyperparameters) là 2 thuật ngữ gây khó hiểu trong machine learning (ML). Hãy cùng phân biệt 2 thuật ngữ này.\n\n𝐏𝐚𝐫𝐚𝐦𝐞𝐭𝐞𝐫𝐬\n\nParameters là các giá trị mà ML model học được một cách tự động (automatically) từ dữ liệu trong quá trình training bởi các thuật toán tối ưu (như Gradient Descent, Adam, Adagrad).\n\nParameters được dùng để cực tiểu lỗi sai (loss/error) trên training data giữa dự đoán của model và giá trị thực sự của nó, và sau đó đưa ra dự đoán trên dữ liệu mới (new unseen data).\n\nVí dụ, trong một model hồi quy tuyến tính (linear regression model), model học ra các giá trị của các hệ số của phương trình tuyến tính (linear equations) mà “fit” tốt nhất training data. Các giá trị này chính là tham số của model.\n\n𝐇𝐲𝐩𝐞𝐫𝐩𝐚𝐫𝐚𝐦𝐞𝐭𝐞𝐫𝐬\n\nHyperparameters (còn được gọi là metaparameters, free parameters, tuning parameters) là các giá trị được xác định một cách thủ công (manually) hoặc tự động qua quá trình điều chỉnh (hyperparameter tuning) (như Grid Search, Random Search, Bayesian Optimiazation) trước khi bắt đầu training 1 model và không thể được tính toán bởi model.\n\nHyperparameters giúp kiểm soát quá trình học của model (chẳng hạn như độ phức tạp hay tốc độ học của model). Nghĩa là, hyperparameters được dùng để tính toán ra parameters, tiền tố “hyper-” chỉ ra rằng nó ở một mức cao hơn.\n\nVí dụ, trong mạng nơ-ron (neural networks), số lượng các lớp và số lượng nơ-ron trong mỗi lớp là hyperparameters.\n\n𝐍𝐡𝐮̛ 𝐯𝐚̣̂𝐲, 𝐭𝐫𝐨𝐧𝐠 𝐤𝐡𝐢:\n\n• parameters là đầu ra thì hyperparameters lại là một phần của đầu vào qúa trình training model.\n• parameters quyết định hiệu suất của model trên new unseen data thì hyperparameters lại quyết định sự hiệu quả của quá trình tìm ra parameters.\n\nImage: aporras\n\n#LearnAIwithTueMinh #AI #ArtificialIntelligence #DataScience #MachineLearning #DeepLearning #parameters #hyperparameters", "shared_text": "", "time": "2023-01-25 18:59:06", "timestamp": 1674647946, "likes": 15, "reaction_count": 15, "comments_full": ""},
{"original_request_url": "https://m.facebook.com/5845147115604006", "post_url": "https://m.facebook.com/5845147115604006", "post_id": 5845147115604006, "text": "Năm mới chúc mọi người nhiều sức khoẻ và thành công.\n\nKhai code đầu năm. Chia sẻ với mọi người cách tạo mini ChatGPT với OpenAI API để khắc phục nhược điểm của ChatGPT hiện nay.\n\nWish everyone a lot of health and success in the new year.\n\nOpen code at the beginning of the year. Sharing with everyone how to create ChatGPT mini with OpenAI API to fix the current ChatGPT drawbacks.\nhttps://youtu.be/-dxQejVI5lI\n\nYOUTUBE.COM\nTạo AI ChatBot với OpenAI API #aichatbot #chatbot #chatgpt #openai", "post_text": "Năm mới chúc mọi người nhiều sức khoẻ và thành công.\n\nKhai code đầu năm. Chia sẻ với mọi người cách tạo mini ChatGPT với OpenAI API để khắc phục nhược điểm của ChatGPT hiện nay.\n\nWish everyone a lot of health and success in the new year.\n\nOpen code at the beginning of the year. Sharing with everyone how to create ChatGPT mini with OpenAI API to fix the current ChatGPT drawbacks.\nhttps://youtu.be/-dxQejVI5lI", "shared_text": "YOUTUBE.COM\nTạo AI ChatBot với OpenAI API #aichatbot #chatbot #chatgpt #openai", "time": "2023-01-23 11:06:30", "timestamp": 1674446790, "likes": 19, "reaction_count": 19, "comments_full": "Cam on bác\n💯👏👏👏\nTrần Văn Huy\n"},
{"original_request_url": "https://m.facebook.com/5848652565253461", "post_url": "https://facebook.com/story.php?story_fbid=pfbid0SR6sFPqdZHRcdEFhnrJ95Xu8YGFkbcYv7QwrQcbwVCXM7N8PGRSnv1YWtd6Y69kcl&id=100089445885560", "post_id": 5848652565253461, "text": "𝐁𝐈𝐀𝐒 & 𝐕𝐀𝐑𝐈𝐀𝐍𝐂𝐄\n\nTrong machine learning (ML), bias và variance là hai khái niệm có vai trò quan trọng trong việc quyết định hiệu suất của một model.\n\nSự đánh đổi bias-variance (bias-variance tradeoff) đề cập đến sự cân bằng giữa khả năng của một model để “fit” (khớp) dữ liệu huấn luyện và khả năng để khái quát hóa vào dữ liệu mới mà chưa được model nhìn thấy (new, unseen data).\n\n𝟏. 𝐋𝐨̂̃𝐢 𝐬𝐚𝐢 𝐝𝐮̛̣ đ𝐨𝐚́𝐧 𝐜𝐮̉𝐚 𝐦𝐨𝐝𝐞𝐥\n\nMục tiêu của bất kỳ mô hình ML nào là giảm thiểu lỗi sai dự đoán (prediciton error) trên dữ liệu mới mà model chưa được nhìn thấy. Lỗi sai dự đoán, là sự khác biệt giữa giá trị được model dự doán và giá trị thực sự của nó, được phân tách thành 2 phần: irreducible error, reducible error.\n\nprediction error = irreducbile error + reducible error\n\nIrreducible error (hay Bayes error): là lỗi sai luôn hiện diện trong bất kỳ ML model nào, phát sinh từ sự không chắc chắn và ngẫu nhiên vốn có trong dữ liệu và bài toán. Nguồn gốc của irreducible error có thể đến từ lỗi đo lường, lỗi lấy mẫu, lỗi do con người trong quá trình thu nhập, đo đạc dữ liệu hay bản thân bài toán là khó để dự đoán.\n\nIrreducible error là độc lập với model hay algorithm được sử dụng và không thể giảm bằng bất kỳ model hay algorithm nào. Irreducible error là cận dưới (lower bound) của prediction error. Nghĩa là, ngay cả khi có lượng dữ liệu vô hạn và môt model lý tưởng, thì irreducible error là lỗi sai nhỏ nhất mà một model có thể đạt được.\n\nVí dụ, với bài toán dự đoán thời tiết, ngay cả với model hay thuật toán tiên tiến nhất cũng không thể dự đoán chính xác 100%. Bởi dữ liệu thời tiết được lấy từ trạm quan trắc hay vệ tinh là có thể không đầy đủ hoặc không chính xác, và model có thể không tính đến tới tất cả các yếu tố ảnh hưởng đến tới tiết.\n\nKhác với irreducible error, reducible error là lỗi sai có thể giảm bằng việc cải thiện model hay algorithm được sử dụng. Nó là lỗi gây ra bởi bias và variance, và có thể bị ảnh hưởng bởi độ phức tạp của model, chất lượng của dữ liệu và việc lựa chọn các đặc trưng.\n\n𝟐. 𝐁𝐢𝐚𝐬 𝐯𝐚̀ 𝐔𝐧𝐝𝐞𝐫𝐟𝐢𝐭𝐭𝐢𝐧𝐠, 𝐕𝐚𝐫𝐢𝐚𝐧𝐜𝐞 𝐯𝐚̀ 𝐎𝐯𝐞𝐫𝐟𝐢𝐭𝐭𝐢𝐧𝐠\n\nTrong ML, để đưa ra dự đoán, model sẽ phân tích dữ liệu và tìm các mẫu (patterns), xu hướng (trends) hay các mối quan hệ (relationships) có trong dữ liệu đó. Các mẫu này có thể bao gồm mối quan hệ giữa các đặc trưng, phân phối của dữ liệu, hay sự xuất hiện của ngoại lệ (outliers) trong dữ liệu. Sử dụng các patterns này, model có thể khái quát hóa dữ liệu và áp dụng nó để đưa ra dự đoán trên dữ liệu mới.\n\n𝑩𝒊𝒂𝒔 𝒗𝒂̀ 𝑼𝒏𝒅𝒆𝒓𝒇𝒊𝒕𝒕𝒊𝒏𝒈\n\nBias (gọi là độ lệch, độ chệch, thiên vị, thiên kiến) là một lỗi sai hệ thống (systematic error) xảy ra do các giả định không chính xác (incorrect assumptions) của model về dữ liệu và mối quan hệ giữa các biến đầu vào (features) và biến đầu ra (target variables/labels) trong quá trình học.\n\nVí dụ, một model hồi quy tuyến tính (linear regression) đưa ra giả định rằng mối quan hệ giữa các biến đầu vào và đầu ra của dữ liệu là tuyến tính. Nếu mối quan hệ đó thực sự là phi tuyến (non-linear), model sẽ có lỗi hệ thống trong các dự đoán của nó vì nó luôn giả định rằng mối quan hệ là tuyến tính, bất kể dữ liệu có đặc điểm như thế nào.\n\nVề mặt kỹ thuật, bias được xác định như là sự khác biệt giữa trung bình các dự đoán của model và giá trị thực sự của nó (ground truth).\n\nMột model có high bias nghĩa là dự đoán mà model đưa ra so với giá trị thực sự của nó sẽ khác xa nhau, điều này xảy ra khi model quá đơn giản, quá cơ bản (basic). Một model quá đơn giản, quá cơ bản sẽ có quá ít tham số, khi đó nó chỉ có thể biểu diễn được hạn chế 1 tập nhỏ các mẫu hay mối quan hệ có trong dữ liệu, không phản ánh được sự đa dạng đầy đủ (full diversity) của dữ liệu.\nMột model như vậy sẽ không thể nắm bắt được các đặc trưng quan trọng hay mối quan hệ phức tạp có cả trong training data và test data (dữ liệu mà model chưa được nhìn thấy). Trong trường hợp này, model đang bị underfitting.\n\n𝑽𝒂𝒓𝒊𝒂𝒏𝒄𝒆 𝒗𝒂̀ 𝑶𝒗𝒆𝒓𝒇𝒊𝒕𝒕𝒊𝒏𝒈\n\nVariance (gọi là phương sai) là khái niệm đặc trưng cho sự phân tán của các dự đoán của model hay độ nhạy của model đối với các dao động trong dữ liệu. Variance cho thấy dự đoán của model sẽ thay đổi như thế nào trên các bộ dữ liệu khác nhau.\n\nMột model với high variance sẽ đưa ra các dự đoán rất khác nhau cho các bộ dữ liệu khác nhau (thậm chí chỉ là một sự thay đổi nhỏ trong dữ liệu). High variance xảy ra khi model quá phức tạp với nhiều tham số, khi đó nó có thể “fit” training data vô cùng tốt. Tuy nhiên, thay vì khám phá ra các mẫu hay mối quan hệ thiết yếu (essential patterns or relationships), nó sẽ nắm bắt tất cả đặc trưng của dữ liệu, bao gồm cả những đặc trưng tầm thường, không quan trọng hay nhiễu (noise).\nĐiều này cũng có nghĩa là nó đang “ghi nhớ” các ví dụ cụ thể của dữ liệu (specific examples) thay vì khái quát hóa nó. Và khi gặp dữ liệu mới, các ví dụ mới, ví dụ mà có thể không có các đặc trưng giống như các đăc trưng trong các ví dụ mà nó đã \"ghi nhớ\", model sẽ thất bại để đưa ra một dự đoán tốt. Trong trường hợp này, model đang bị overfitting.\n\nMột ví dụ của overftting là: một model có high variance sau khi được huấn luyện trên 1 bộ dữ liệu về thông tin khách hàng để dự đoán khách hàng sẽ rời bỏ, ngừng sử dụng một dịch vụ hay kết thúc hợp động với một công ty nào đó (customer churn prediction, churn: rời bỏ, not churn: không rời bỏ). Model này đã thực hiện rất tốt với training data, nhưng khi đưa ra dự doán với new unseen data, lại cho kết quả tệ. Chẳng hạn: model dự đoán một khách hàng mà đã đăng ký thành viên 3 năm và 5 lần mua hàng sẽ là not churn, nhưng lại dự đoán một khách hàng đã đăng ký thành viên 3 năm 1 tháng và 4 lần mua hàng là churn, mặc dù sự khác biệt giữa 2 khách hàng là nhỏ.\n\n𝟑. 𝐒𝐮̛̣ đ𝐚́𝐧𝐡 đ𝐨̂̉𝐢 𝐠𝐢𝐮̛̃𝐚 𝐛𝐢𝐚𝐬 𝐯𝐚̀ 𝐯𝐚𝐫𝐢𝐚𝐧𝐜𝐞\n\nDo irreducible error là lỗi sai luôn có trong bất kỳ model nào và không thể giảm được, nên để giảm thiểu prediction error, ta chỉ có thể giảm bias hoặc variance. Nhưng ta không thể giảm đồng thời cả bias và variance, vì có 1 trade-off (sự đánh đổi, được cái này-mất cái kia) giữa chúng: khi giảm bias thì variance sẽ tăng và ngược lại.\n\nTại sao lại có trade-off này?\n\nKhi model có high bias, nó quá đơn giản để có thể nắm bắt được complexity relationships trong data. Để giảm bias, ta cần tăng độ phức tạp hay số lượng tham số của model. Nhưng việc tăng complexity lại dẫn đến tăng variance của model, khiến nó nhạy cảm hơn với các dao động của dữ liệu và dễ bị overfitting.\n\nTương tự, khi model có high variance và có nguy cơ bị overftting, nó sẽ nắm bắt các noise và unimportant features của dữ liệu. Để giảm variance, ta cần giảm complexity hay số lượng tham số. Nhưng việc giảm complexity này lại dẫn đến tăng bias của model, khiến nó giảm khả năng để “fit” training data tốt và nguy cơ bị underfititng.\n\nVì vậy, với bất kỳ mô hình nào, ta cần tìm sự cân bằng (balance) giữa bias và variance. Điều này đảm bảo rằng model có thể nắm bắt được các mẫu thiết yếu trong dữ liệu trong khi bỏ qua noise, unimportant features.\n\nTrên thực tế, trade-off này có thể được xử lý bằng bằng các kỹ thuật như: cross-valiation, regularization và ensemble learning. Cross-validation giúp tìm ra model có khả năng khái quát hóa vào new unseen data tốt bằng cách train và evaluate model nhiều lần. Regularization giúp ngăn chặn overfitting bằng việc thêm 1 hằng số phạt vào tham số của model để hạn chế độ phức tạp của model. Và ensemble learning kết hợp dự đoán của nhiều model để giảm variance và tăng hiệu suất tổng thể (overall performance).\n\nImages: Mayank Banoula\n\n#LearnAIwithTueMinh #ArtificialIntelligence #AI #DataScience #MachineLearning #DeepLearning #BiasAndVarianceTradeoff", "post_text": "𝐁𝐈𝐀𝐒 & 𝐕𝐀𝐑𝐈𝐀𝐍𝐂𝐄\n\nTrong machine learning (ML), bias và variance là hai khái niệm có vai trò quan trọng trong việc quyết định hiệu suất của một model.\n\nSự đánh đổi bias-variance (bias-variance tradeoff) đề cập đến sự cân bằng giữa khả năng của một model để “fit” (khớp) dữ liệu huấn luyện và khả năng để khái quát hóa vào dữ liệu mới mà chưa được model nhìn thấy (new, unseen data).\n\n𝟏. 𝐋𝐨̂̃𝐢 𝐬𝐚𝐢 𝐝𝐮̛̣ đ𝐨𝐚́𝐧 𝐜𝐮̉𝐚 𝐦𝐨𝐝𝐞𝐥\n\nMục tiêu của bất kỳ mô hình ML nào là giảm thiểu lỗi sai dự đoán (prediciton error) trên dữ liệu mới mà model chưa được nhìn thấy. Lỗi sai dự đoán, là sự khác biệt giữa giá trị được model dự doán và giá trị thực sự của nó, được phân tách thành 2 phần: irreducible error, reducible error.\n\nprediction error = irreducbile error + reducible error\n\nIrreducible error (hay Bayes error): là lỗi sai luôn hiện diện trong bất kỳ ML model nào, phát sinh từ sự không chắc chắn và ngẫu nhiên vốn có trong dữ liệu và bài toán. Nguồn gốc của irreducible error có thể đến từ lỗi đo lường, lỗi lấy mẫu, lỗi do con người trong quá trình thu nhập, đo đạc dữ liệu hay bản thân bài toán là khó để dự đoán.\n\nIrreducible error là độc lập với model hay algorithm được sử dụng và không thể giảm bằng bất kỳ model hay algorithm nào. Irreducible error là cận dưới (lower bound) của prediction error. Nghĩa là, ngay cả khi có lượng dữ liệu vô hạn và môt model lý tưởng, thì irreducible error là lỗi sai nhỏ nhất mà một model có thể đạt được.\n\nVí dụ, với bài toán dự đoán thời tiết, ngay cả với model hay thuật toán tiên tiến nhất cũng không thể dự đoán chính xác 100%. Bởi dữ liệu thời tiết được lấy từ trạm quan trắc hay vệ tinh là có thể không đầy đủ hoặc không chính xác, và model có thể không tính đến tới tất cả các yếu tố ảnh hưởng đến tới tiết.\n\nKhác với irreducible error, reducible error là lỗi sai có thể giảm bằng việc cải thiện model hay algorithm được sử dụng. Nó là lỗi gây ra bởi bias và variance, và có thể bị ảnh hưởng bởi độ phức tạp của model, chất lượng của dữ liệu và việc lựa chọn các đặc trưng.\n\n𝟐. 𝐁𝐢𝐚𝐬 𝐯𝐚̀ 𝐔𝐧𝐝𝐞𝐫𝐟𝐢𝐭𝐭𝐢𝐧𝐠, 𝐕𝐚𝐫𝐢𝐚𝐧𝐜𝐞 𝐯𝐚̀ 𝐎𝐯𝐞𝐫𝐟𝐢𝐭𝐭𝐢𝐧𝐠\n\nTrong ML, để đưa ra dự đoán, model sẽ phân tích dữ liệu và tìm các mẫu (patterns), xu hướng (trends) hay các mối quan hệ (relationships) có trong dữ liệu đó. Các mẫu này có thể bao gồm mối quan hệ giữa các đặc trưng, phân phối của dữ liệu, hay sự xuất hiện của ngoại lệ (outliers) trong dữ liệu. Sử dụng các patterns này, model có thể khái quát hóa dữ liệu và áp dụng nó để đưa ra dự đoán trên dữ liệu mới.\n\n𝑩𝒊𝒂𝒔 𝒗𝒂̀ 𝑼𝒏𝒅𝒆𝒓𝒇𝒊𝒕𝒕𝒊𝒏𝒈\n\nBias (gọi là độ lệch, độ chệch, thiên vị, thiên kiến) là một lỗi sai hệ thống (systematic error) xảy ra do các giả định không chính xác (incorrect assumptions) của model về dữ liệu và mối quan hệ giữa các biến đầu vào (features) và biến đầu ra (target variables/labels) trong quá trình học.\n\nVí dụ, một model hồi quy tuyến tính (linear regression) đưa ra giả định rằng mối quan hệ giữa các biến đầu vào và đầu ra của dữ liệu là tuyến tính. Nếu mối quan hệ đó thực sự là phi tuyến (non-linear), model sẽ có lỗi hệ thống trong các dự đoán của nó vì nó luôn giả định rằng mối quan hệ là tuyến tính, bất kể dữ liệu có đặc điểm như thế nào.\n\nVề mặt kỹ thuật, bias được xác định như là sự khác biệt giữa trung bình các dự đoán của model và giá trị thực sự của nó (ground truth).\n\nMột model có high bias nghĩa là dự đoán mà model đưa ra so với giá trị thực sự của nó sẽ khác xa nhau, điều này xảy ra khi model quá đơn giản, quá cơ bản (basic). Một model quá đơn giản, quá cơ bản sẽ có quá ít tham số, khi đó nó chỉ có thể biểu diễn được hạn chế 1 tập nhỏ các mẫu hay mối quan hệ có trong dữ liệu, không phản ánh được sự đa dạng đầy đủ (full diversity) của dữ liệu.\nMột model như vậy sẽ không thể nắm bắt được các đặc trưng quan trọng hay mối quan hệ phức tạp có cả trong training data và test data (dữ liệu mà model chưa được nhìn thấy). Trong trường hợp này, model đang bị underfitting.\n\n𝑽𝒂𝒓𝒊𝒂𝒏𝒄𝒆 𝒗𝒂̀ 𝑶𝒗𝒆𝒓𝒇𝒊𝒕𝒕𝒊𝒏𝒈\n\nVariance (gọi là phương sai) là khái niệm đặc trưng cho sự phân tán của các dự đoán của model hay độ nhạy của model đối với các dao động trong dữ liệu. Variance cho thấy dự đoán của model sẽ thay đổi như thế nào trên các bộ dữ liệu khác nhau.\n\nMột model với high variance sẽ đưa ra các dự đoán rất khác nhau cho các bộ dữ liệu khác nhau (thậm chí chỉ là một sự thay đổi nhỏ trong dữ liệu). High variance xảy ra khi model quá phức tạp với nhiều tham số, khi đó nó có thể “fit” training data vô cùng tốt. Tuy nhiên, thay vì khám phá ra các mẫu hay mối quan hệ thiết yếu (essential patterns or relationships), nó sẽ nắm bắt tất cả đặc trưng của dữ liệu, bao gồm cả những đặc trưng tầm thường, không quan trọng hay nhiễu (noise).\nĐiều này cũng có nghĩa là nó đang “ghi nhớ” các ví dụ cụ thể của dữ liệu (specific examples) thay vì khái quát hóa nó. Và khi gặp dữ liệu mới, các ví dụ mới, ví dụ mà có thể không có các đặc trưng giống như các đăc trưng trong các ví dụ mà nó đã \"ghi nhớ\", model sẽ thất bại để đưa ra một dự đoán tốt. Trong trường hợp này, model đang bị overfitting.\n\nMột ví dụ của overftting là: một model có high variance sau khi được huấn luyện trên 1 bộ dữ liệu về thông tin khách hàng để dự đoán khách hàng sẽ rời bỏ, ngừng sử dụng một dịch vụ hay kết thúc hợp động với một công ty nào đó (customer churn prediction, churn: rời bỏ, not churn: không rời bỏ). Model này đã thực hiện rất tốt với training data, nhưng khi đưa ra dự doán với new unseen data, lại cho kết quả tệ. Chẳng hạn: model dự đoán một khách hàng mà đã đăng ký thành viên 3 năm và 5 lần mua hàng sẽ là not churn, nhưng lại dự đoán một khách hàng đã đăng ký thành viên 3 năm 1 tháng và 4 lần mua hàng là churn, mặc dù sự khác biệt giữa 2 khách hàng là nhỏ.\n\n𝟑. 𝐒𝐮̛̣ đ𝐚́𝐧𝐡 đ𝐨̂̉𝐢 𝐠𝐢𝐮̛̃𝐚 𝐛𝐢𝐚𝐬 𝐯𝐚̀ 𝐯𝐚𝐫𝐢𝐚𝐧𝐜𝐞\n\nDo irreducible error là lỗi sai luôn có trong bất kỳ model nào và không thể giảm được, nên để giảm thiểu prediction error, ta chỉ có thể giảm bias hoặc variance. Nhưng ta không thể giảm đồng thời cả bias và variance, vì có 1 trade-off (sự đánh đổi, được cái này-mất cái kia) giữa chúng: khi giảm bias thì variance sẽ tăng và ngược lại.\n\nTại sao lại có trade-off này?\n\nKhi model có high bias, nó quá đơn giản để có thể nắm bắt được complexity relationships trong data. Để giảm bias, ta cần tăng độ phức tạp hay số lượng tham số của model. Nhưng việc tăng complexity lại dẫn đến tăng variance của model, khiến nó nhạy cảm hơn với các dao động của dữ liệu và dễ bị overfitting.\n\nTương tự, khi model có high variance và có nguy cơ bị overftting, nó sẽ nắm bắt các noise và unimportant features của dữ liệu. Để giảm variance, ta cần giảm complexity hay số lượng tham số. Nhưng việc giảm complexity này lại dẫn đến tăng bias của model, khiến nó giảm khả năng để “fit” training data tốt và nguy cơ bị underfititng.\n\nVì vậy, với bất kỳ mô hình nào, ta cần tìm sự cân bằng (balance) giữa bias và variance. Điều này đảm bảo rằng model có thể nắm bắt được các mẫu thiết yếu trong dữ liệu trong khi bỏ qua noise, unimportant features.\n\nTrên thực tế, trade-off này có thể được xử lý bằng bằng các kỹ thuật như: cross-valiation, regularization và ensemble learning. Cross-validation giúp tìm ra model có khả năng khái quát hóa vào new unseen data tốt bằng cách train và evaluate model nhiều lần. Regularization giúp ngăn chặn overfitting bằng việc thêm 1 hằng số phạt vào tham số của model để hạn chế độ phức tạp của model. Và ensemble learning kết hợp dự đoán của nhiều model để giảm variance và tăng hiệu suất tổng thể (overall performance).\n\nImages: Mayank Banoula\n\n#LearnAIwithTueMinh #ArtificialIntelligence #AI #DataScience #MachineLearning #DeepLearning #BiasAndVarianceTradeoff", "shared_text": "", "time": "2023-01-24 16:57:40", "timestamp": 1674554260, "likes": 47, "reaction_count": 47, "comments_full": ""},
{"original_request_url": "https://m.facebook.com/5810167965768588", "post_url": "https://facebook.com/story.php?story_fbid=pfbid02X2SttJXkmsUUtmXfex1K6iwrhUvTmZMraGWyr8aBDzvmvg2TuanoKtwQhSWnXF27l&id=100088176925549", "post_id": 5810167965768588, "text": "SQL HackerRank Challenges 0 - Giới thiệu\n#sql #hackerrank #sqlhackerrankchallenges #hoanghaidata #kpim\n\nKPIM\n\nSQL HackerRank Challenges 0 - Introduction\n#sql #hackerrank #sqlhackerrankchallenges #hoanghaidata #kpim\n\nKPIM", "post_text": "SQL HackerRank Challenges 0 - Giới thiệu\n#sql #hackerrank #sqlhackerrankchallenges #hoanghaidata #kpim\n\nKPIM\n\nSQL HackerRank Challenges 0 - Introduction\n#sql #hackerrank #sqlhackerrankchallenges #hoanghaidata #kpim\n\nKPIM", "shared_text": "", "time": "2023-01-11 19:14:50", "timestamp": 1673439290, "likes": 187, "reaction_count": 187, "comments_full": "học FREE đúng không ạ!\nhọc cũng FREE mà lấy chứng chỉ cũng FREE luôn nhé bạn\nXin gửi các bạn Reel giới thiệu về series SQL HackerRank Challenges:\nhttps://\nwww.facebook.com\n/reel/\n1439379133256797\nCứ mạnh dạn mà thi thôi ko ai cấm cả. Còn sợ thì ôn tập thêm 😃\nMichael Dung đúng rồi bạn ơi. Lấy thêm SQL Advance xong bạn chuyển sang Python nhé :))\nHai Nguyen Hoang Em học docker thôi, python tính sau =))\nHai Nguyen Hoang mình Advance rồi. Python cũng biết thì qua gì nữa bạn :)\nTuấn Vũ bạn định nhắm tới roles gì đó. Thành thạo SQL, Python,... là chuẩn bị kỹ năng nền đủ để đáp ứng công việc. Nếu có projects của công ty hay cá nhân thì cứ tập trung giải quyết triệt để nhất. Trong quá trình làm lúc nào cũng có kiến thức để tiếp thu, trau dồi thêm 😄\nDanh PC\n"},
{"original_request_url": "https://m.facebook.com/5845175175601200", "post_url": "https://facebook.com/story.php?story_fbid=pfbid022dtNLgPhkQmhL8NZ6jhVkme85kDMwEpADhhzfa85cD7upQoR9jQn3ruN8VbLiHMVl&id=100055680764438", "post_id": 5845175175601200, "text": "Khi nhìn 1 câu chuyện dữ liệu, phần lớn mọi người đều nhầm lẫn Data Vizualization (trực quan hóa dữ liệu) = Data Storytelling (Kể chuyện với dữ liệu), nhưng thực tế Data Storytelling không chỉ có Data Vizualization mà còn Narrative (ngữ cảnh) & Data (dữ liệu).\n\nXem ngay: https://www.facebook.com/PhuongThaoAnalytics/posts/pfbid022YkLh6bzCUa1vHsJa14F2Map8tqyGY5Lmq2YgdJsjt2R8VuRN9ghEQ6vtETPfSMfl\n\nPhuong Thao Analytics\n21 January at 08:00 ·\n\nKhi nhìn 1 câu chuyện dữ liệu, phần lớn mọi người đều nhầm lẫn Data Vizualization (trực quan hóa dữ liệu) = Data Storytelling (Kể chuyện với dữ liệu), nhưng thực tế Data Storytelling không chỉ có Data Vizualization mà còn Narrative (ngữ cảnh) & Data (dữ liệu).\n\n#Data #Analytics\n\nTham khảo thông tin KHÓA HỌC \"PHÂN TÍCH DỮ LIỆU KINH DOANH\" - ONLINE/OFFLINE K36 khai giảng 2/2022 tại Mastering Data Analytics !", "post_text": "Khi nhìn 1 câu chuyện dữ liệu, phần lớn mọi người đều nhầm lẫn Data Vizualization (trực quan hóa dữ liệu) = Data Storytelling (Kể chuyện với dữ liệu), nhưng thực tế Data Storytelling không chỉ có Data Vizualization mà còn Narrative (ngữ cảnh) & Data (dữ liệu).\n\nXem ngay: https://www.facebook.com/PhuongThaoAnalytics/posts/pfbid022YkLh6bzCUa1vHsJa14F2Map8tqyGY5Lmq2YgdJsjt2R8VuRN9ghEQ6vtETPfSMfl", "shared_text": "Phuong Thao Analytics\n21 January at 08:00 ·\n\nKhi nhìn 1 câu chuyện dữ liệu, phần lớn mọi người đều nhầm lẫn Data Vizualization (trực quan hóa dữ liệu) = Data Storytelling (Kể chuyện với dữ liệu), nhưng thực tế Data Storytelling không chỉ có Data Vizualization mà còn Narrative (ngữ cảnh) & Data (dữ liệu).\n\n#Data #Analytics\n\nTham khảo thông tin KHÓA HỌC \"PHÂN TÍCH DỮ LIỆU KINH DOANH\" - ONLINE/OFFLINE K36 khai giảng 2/2022 tại Mastering Data Analytics !", "time": "2023-01-23 11:22:02", "timestamp": 1674447722, "likes": 3, "reaction_count": 3, "comments_full": ""},
{"original_request_url": "https://m.facebook.com/5782208535231198", "post_url": "https://m.facebook.com/5782208535231198", "post_id": 5782208535231198, "text": "Hi các bạn,\n\nHiện tại mình đang sinh sống và làm việc tại Berlin, Đức. Mình là Senior AI engineer (kĩ sư trí tuệ nhân tạo). Công ty của mình hoạt động về lĩnh vực thể thao, cụ thể là sport streaming. Mình là cựu sinh viên viện CNTT đại học Bách Khoa Hà Nội, rồi sau đó mình học tiếp lên thạc sĩ tại đại học kĩ thuật Munich, chuyên ngành trí tuệ nhân tạo và robot. Mình đã làm việc trong lĩnh vực AI được 7 năm rồi.\n\nMình có video record 1 số buổi học của khóa học về Artificial Intelligence/Machine Learning/Deep Learning và đặc biệt là Computer Vision mà mình đang giảng dạy. Hi vọng có thể giúp các bạn có 1 cái nhìn tổng quan về ngành này\n\nVideo:\n\nYOUTUBE.COM\n[Cut version buổi 1] Khóa học nâng cao Data Science/ML/DL/Computer Vision (Zalo: 0349942449)", "post_text": "Hi các bạn,\n\nHiện tại mình đang sinh sống và làm việc tại Berlin, Đức. Mình là Senior AI engineer (kĩ sư trí tuệ nhân tạo). Công ty của mình hoạt động về lĩnh vực thể thao, cụ thể là sport streaming. Mình là cựu sinh viên viện CNTT đại học Bách Khoa Hà Nội, rồi sau đó mình học tiếp lên thạc sĩ tại đại học kĩ thuật Munich, chuyên ngành trí tuệ nhân tạo và robot. Mình đã làm việc trong lĩnh vực AI được 7 năm rồi.\n\nMình có video record 1 số buổi học của khóa học về Artificial Intelligence/Machine Learning/Deep Learning và đặc biệt là Computer Vision mà mình đang giảng dạy. Hi vọng có thể giúp các bạn có 1 cái nhìn tổng quan về ngành này\n\nVideo:", "shared_text": "YOUTUBE.COM\n[Cut version buổi 1] Khóa học nâng cao Data Science/ML/DL/Computer Vision (Zalo: 0349942449)", "time": "2023-01-01 15:07:13", "timestamp": 1672560433, "likes": 994, "reaction_count": 994, "comments_full": "các bạn quan tâm đến khóa học này, có thể liên hệ mình qua zalo: 0349942449\nNguyễn Hùng Thắng cảm ơn bài chia sẽ của bạn. Năm mới nhiều niềm vui nha bạn 🥂\nPhú Huỳnh\nHoàng Minh Nguyễn\nBui Xuan Son\nAnh có dạy về NLP ko ạ?\nCám ơn anh.\ntuyet\ncam on ban da chia se <3\nViệt Nguyễn\nLưu Toản\n🍀\n.\n.\n.\n.\n.\n.\n"},
{"original_request_url": "https://m.facebook.com/5647612495357470", "post_url": "https://m.facebook.com/5647612495357470", "post_id": 5647612495357470, "text": "[ Tìm kiếm cơ hội thực tập remote]\n\nEm chào các anh chị,\nEm tên là Uyên, hiện tại em đang học năm nhất Master of Data Science tại Ba Lan. Background của em với kinh nghiệm đi làm trong Marketing khoảng 4 năm.\nHiện tại trên trường em đang học về SQL, Tableu, Power BI, R Studio và Python, và đang là tháng thứ 2 trong chương trình học 2 năm ạ.\nEm mong muốn có thể tìm cơ hội thực tập remote ở Việt Nam thời điểm này hoặc sắp tới để có thể trau dồi song song kiến thức trên trường. Trong lớp có một mình em người Việt hà, nên nhiều khi em cũng áp lực không được thua kém các bạn nước khác. 🥲\n\nNếu anh chị đang tìm kiếm một bạn fresher/ intern thì hãy cho em cơ hội để apply ạ. Email em là winnie.nguyennn@gmail.com\nEm cảm ơn anh chị và chúc cả nhà cuối tuần vui vẻ.", "post_text": "[ Tìm kiếm cơ hội thực tập remote]\n\nEm chào các anh chị,\nEm tên là Uyên, hiện tại em đang học năm nhất Master of Data Science tại Ba Lan. Background của em với kinh nghiệm đi làm trong Marketing khoảng 4 năm.\nHiện tại trên trường em đang học về SQL, Tableu, Power BI, R Studio và Python, và đang là tháng thứ 2 trong chương trình học 2 năm ạ.\nEm mong muốn có thể tìm cơ hội thực tập remote ở Việt Nam thời điểm này hoặc sắp tới để có thể trau dồi song song kiến thức trên trường. Trong lớp có một mình em người Việt hà, nên nhiều khi em cũng áp lực không được thua kém các bạn nước khác. 🥲\n\nNếu anh chị đang tìm kiếm một bạn fresher/ intern thì hãy cho em cơ hội để apply ạ. Email em là winnie.nguyennn@gmail.com\nEm cảm ơn anh chị và chúc cả nhà cuối tuần vui vẻ.", "shared_text": "", "time": "2022-11-18 21:10:37", "timestamp": 1668780637, "likes": 67, "reaction_count": 67, "comments_full": "Có một group data ở EU admin Ng Việt. Bạn nên tìm việc ở EU sau đó ra trường đi làm luôn. Còn remote ở vn thì hơi phí thời gian.\nBạn có thể join group này nha\nMaiQuyen Ng dạ mình cảm ơn bạn nhiều ạ\nEm cho chị xin program của chương trình em được ko. Chị muốn tham khảo thêm. Cảm ơn em\nNhung Duong em gửi chị ạ\n\nhttps://\ndatascience.umcs\n.pl/\ndata-science/\nChan Midori tiếc là nó ko có online program\nChào em,\n\nAnh bên công ty HDXV, bên anh đang phát triển một Data Analytics Platform.\nhttps://\nabout.hdxv.net/\n\nEm có thể gửi CV em cho bên anh.\nsupport@hdxv.ne\nt\n\nThân mến,\nDon\nHoang Don hi anh, em tên Khánh đang có nguyện vọng làm về DA/BA remote và em đang học ở Mỹ. Em muốn có thêm kinh nghiệm về DA vì em chưa có kinh nghiệm. Em có thể gửi resume cho anh được không ạ? Em xin cảm ơn anh\nNam Khánh Hello Khánh.\nGửi CV cho anh nhé.\nThank you em\nHoang Don anh ơi em đã gửi CV qua email trên rồi ạ. Em cảm ơn anh ạ\nHoang Don em gửi anh rồi đó ạ. Em cảm ơn anh\nMình cũng cùng nguyện vọng, mình đang ở Mĩ. Vị trí DS ở Việt Nam thấy rất ít. Mà remote nữa nên càng ít hơn.\nfollow.\n"},
{"original_request_url": "https://m.facebook.com/5535625593222828", "post_url": "https://m.facebook.com/5535625593222828", "post_id": 5535625593222828, "text": "Chào mọi người.\nEm mới tập tành làm quen với Spark (Pyspark).\nEm cài đặt Spark theo hướng dẫn tại link này: https://sparkbyexamples.com/pyspark/how-to-install-and-run-pyspark-on-windows/\nCó vài vấn đề rất mong được khai sáng ạ :v\nViệc set SPARK_HOME và HADOOP_HOME cùng 1 directory mặc dù trong directory ấy không có file nào liên quan đến Hadoop cả có đúng hay không?\nKhi sử dụng partitionBy() và viết ra file csv thì em gặp lỗi này. Cho em hỏi lý do và cách sửa ạ. Em có tìm kiếm thì thấy có vẻ nó liên quan đến vấn đề với Hadoop ở câu phía trên\nSee translation", "post_text": "Chào mọi người.\nEm mới tập tành làm quen với Spark (Pyspark).\nEm cài đặt Spark theo hướng dẫn tại link này: https://sparkbyexamples.com/pyspark/how-to-install-and-run-pyspark-on-windows/\nCó vài vấn đề rất mong được khai sáng ạ :v\nViệc set SPARK_HOME và HADOOP_HOME cùng 1 directory mặc dù trong directory ấy không có file nào liên quan đến Hadoop cả có đúng hay không?\nKhi sử dụng partitionBy() và viết ra file csv thì em gặp lỗi này. Cho em hỏi lý do và cách sửa ạ. Em có tìm kiếm thì thấy có vẻ nó liên quan đến vấn đề với Hadoop ở câu phía trên\nSee translation", "time": "2022-10-10 17:47:23", "timestamp": 1665398843, "likes": 1, "reaction_count": 1, "comments_full": "Em cài hadoop lên trước sau đó đặt HADOOP_HOME. Cài spark lên sau thì đặt SPARK_HOME, chứ ko giống nhau được đâu\n"},
{"original_request_url": "https://m.facebook.com/5781127052006013", "post_url": "https://m.facebook.com/5781127052006013", "post_id": 5781127052006013, "text": "Happy New Year 2023!!! Tuyển dụng và quảng cáo tháng 1: các bạn lưu ý giúp nhé, tất cả các bài viết tuyển dụng và các hình thức quảng cáo bao gồm quảng cáo lớp học (ngoại trừ các bài được sponsor) thì phải được đăng bằng cách comment dưới post này. Thành viên vi phạm sẽ sẽ được mời ra khỏi group. Mong các bạn chú ý. Lưu ý: các bạn khi đăng bài nên thêm hashtag để dễ tìm và lọc, ví dụ: #bigdata #computervision #machinelearning #tuyendung #lophoc\nSee translation", "post_text": "Happy New Year 2023!!! Tuyển dụng và quảng cáo tháng 1: các bạn lưu ý giúp nhé, tất cả các bài viết tuyển dụng và các hình thức quảng cáo bao gồm quảng cáo lớp học (ngoại trừ các bài được sponsor) thì phải được đăng bằng cách comment dưới post này. Thành viên vi phạm sẽ sẽ được mời ra khỏi group. Mong các bạn chú ý. Lưu ý: các bạn khi đăng bài nên thêm hashtag để dễ tìm và lọc, ví dụ: #bigdata #computervision #machinelearning #tuyendung #lophoc\nSee translation", "time": "2023-01-01 06:31:41", "timestamp": 1672529501, "likes": 18, "reaction_count": 18, "comments_full": "GHN-HCM Tuyển Data Engineer. YOE 4 năm. Range: upto 2500$ #tuyendung\n[Hà Nội & Đà Nẵng] - Gear Inc Tuyển Dụng\n\n👉 Workforce Management Analyst\n👉 MIS Data Analyst\n👉 Real-time Analyst\n\nYêu cầu chung:\n⁣　　✅ Có tư duy logic, khả năng phân tích và tổng hợp dữ liệu tốt\n⁣　　✅ Có từ 1 năm kinh nghiệm ở vị trí liên quan\n⁣　　✅ Có kinh nghiệm ở lĩnh vực BPO\n⁣　　✅ Thành thạo trong việc sử dụng Google Spreadsheet, Excel\n⁣　　✅ Tiếng Anh tốt (nói và viết)\nĐịa điểm làm việc: Hai Bà Trưng, Hà Nội / Thanh Khê, Đà Nẵng\n+ Workforce Management Analyst\nhttps://\nwww.careers-page\n.com/\ngear-inc-2/job/\nQX69VVWY\n+ MIS Data Analyst\nhttps://\nwww.careers-page\n.com/\ngear-inc-2/job/\nL4VR99W7\n+ Real-time Analyst\nhttps://\nwww.careers-page\n.com/\ngear-inc-2/job/\nL74X8833\n\nNhanh tay gửi CV về hòm thư jobs@gearinc.co\nm để trở thành một Gear-er nhé!\n#dataanalyst #tuyendung\n𝐃𝐈𝐀𝐆 𝐂𝐀𝐑𝐄𝐄𝐑𝐒 | #Diag is looking for Tech positions:\n\n𝐅𝐫𝐨𝐧𝐭𝐄𝐧𝐝 𝐋𝐞𝐚𝐝 (2.5k-3.0k USD gross + attractive KPI bonus)\n𝐒𝐞𝐧𝐢𝐨𝐫 𝐏𝐇𝐏 𝐃𝐞𝐯𝐞𝐥𝐨𝐩𝐞𝐫 (1.8k-2.5k USD gross + attractive KPI bonus)\n𝐒𝐞𝐧𝐢𝐨𝐫 𝐅𝐫𝐨𝐧𝐭𝐞𝐧𝐝 𝐃𝐞𝐯𝐞𝐥𝐨𝐩𝐞𝐫 (1.8k-2.5k USD gross + attractive KPI bonus)\n𝐏𝐲𝐭𝐡𝐨𝐧 𝐄𝐧𝐠𝐢𝐧𝐞𝐞𝐫 (1.8k-2.5k USD gross + attractive KPI bonus)\n\nShout out to all #Tech talented candidates who #opentowork and would love to start a new interesting journey, #Diag is welcoming you to take this opportunity!.\n\n📍 𝐖𝐎𝐑𝐊𝐈𝐍𝐆 𝐏𝐋𝐀𝐂𝐄: 414-420 Cao Thang Street, Ward 12, District 10, Ho Chi Minh City, Vietnam (hybrid condition)\n\n👉 If you are interested any position, do not hesitate to apply by sending your updated resume to Mr. Phuc via email 𝐏𝐡𝐮𝐜.𝐂𝐡𝐮𝐧𝐠@𝐝𝐢𝐚𝐠\n.𝐯𝐧 by 𝐉𝐚𝐧𝐮𝐚𝐫𝐲 𝟑𝟏𝐬𝐭 𝟐𝟎𝟐𝟑 for the next step.\n\nThank you and have a productive working week!\n\n#Diag #diaglaboratorie\ns #hcm #opportunity #opentowork #job #hcm\n\n#softwaredevelop\ner #webdeveloper #softwareenginee\nring #vuejs #vuejsdeveloper #javadeveloper #javascript #webpack #jsframework #frontenddevelop\ner #frontendjobs #userexperience #userinterface #reactjs #coding #technicallead #fullstackdevelo\nper #frontendlead #frontendsenior #technicalarchi\ntect\n\n#php #phpdevelopers #phpjobs #phpwebdevelopm\nent #phpprogramming\n\n#python #pythondevelope\nr #pythonjobs #pythonprogramm\ning #pythondevelope\nr #pythonprogramm\ninglanguage\n\n#techjob #sharejob #IT #techjob #techhiring #tech #techjobs #techcareers #techcompany\n"},
{"original_request_url": "https://m.facebook.com/5785131871605531", "post_url": "https://m.facebook.com/5785131871605531", "post_id": 5785131871605531, "text": "Mình đang học về Data science của Arizona, nhưng không có base về data, học thấy hơi nặng. Cần tìm người có kiến thức về python, SQL, MongoDB, big data dạy kèm! Ai giúp được giúp mình nhé! Cám ơn cả nhà. P/s: cần gấp Mongodb trước ạ", "post_text": "Mình đang học về Data science của Arizona, nhưng không có base về data, học thấy hơi nặng. Cần tìm người có kiến thức về python, SQL, MongoDB, big data dạy kèm! Ai giúp được giúp mình nhé! Cám ơn cả nhà. P/s: cần gấp Mongodb trước ạ", "shared_text": "", "time": "2023-01-02 17:37:11", "timestamp": 1672655831, "likes": 20, "reaction_count": 20, "comments_full": "Inbox Vân hướng dẫn\nProjecpro.io nhé. Chịu khó đọc và đóng tiền là làm được :)))))\nTrần Anh Dũng anh dùng cái đó anh thấy ổn không ạ? Em thấy review người ta chê lắm mà\nĐức Thịnh cá nhân mình thấy ổn, về hàm lượng kiến thức, materials kèm theo dự án, giá và điều khoản hoàn tiền nếu không ưng. Họ có list đầy đủ các dự án & kèm theo mô tả, muốn biết cụ thể thì bạn chịu khó đọc. Review trên mạng thì chủ yếu mình đọc để nắm được vấn đề về scam, chứ không quan tâm lắm đến review content. Còn đã muốn chê thì sẽ tìm ra thứ để chê thôi :)))\nBạn cứ google các khóa miễn phí, chọn đại vài khóa rồi học (các khóa căn bản nội dung na ná nhau, đừng tốn quá nhiều thời gian, đừng học for loop vài lần :). Turorial cho coding thì chắc Youtube là tốt nhất. Học để biết bao quát rồi hẳn học chi tiết.\nThì ai đi học đại học mà có base sẵn đâu bạn?\ninbox mình nhé\nCourse online rất nhiều. Mongodb dễ học lắm.\nBạn ơi có thể cho mình hỏi về kinh nghiệm học data Science chứ?\nIb\nHọc đại học online hả bạn\n"},
{"original_request_url": "https://m.facebook.com/5840540076064710", "post_url": "https://facebook.com/story.php?story_fbid=pfbid022dtNLgPhkQmhL8NZ6jhVkme85kDMwEpADhhzfa85cD7upQoR9jQn3ruN8VbLiHMVl&id=100055680764438", "post_id": 5840540076064710, "text": "Khi nhìn 1 câu chuyện dữ liệu, phần lớn mọi người đều nhầm lẫn Data Vizualization (trực quan hóa dữ liệu) = Data Storytelling (Kể chuyện với dữ liệu), nhưng thực tế Data Storytelling không chỉ có Data Vizualization mà còn Narrative (ngữ cảnh) & Data (dữ liệu).\n\nXem ngay: https://www.facebook.com/PhuongThaoAnalytics/posts/pfbid022YkLh6bzCUa1vHsJa14F2Map8tqyGY5Lmq2YgdJsjt2R8VuRN9ghEQ6vtETPfSMfl\n\nPhuong Thao Analytics\n21 January at 08:00 ·\n\nKhi nhìn 1 câu chuyện dữ liệu, phần lớn mọi người đều nhầm lẫn Data Vizualization (trực quan hóa dữ liệu) = Data Storytelling (Kể chuyện với dữ liệu), nhưng thực tế Data Storytelling không chỉ có Data Vizualization mà còn Narrative (ngữ cảnh) & Data (dữ liệu).\n\n#Data #Analytics\n\nTham khảo thông tin KHÓA HỌC \"PHÂN TÍCH DỮ LIỆU KINH DOANH\" - ONLINE/OFFLINE K36 khai giảng 2/2022 tại Mastering Data Analytics !", "post_text": "Khi nhìn 1 câu chuyện dữ liệu, phần lớn mọi người đều nhầm lẫn Data Vizualization (trực quan hóa dữ liệu) = Data Storytelling (Kể chuyện với dữ liệu), nhưng thực tế Data Storytelling không chỉ có Data Vizualization mà còn Narrative (ngữ cảnh) & Data (dữ liệu).\n\nXem ngay: https://www.facebook.com/PhuongThaoAnalytics/posts/pfbid022YkLh6bzCUa1vHsJa14F2Map8tqyGY5Lmq2YgdJsjt2R8VuRN9ghEQ6vtETPfSMfl", "shared_text": "Phuong Thao Analytics\n21 January at 08:00 ·\n\nKhi nhìn 1 câu chuyện dữ liệu, phần lớn mọi người đều nhầm lẫn Data Vizualization (trực quan hóa dữ liệu) = Data Storytelling (Kể chuyện với dữ liệu), nhưng thực tế Data Storytelling không chỉ có Data Vizualization mà còn Narrative (ngữ cảnh) & Data (dữ liệu).\n\n#Data #Analytics\n\nTham khảo thông tin KHÓA HỌC \"PHÂN TÍCH DỮ LIỆU KINH DOANH\" - ONLINE/OFFLINE K36 khai giảng 2/2022 tại Mastering Data Analytics !", "time": "2023-01-21 21:56:26", "timestamp": 1674312986, "likes": 2, "reaction_count": 2, "comments_full": ""},
{"original_request_url": "https://m.facebook.com/5840507496067968", "post_url": "https://facebook.com/story.php?story_fbid=pfbid0WpDXUpuAECNFfZ7tMBof83nCGsi4NXh1GFFgH7CygGxfzj3gfBznWH6iLUQYcGj7l&id=100064152758314", "post_id": 5840507496067968, "text": "Sắp tới MDA sẽ đem đến series chuyên sâu về Power BI. Cùng chờ đón xem nhé cả nhà: https://www.facebook.com/reel/1371959563641729/?s=single_unit\n\nMastering Data Analytics\n20 January at 20:02 ·\n\nSắp tới MDA sẽ đem đến series chuyên sâu về Power BI! Mọi người cùng đón xem nha #data #dulieu", "post_text": "Sắp tới MDA sẽ đem đến series chuyên sâu về Power BI. Cùng chờ đón xem nhé cả nhà: https://www.facebook.com/reel/1371959563641729/?s=single_unit", "shared_text": "Mastering Data Analytics\n20 January at 20:02 ·\n\nSắp tới MDA sẽ đem đến series chuyên sâu về Power BI! Mọi người cùng đón xem nha #data #dulieu", "time": "2023-01-21 21:44:00", "timestamp": 1674312240, "likes": 1, "reaction_count": 1, "comments_full": ""},
{"original_request_url": "https://m.facebook.com/5840474179404633", "post_url": "https://facebook.com/story.php?story_fbid=pfbid0Kh1BJhZmG9iH2jNwTFrzk58FuMnN8X1BzNwgpz5ZKCqtyrT8SarHvWtqpQ7Lk8hPl&id=100064152758314", "post_id": 5840474179404633, "text": "Power BI là một giải pháp phân tích kinh doanh giúp người dùng trực quan hóa dữ liệu, tạo trang báo cáo tổng quan sinh động. Đặc biệt, bạn có thể nhúng báo cáo này vào bất kỳ ứng dụng nào. Với Power BI, bạn có thể dễ dàng chuyển đổi dữ liệu này thành thông tin hữu ích.\n\nTính khả dụng của nó trên nền tảng đám mây có nghĩa là nó có thể được sử dụng mà không cần chi phí vốn hoặc hỗ trợ cơ sở hạ tầng.\n\nNhấn vào bài viết để biết 7 lý do nên sử dụng Power BI: https://www.facebook.com/MasteringDataAnalytics/posts/552988803516207\n\nMastering Data Analytics is at Mastering Data Analytics.\n21 January at 08:00 · Ho Chi Minh City ·\n\nPower BI là một giải pháp phân tích kinh doanh giúp người dùng trực quan hóa dữ liệu, tạo trang báo cáo tổng quan sinh động. Đặc biệt, bạn có thể nhúng báo cáo này vào bất kỳ ứng dụng nào. Với Power BI, bạn có thể dễ dàng chuyển đổi dữ liệu này thành thông tin hữu ích.\n\nTính khả dụng của nó trên nền tảng đám mây có nghĩa là nó có thể được sử dụng mà không cần chi phí vốn hoặc hỗ trợ cơ sở hạ tầng.\n\nĐiều quan trọng là nó cho phép người dùng cuối tự tạo báo cáo và trang tổng quan mà không phụ thuộc vào đội ngũ IT hoặc quản trị viên cơ sở dữ liệu.\n\nNhấn xem ảnh để biết 7 lý do nên sử dụng Power BI.\n\n😍😍😍 Trong khóa học Business Intelligence tại Mastering Data Analytics (dự kiến khai giảng vào ngày 06/02/2023), các bạn sẽ được học tất tần tật về Power BI.\n\n5 nhóm kiến thức chính trong chương trình gồm Analytics Techniques; Dashboard, Insight, Data Storytelling, Data Visualization; Technical Skill; Business Statistics & Analytical Thinking đã cover kiến thức và kỹ năng giúp học viên tự tin Phân tích dữ liệu từ RAW DATA đến STORYTELLING\n—-\\-\\-\\-\\-\\-\\-\\-\\-\\-\\-\\-\\-\\-\\-\\-\\-\\-\\-\\-\\-\\-\\-\\-\\-\\-\\-\\-\\-\\-\\-\\-\\-\\-\\-\\-\\-\\-\\-\\-\\-\\-\\-\\-\\-\\-\\-\\-\\-\\-\\-\\-\\-\\-\\-\\-\\-\\-\\-\\-\\-\\-\\-\n📍 Liên hệ Mastering Data Analytics để được tư vấn:\n📞 0961 48 66 48\n📧 edu@mastering-da.com\n#dataanalytics #PowerBI #BusinessIntelligence", "post_text": "Power BI là một giải pháp phân tích kinh doanh giúp người dùng trực quan hóa dữ liệu, tạo trang báo cáo tổng quan sinh động. Đặc biệt, bạn có thể nhúng báo cáo này vào bất kỳ ứng dụng nào. Với Power BI, bạn có thể dễ dàng chuyển đổi dữ liệu này thành thông tin hữu ích.\n\nTính khả dụng của nó trên nền tảng đám mây có nghĩa là nó có thể được sử dụng mà không cần chi phí vốn hoặc hỗ trợ cơ sở hạ tầng.\n\nNhấn vào bài viết để biết 7 lý do nên sử dụng Power BI: https://www.facebook.com/MasteringDataAnalytics/posts/552988803516207", "shared_text": "Mastering Data Analytics is at Mastering Data Analytics.\n21 January at 08:00 · Ho Chi Minh City ·\n\nPower BI là một giải pháp phân tích kinh doanh giúp người dùng trực quan hóa dữ liệu, tạo trang báo cáo tổng quan sinh động. Đặc biệt, bạn có thể nhúng báo cáo này vào bất kỳ ứng dụng nào. Với Power BI, bạn có thể dễ dàng chuyển đổi dữ liệu này thành thông tin hữu ích.\n\nTính khả dụng của nó trên nền tảng đám mây có nghĩa là nó có thể được sử dụng mà không cần chi phí vốn hoặc hỗ trợ cơ sở hạ tầng.\n\nĐiều quan trọng là nó cho phép người dùng cuối tự tạo báo cáo và trang tổng quan mà không phụ thuộc vào đội ngũ IT hoặc quản trị viên cơ sở dữ liệu.\n\nNhấn xem ảnh để biết 7 lý do nên sử dụng Power BI.\n\n😍😍😍 Trong khóa học Business Intelligence tại Mastering Data Analytics (dự kiến khai giảng vào ngày 06/02/2023), các bạn sẽ được học tất tần tật về Power BI.\n\n5 nhóm kiến thức chính trong chương trình gồm Analytics Techniques; Dashboard, Insight, Data Storytelling, Data Visualization; Technical Skill; Business Statistics & Analytical Thinking đã cover kiến thức và kỹ năng giúp học viên tự tin Phân tích dữ liệu từ RAW DATA đến STORYTELLING\n—-\\-\\-\\-\\-\\-\\-\\-\\-\\-\\-\\-\\-\\-\\-\\-\\-\\-\\-\\-\\-\\-\\-\\-\\-\\-\\-\\-\\-\\-\\-\\-\\-\\-\\-\\-\\-\\-\\-\\-\\-\\-\\-\\-\\-\\-\\-\\-\\-\\-\\-\\-\\-\\-\\-\\-\\-\\-\\-\\-\\-\\-\\-\n📍 Liên hệ Mastering Data Analytics để được tư vấn:\n📞 0961 48 66 48\n📧 edu@mastering-da.com\n#dataanalytics #PowerBI #BusinessIntelligence", "time": "2023-01-21 21:30:31", "timestamp": 1674311431, "likes": 2, "reaction_count": 2, "comments_full": ""},
{"original_request_url": "https://m.facebook.com/5840445166074201", "post_url": "https://facebook.com/story.php?story_fbid=pfbid0vLUBUZ3oRWT4BAFKuHASBZYyAxekc2VTkfH9mofXnMYaqLnjrgCqSwerLPxHJT8wl&id=100064152758314", "post_id": 5840445166074201, "text": "🤔Đâu là những ý tưởng kinh doanh AI mang tính cách mạng được cung cấp bởi ChatGPT?\n\n✅ChatGPT là một nền tảng “hộp trò chuyện” mạnh mẽ và đa dụng giúp các doanh nghiệp tạo ra các nền tảng sáng tạo, thân thiện với người dùng, cung cấp giá trị và sự tiện lợi cho nhiều phân khúc khách hàng từ cá nhân cho đến tổ chức.\n\nCùng MDA khám phá 7 ý tưởng kinh doanh được tạo bằng ChatGPT có thể mang lại thành công cho doanh nghiệp và nhiều lợi ích cho xã hội nhé!\nhttps://www.facebook.com/MasteringDataAnalytics/posts/552988796849541\n\nMastering Data Analytics is at Mastering Data Analytics.\n21 January at 08:00 · Ho Chi Minh City ·\n\n🤔Đâu là những ý tưởng kinh doanh AI mang tính cách mạng được cung cấp bởi ChatGPT?\n✅ChatGPT là một nền tảng “hộp trò chuyện” mạnh mẽ và đa dụng giúp các doanh nghiệp tạo ra các nền tảng sáng tạo, thân thiện với người dùng, cung cấp giá trị và sự tiện lợi cho nhiều phân khúc khách hàng từ cá nhân cho đến tổ chức.\nCùng MDA khám phá 7 ý tưởng kinh doanh được tạo bằng ChatGPT có thể mang lại thành công cho doanh nghiệp và nhiều lợi ích cho xã hội nhé!\n📌Nền tảng dạy kèm hoặc giáo dục trực tuyến: Chatbot tạo điều kiện cho các buổi dạy kèm riêng, cung cấp nội dung giáo dục giúp học sinh dễ dàng học hỏi và thực hành các kỹ năng mới.\n📌Dịch vụ khách hàng hoặc nền tảng hỗ trợ: Chatbot được tích hợp vào trang web hoặc ứng dụng của công ty, giúp khách hàng dễ dàng truy cập hỗ trợ bất cứ khi nào họ cần.\n📌Trợ lý cá nhân ảo: Chatbot giúp các cá nhân quản lý lịch trình của họ, đặt chỗ và thực hiện các nhiệm vụ khác.\n📌Nền tảng trị liệu hoặc tư vấn trực tuyến: Chatbot tạo điều kiện cho các cuộc trò chuyện giữa các nhà trị liệu và khách hàng, cung cấp một cách thuận tiện và bí mật để mọi người nhận được hỗ trợ.\n📌Nền tảng mạng xã hội: Chatbot tạo điều kiện thuận lợi cho các cuộc trò chuyện giữa người dùng, cung cấp các đề xuất cho nội dung để chia sẻ và cung cấp hỗ trợ và hướng dẫn khi cần thiết.\n📌Nền tảng lập kế hoạch và quản lý sự kiện: Chatbot có thể được sử dụng để phối hợp hậu cần, lên lịch các phiên hoạt động, đồng thời cung cấp lời nhắc và cập nhật cho người tham dự.\n📌Thị trường thương mại điện tử trực tuyến: Chatbot được sử dụng để tạo thuận lợi cho các giao dịch, cung cấp các đề xuất và hỗ trợ cho người dùng và xử lý các yêu cầu dịch vụ khách hàng\n—-\\-\\-\\-\\-\\-\\-\\-\\-\\-\\-\\-\\-\\-\\-\\-\\-\\-\\-\\-\\-\\-\\-\\-\\-\\-\\-\\-\\-\\-\\-\\-\\-\\-\\-\\-\\-\\-\\-\\-\\-\\-\\-\\-\\-\\-\\-\\-\\-\\-\\-\\-\\-\\-\\\nLiên hệ Mastering Data Analytics để được tư vấn:\n0961 48 66 48\nedu@mastering-da.com\n#dataanalytics #chatGPT", "post_text": "🤔Đâu là những ý tưởng kinh doanh AI mang tính cách mạng được cung cấp bởi ChatGPT?\n\n✅ChatGPT là một nền tảng “hộp trò chuyện” mạnh mẽ và đa dụng giúp các doanh nghiệp tạo ra các nền tảng sáng tạo, thân thiện với người dùng, cung cấp giá trị và sự tiện lợi cho nhiều phân khúc khách hàng từ cá nhân cho đến tổ chức.\n\nCùng MDA khám phá 7 ý tưởng kinh doanh được tạo bằng ChatGPT có thể mang lại thành công cho doanh nghiệp và nhiều lợi ích cho xã hội nhé!\nhttps://www.facebook.com/MasteringDataAnalytics/posts/552988796849541", "shared_text": "Mastering Data Analytics is at Mastering Data Analytics.\n21 January at 08:00 · Ho Chi Minh City ·\n\n🤔Đâu là những ý tưởng kinh doanh AI mang tính cách mạng được cung cấp bởi ChatGPT?\n✅ChatGPT là một nền tảng “hộp trò chuyện” mạnh mẽ và đa dụng giúp các doanh nghiệp tạo ra các nền tảng sáng tạo, thân thiện với người dùng, cung cấp giá trị và sự tiện lợi cho nhiều phân khúc khách hàng từ cá nhân cho đến tổ chức.\nCùng MDA khám phá 7 ý tưởng kinh doanh được tạo bằng ChatGPT có thể mang lại thành công cho doanh nghiệp và nhiều lợi ích cho xã hội nhé!\n📌Nền tảng dạy kèm hoặc giáo dục trực tuyến: Chatbot tạo điều kiện cho các buổi dạy kèm riêng, cung cấp nội dung giáo dục giúp học sinh dễ dàng học hỏi và thực hành các kỹ năng mới.\n📌Dịch vụ khách hàng hoặc nền tảng hỗ trợ: Chatbot được tích hợp vào trang web hoặc ứng dụng của công ty, giúp khách hàng dễ dàng truy cập hỗ trợ bất cứ khi nào họ cần.\n📌Trợ lý cá nhân ảo: Chatbot giúp các cá nhân quản lý lịch trình của họ, đặt chỗ và thực hiện các nhiệm vụ khác.\n📌Nền tảng trị liệu hoặc tư vấn trực tuyến: Chatbot tạo điều kiện cho các cuộc trò chuyện giữa các nhà trị liệu và khách hàng, cung cấp một cách thuận tiện và bí mật để mọi người nhận được hỗ trợ.\n📌Nền tảng mạng xã hội: Chatbot tạo điều kiện thuận lợi cho các cuộc trò chuyện giữa người dùng, cung cấp các đề xuất cho nội dung để chia sẻ và cung cấp hỗ trợ và hướng dẫn khi cần thiết.\n📌Nền tảng lập kế hoạch và quản lý sự kiện: Chatbot có thể được sử dụng để phối hợp hậu cần, lên lịch các phiên hoạt động, đồng thời cung cấp lời nhắc và cập nhật cho người tham dự.\n📌Thị trường thương mại điện tử trực tuyến: Chatbot được sử dụng để tạo thuận lợi cho các giao dịch, cung cấp các đề xuất và hỗ trợ cho người dùng và xử lý các yêu cầu dịch vụ khách hàng\n—-\\-\\-\\-\\-\\-\\-\\-\\-\\-\\-\\-\\-\\-\\-\\-\\-\\-\\-\\-\\-\\-\\-\\-\\-\\-\\-\\-\\-\\-\\-\\-\\-\\-\\-\\-\\-\\-\\-\\-\\-\\-\\-\\-\\-\\-\\-\\-\\-\\-\\-\\-\\-\\-\\\nLiên hệ Mastering Data Analytics để được tư vấn:\n0961 48 66 48\nedu@mastering-da.com\n#dataanalytics #chatGPT", "time": "2023-01-21 21:18:58", "timestamp": 1674310738, "likes": 4, "reaction_count": 4, "comments_full": ""},
{"original_request_url": "https://m.facebook.com/5840404642744920", "post_url": "https://facebook.com/story.php?story_fbid=pfbid02cB2audcgnAAM4kgRzbM2xqzdS9chhvxRpSMGW2Xmi9Z5uuE6L9Jh9FNSmR5irvAfl&id=100064152758314", "post_id": 5840404642744920, "text": "TOP 5 khoá học miễn phí cho những bạn muốn theo đuổi no-code development\nNhấn xem ngay: https://www.facebook.com/MasteringDataAnalytics/posts/553263880155366\n\nTOP 5 free courses for those who want to pursue no-code development\nClick to watch now: https://www.facebook.com/MasteringDataAnalytics/posts/553263880155366\n\nMastering Data Analytics is at Mastering Data Analytics.\n21 January at 19:00 · Ho Chi Minh City ·\nFollowingFollow\n\nTOP 5 khoá học miễn phí cho những bạn muốn theo đuổi no-code development\n👇👇👇", "post_text": "TOP 5 khoá học miễn phí cho những bạn muốn theo đuổi no-code development\nNhấn xem ngay: https://www.facebook.com/MasteringDataAnalytics/posts/553263880155366\n\nTOP 5 free courses for those who want to pursue no-code development\nClick to watch now: https://www.facebook.com/MasteringDataAnalytics/posts/553263880155366", "shared_text": "Mastering Data Analytics is at Mastering Data Analytics.\n21 January at 19:00 · Ho Chi Minh City ·\nFollowingFollow\n\nTOP 5 khoá học miễn phí cho những bạn muốn theo đuổi no-code development\n👇👇👇", "time": "2023-01-21 21:03:30", "timestamp": 1674309810, "likes": 3, "reaction_count": 3, "comments_full": ""},
{"original_request_url": "https://m.facebook.com/5833449716773746", "post_url": "https://m.facebook.com/5833449716773746", "post_id": 5833449716773746, "text": "💗💗💗💗💗💗💗💗💗💗💗💗\nMèo chỗ các bạn thế nào rồi, còn đây là mèo của mình, nó cũng lạ lắm.\n\nCảm ơn admin đã duyệt bài😂😂😂\n\n💗💗💗💗💗💗💗💗💗💗💗💗\nHow's your cats doing, and this is mine, he's weird too.\n\nThank you admin for approving the post😂😂😂 https://youtu.be/i4ycuYVTOpE\n\nYOUTUBE.COM\nHướng Dẫn Tạo Ảnh AI bằng Midjourney #midjourney #aiart", "post_text": "💗💗💗💗💗💗💗💗💗💗💗💗\nMèo chỗ các bạn thế nào rồi, còn đây là mèo của mình, nó cũng lạ lắm.\n\nCảm ơn admin đã duyệt bài😂😂😂\n\n💗💗💗💗💗💗💗💗💗💗💗💗\nHow's your cats doing, and this is mine, he's weird too.\n\nThank you admin for approving the post😂😂😂 https://youtu.be/i4ycuYVTOpE", "shared_text": "YOUTUBE.COM\nHướng Dẫn Tạo Ảnh AI bằng Midjourney #midjourney #aiart", "time": "2023-01-19 11:01:44", "timestamp": 1674100904, "likes": 5, "reaction_count": 5, "comments_full": "Thanks 😍\n<3\n"},
{"original_request_url": "https://m.facebook.com/5836834023101982", "post_url": "https://m.facebook.com/5836834023101982", "post_id": 5836834023101982, "text": "YOLOv8 demo\n\nChia sẻ với anh em video đầu tiên trong tutorials hướng dẫn Yolov8. Đây là kết quả demo cho bài toán object detection và instance segmentation với video đường phố Hà Nội cuối năm.\n\nCảm ơn admin đã duyệt bài.\n\nYOUTUBE.COM\nYOLOv8 Demo Video - Object Detection and Instance Segmentation #yolov8 #yolo #objectdetection", "post_text": "YOLOv8 demo\n\nChia sẻ với anh em video đầu tiên trong tutorials hướng dẫn Yolov8. Đây là kết quả demo cho bài toán object detection và instance segmentation với video đường phố Hà Nội cuối năm.\n\nCảm ơn admin đã duyệt bài.", "shared_text": "YOUTUBE.COM\nYOLOv8 Demo Video - Object Detection and Instance Segmentation #yolov8 #yolo #objectdetection", "time": "2023-01-20 15:35:21", "timestamp": 1674203721, "likes": 15, "reaction_count": 15, "comments_full": ""},
{"original_request_url": "https://m.facebook.com/5836824566436261", "post_url": "https://m.facebook.com/5836824566436261", "post_id": 5836824566436261, "text": "YOUTUBE.COM\n[Cut version buổi 3] Khóa học nâng cao Data Science/ML/DL/Computer Vision (Zalo: 0349942449)", "post_text": "", "shared_text": "YOUTUBE.COM\n[Cut version buổi 3] Khóa học nâng cao Data Science/ML/DL/Computer Vision (Zalo: 0349942449)", "time": "2023-01-20 15:30:09", "timestamp": 1674203409, "likes": 64, "reaction_count": 64, "comments_full": ""},
{"original_request_url": "https://m.facebook.com/5836784906440227", "post_url": "https://facebook.com/story.php?story_fbid=pfbid0a26K1mTaKJFPzT5zWpQHeQ6DsBnDnfWFYoajHXZZfazz58Hw7qyEMHKMzR5y9eYSl&id=100089445885560", "post_id": 5836784906440227, "text": "𝐇𝐨̣𝐜 𝐜𝐨́ 𝐠𝐢𝐚́𝐦 𝐬𝐚́𝐭 (𝐒𝐮𝐩𝐞𝐫𝐯𝐢𝐬𝐞𝐝 𝐥𝐞𝐚𝐫𝐧𝐢𝐧𝐠), 𝐇𝐨̣𝐜 𝐤𝐡𝐨̂𝐧𝐠 𝐠𝐢𝐚́𝐦 𝐬𝐚́𝐭 (𝐔𝐧𝐬𝐮𝐩𝐞𝐫𝐯𝐢𝐬𝐞𝐝 𝐥𝐞𝐚𝐫𝐧𝐢𝐧𝐠) 𝐯𝐚̀ 𝐇𝐨̣𝐜 𝐭𝐚̆𝐧𝐠 𝐜𝐮̛𝐨̛̀𝐧𝐠 (𝐑𝐞𝐢𝐧𝐟𝐨𝐫𝐜𝐞𝐦𝐞𝐧𝐭 𝐥𝐞𝐚𝐫𝐧𝐢𝐧𝐠).\n\nHọc máy (Machine learning) là một nhánh của Trí tuệ nhân tạo (Artificial Intelligence - AI) cho phép máy tính học từ dữ liệu mà không cần phải lập trình một cách tường minh. Học máy truyền thống có 3 kiểu học là học có giám sát (supervised learning), học không giám sát (unsupervised learning) và học tăng cường (reinforcement learning.\nHãy cùng làm rõ sự khác nhau giữa 3 kiểu học này.\n\n1. Học có giám sát\n\nHọc có giám sát là kiểu học mà mô hình (model) được huấn luyện trên dữ liệu có gán nhãn (labeled data), nghĩa là dữ liệu cung cấp cho mô hình có cả đầu vào (input) và đầu ra mong muốn (desired output, chính là nhãn).\n\nMục tiêu của học có giám sát là học ra một ánh xạ (map) hay một mối quan hệ (relationship) giữa đầu vào và đầu ra mong muốn, và dự đoán đầu ra cho đầu vào mới mà mô hình chưa từng nhìn thấy (new, previously unseen input) dựa trên mối quan hệ đó.\n\nCác bài toán học có giám sát có thể được tách thành 2 loại: phân loại (classification), khi đầu ra là biến định tính (quantitative variable) và hồi quy (regression) khi đầu ra là biến định lượng (qualitative variable).\n\nMột ví dụ của bài toán học có giám sát là nhận dạng chữ số viết tay, trong đó, với mỗi ví dụ của dữ liệu, đầu vào là hình ảnh của một chữ số viết tay (từ 0 đến 9) và đầu ra chính là chữ số mà hình ảnh đó biểu diễn.\n\n2. Học không giám sát\n\nHọc không giám sát là kiểu học mà mô hình không được cung cấp dữ liệu có gán nhãn, tức là dữ liệu chỉ có đầu vào mà không có đầu ra mong muốn tương ứng.\n\nMục tiêu của học không giám sát là tìm ra các cấu trúc (structures) có trong dữ liệu: là các mẫu (patterns), các quy tắc (rules) hay các nhóm (groups). Một số tác vụ phổ biến sử dụng học không giám sát để giải quyết như: phân cụm (clustering): mô hình phải học để nhóm các điểm dữ liệu (data points) tương tự nhau, hay giảm chiều dữ liệu (dimensionality reduction): mô hình phải học để biểu diễn dữ liệu ban đầu vào trong một không gian có số chiều nhỏ hơn.\n\nMột ví dụ của học không giám sát là phân cụm khách hàng: từ một bộ dữ liệu về khách hàng, mô hình học để tìm ra các cụm khách hàng tương tự nhau dựa trên thói quen chi tiêu của họ.\n\n3. Học tăng cường\n\nHọc tăng cường hoàn toàn khác so với học có giám sát và học không giám sát. Trong học tăng cường, một tác tử (agent) được học để hoàn thành một tác vụ (task) bằng cách đưa ra các hành động tương tác với môi trường và nhận lại phản hồi dưới dạng phần thưởng (reward), chính là thước đo thành công cho các hành động mà tác tử đã thực hiện đối với mục tiêu của tác vụ.\n\nMục tiêu học tăng cường là học một chiến lược tối ưu (optimal policy) giúp tối đa hóa phần thưởng (reward) mà tác tử nhận được trong suốt quá trình thực hiện tác vụ.\n\nVí dụ, một thuật toán học tăng cường có thể được sử đụng để huấn luyện một robot di chuyển trong mê cung bằng cách thưởng cho robot khi đi được đến cuối mê cung và phạt nếu robot va vào tường. Robot sẽ học từ phần thưởng và hình phạt để cải thiện việc tìm đường đi trong mê cung của nó.\n\nImage: Izhar Alam\n\n#LearnAIwithTueMinh #AI #ArtificialIntelligence #MachineLearning #SupervisedLearning #UnsupervisedLearning #ReinforcementLearning", "post_text": "𝐇𝐨̣𝐜 𝐜𝐨́ 𝐠𝐢𝐚́𝐦 𝐬𝐚́𝐭 (𝐒𝐮𝐩𝐞𝐫𝐯𝐢𝐬𝐞𝐝 𝐥𝐞𝐚𝐫𝐧𝐢𝐧𝐠), 𝐇𝐨̣𝐜 𝐤𝐡𝐨̂𝐧𝐠 𝐠𝐢𝐚́𝐦 𝐬𝐚́𝐭 (𝐔𝐧𝐬𝐮𝐩𝐞𝐫𝐯𝐢𝐬𝐞𝐝 𝐥𝐞𝐚𝐫𝐧𝐢𝐧𝐠) 𝐯𝐚̀ 𝐇𝐨̣𝐜 𝐭𝐚̆𝐧𝐠 𝐜𝐮̛𝐨̛̀𝐧𝐠 (𝐑𝐞𝐢𝐧𝐟𝐨𝐫𝐜𝐞𝐦𝐞𝐧𝐭 𝐥𝐞𝐚𝐫𝐧𝐢𝐧𝐠).\n\nHọc máy (Machine learning) là một nhánh của Trí tuệ nhân tạo (Artificial Intelligence - AI) cho phép máy tính học từ dữ liệu mà không cần phải lập trình một cách tường minh. Học máy truyền thống có 3 kiểu học là học có giám sát (supervised learning), học không giám sát (unsupervised learning) và học tăng cường (reinforcement learning.\nHãy cùng làm rõ sự khác nhau giữa 3 kiểu học này.\n\n1. Học có giám sát\n\nHọc có giám sát là kiểu học mà mô hình (model) được huấn luyện trên dữ liệu có gán nhãn (labeled data), nghĩa là dữ liệu cung cấp cho mô hình có cả đầu vào (input) và đầu ra mong muốn (desired output, chính là nhãn).\n\nMục tiêu của học có giám sát là học ra một ánh xạ (map) hay một mối quan hệ (relationship) giữa đầu vào và đầu ra mong muốn, và dự đoán đầu ra cho đầu vào mới mà mô hình chưa từng nhìn thấy (new, previously unseen input) dựa trên mối quan hệ đó.\n\nCác bài toán học có giám sát có thể được tách thành 2 loại: phân loại (classification), khi đầu ra là biến định tính (quantitative variable) và hồi quy (regression) khi đầu ra là biến định lượng (qualitative variable).\n\nMột ví dụ của bài toán học có giám sát là nhận dạng chữ số viết tay, trong đó, với mỗi ví dụ của dữ liệu, đầu vào là hình ảnh của một chữ số viết tay (từ 0 đến 9) và đầu ra chính là chữ số mà hình ảnh đó biểu diễn.\n\n2. Học không giám sát\n\nHọc không giám sát là kiểu học mà mô hình không được cung cấp dữ liệu có gán nhãn, tức là dữ liệu chỉ có đầu vào mà không có đầu ra mong muốn tương ứng.\n\nMục tiêu của học không giám sát là tìm ra các cấu trúc (structures) có trong dữ liệu: là các mẫu (patterns), các quy tắc (rules) hay các nhóm (groups). Một số tác vụ phổ biến sử dụng học không giám sát để giải quyết như: phân cụm (clustering): mô hình phải học để nhóm các điểm dữ liệu (data points) tương tự nhau, hay giảm chiều dữ liệu (dimensionality reduction): mô hình phải học để biểu diễn dữ liệu ban đầu vào trong một không gian có số chiều nhỏ hơn.\n\nMột ví dụ của học không giám sát là phân cụm khách hàng: từ một bộ dữ liệu về khách hàng, mô hình học để tìm ra các cụm khách hàng tương tự nhau dựa trên thói quen chi tiêu của họ.\n\n3. Học tăng cường\n\nHọc tăng cường hoàn toàn khác so với học có giám sát và học không giám sát. Trong học tăng cường, một tác tử (agent) được học để hoàn thành một tác vụ (task) bằng cách đưa ra các hành động tương tác với môi trường và nhận lại phản hồi dưới dạng phần thưởng (reward), chính là thước đo thành công cho các hành động mà tác tử đã thực hiện đối với mục tiêu của tác vụ.\n\nMục tiêu học tăng cường là học một chiến lược tối ưu (optimal policy) giúp tối đa hóa phần thưởng (reward) mà tác tử nhận được trong suốt quá trình thực hiện tác vụ.\n\nVí dụ, một thuật toán học tăng cường có thể được sử đụng để huấn luyện một robot di chuyển trong mê cung bằng cách thưởng cho robot khi đi được đến cuối mê cung và phạt nếu robot va vào tường. Robot sẽ học từ phần thưởng và hình phạt để cải thiện việc tìm đường đi trong mê cung của nó.\n\nImage: Izhar Alam\n\n#LearnAIwithTueMinh #AI #ArtificialIntelligence #MachineLearning #SupervisedLearning #UnsupervisedLearning #ReinforcementLearning", "shared_text": "", "time": "2023-01-20 15:08:35", "timestamp": 1674202115, "likes": 13, "reaction_count": 13, "comments_full": ""},
{"original_request_url": "https://m.facebook.com/5668359393282780", "post_url": "https://m.facebook.com/5668359393282780", "post_id": 5668359393282780, "text": "cho em hỏi làm sao để chuyển dữ liệu ngày tháng không bị lỗi NA như này nữa ạ\nRstudio", "post_text": "cho em hỏi làm sao để chuyển dữ liệu ngày tháng không bị lỗi NA như này nữa ạ\nRstudio", "shared_text": "", "time": "2022-11-26 03:50:49", "timestamp": 1669409449, "likes": 4, "reaction_count": 4, "comments_full": "Em lên stackoverflow hỏi đi. Sẽ nhanh nhận được câu trả lời hơn!\n\nThương 🥰🥰🥰🥰🥰\n"},
{"original_request_url": "https://m.facebook.com/5598466936938693", "post_url": "https://m.facebook.com/5598466936938693", "post_id": 5598466936938693, "text": "Admin duyệt bài giúp mình\n\nHiện tại, mình có nhu cầu chuyển hướng sang làm Data Engineer.\nMình cần tìm mentor training cho mình ở mảng này vào các buổi tối và cuối tuần.\nRất mong nhận được sự giúp đỡ của các bạn.\nMình xin cảm ơn.", "post_text": "Admin duyệt bài giúp mình\n\nHiện tại, mình có nhu cầu chuyển hướng sang làm Data Engineer.\nMình cần tìm mentor training cho mình ở mảng này vào các buổi tối và cuối tuần.\nRất mong nhận được sự giúp đỡ của các bạn.\nMình xin cảm ơn.", "shared_text": "", "time": "2022-11-01 13:57:59", "timestamp": 1667285879, "likes": 12, "reaction_count": 12, "comments_full": "Cùng quan tâm ạ\nIb\n.\n"},
{"original_request_url": "https://m.facebook.com/5836596999792351", "post_url": "https://m.facebook.com/5836596999792351", "post_id": 5836596999792351, "text": "BEST Power BI Template\nMột trong những template Power BI có độ hoàn thiện xuất sắc nhất mình từng biết.\nMọi người có thể subscribe để xem report này ở đây: https://admin.onhandbi.com/#/user/report/26\nOn Hand BI là nền tảng miễn phí đầu tiên tại Việt Nam hỗ trợ mọi người upload và chia sẻ báo cáo Power BI.\nDo còn vài vấn đề về activate tài khoản, mọi người tạo xong tài khoản thì nhắn mình activate cho nhé.\nSee translation", "post_text": "BEST Power BI Template\nMột trong những template Power BI có độ hoàn thiện xuất sắc nhất mình từng biết.\nMọi người có thể subscribe để xem report này ở đây: https://admin.onhandbi.com/#/user/report/26\nOn Hand BI là nền tảng miễn phí đầu tiên tại Việt Nam hỗ trợ mọi người upload và chia sẻ báo cáo Power BI.\nDo còn vài vấn đề về activate tài khoản, mọi người tạo xong tài khoản thì nhắn mình activate cho nhé.\nSee translation", "time": "2023-01-20 13:25:16", "timestamp": 1674195916, "likes": 9, "reaction_count": 9, "comments_full": ""},
{"original_request_url": "https://m.facebook.com/5763059997146052", "post_url": "https://m.facebook.com/5763059997146052", "post_id": 5763059997146052, "text": "Chào các bác,\n\nHiện tại em đang cần crawl dữ liệu trên một vài trang nhưng bị chặn bot như hình . Bác nào biết cách pass qua thằng này giúp em với :D\n\nCảm ơn cả nhà !", "post_text": "Chào các bác,\n\nHiện tại em đang cần crawl dữ liệu trên một vài trang nhưng bị chặn bot như hình . Bác nào biết cách pass qua thằng này giúp em với :D\n\nCảm ơn cả nhà !", "shared_text": "", "time": "2022-12-25 17:32:34", "timestamp": 1671964354, "likes": 14, "reaction_count": 14, "comments_full": "Có nhiều cách bạn search thử by pass cloudfare là ra\nPhạm Đức Hồng Đăng Thank bác. Để mình thử\nViết CRX nhé. 1 nốt nhạc\ncloudflare thì sài undetected chromedriver là đc b ơi\nHùng Heep oke bạn\nem . hóng cmt\nV: xài except để skip thoi\nMò k có api hả bạn. Mình nhớ trang này có api\n"},
{"original_request_url": "https://m.facebook.com/5828752933910091", "post_url": "https://m.facebook.com/5828752933910091", "post_id": 5828752933910091, "text": "Mình cần pass khóa học DA với nửa fee gốc (bao gồm lộ trình, dự án, phỏng vấn..).\nSee translation", "post_text": "Mình cần pass khóa học DA với nửa fee gốc (bao gồm lộ trình, dự án, phỏng vấn..).\nSee translation", "time": "2023-01-17 21:50:50", "timestamp": 1673967050, "likes": 3, "reaction_count": 3, "comments_full": ".\n"},
{"original_request_url": "https://m.facebook.com/5835075533277831", "post_url": "https://m.facebook.com/5835075533277831", "post_id": 5835075533277831, "text": "WECOMMIT.COM.VN\nXử lý tranh chấp tài nguyên - SQL Lock Conflict là gì? - WE COMMIT", "post_text": "", "shared_text": "WECOMMIT.COM.VN\nXử lý tranh chấp tài nguyên - SQL Lock Conflict là gì? - WE COMMIT", "time": "2023-01-20 00:07:27", "timestamp": 1674148047, "likes": 51, "reaction_count": 51, "comments_full": ""},
{"original_request_url": "https://m.facebook.com/5833844366734281", "post_url": "https://m.facebook.com/5833844366734281", "post_id": 5833844366734281, "text": "KHO TÀNG 1500 BÀI TẬP GIÚP LUYỆN CODE\n\nĐa dạng kho bài tập lập trình miễn phí về Python, Java, C++, C,... được phân loại từ dễ tới khó phù hợp với khả năng của từng người. Sau khi nộp bài sẽ có điểm và có bảng xếp hạng thành tích. Kho bài tập này rất hữu ích cho các bạn đang muốn luyện code.\n\nKho tàng bao gồm bài tập sau:\n1. Bài tập Tổng hợp\n2. Bài tập Regex\n3. Bài tập Toán học\n4. Bài tập Giải thuật\n5. Bài tập Cấu trúc dữ liệu\n6. Bài tập Python\n7. Bài tập Java\n8. Bài tập C++\n\nLink luyện tập: https://buff.ly/3XB8C15", "post_text": "KHO TÀNG 1500 BÀI TẬP GIÚP LUYỆN CODE\n\nĐa dạng kho bài tập lập trình miễn phí về Python, Java, C++, C,... được phân loại từ dễ tới khó phù hợp với khả năng của từng người. Sau khi nộp bài sẽ có điểm và có bảng xếp hạng thành tích. Kho bài tập này rất hữu ích cho các bạn đang muốn luyện code.\n\nKho tàng bao gồm bài tập sau:\n1. Bài tập Tổng hợp\n2. Bài tập Regex\n3. Bài tập Toán học\n4. Bài tập Giải thuật\n5. Bài tập Cấu trúc dữ liệu\n6. Bài tập Python\n7. Bài tập Java\n8. Bài tập C++\n\nLink luyện tập: https://buff.ly/3XB8C15", "shared_text": "", "original_text": null, "time": "2023-01-19 14:35:13", "timestamp": 1674113713, "likes": 263, "reaction_count": 263, "comments_full": [".\n"]}]