[{"original_request_url": "https://m.facebook.com/5824889147629803", "post_url": "https://m.facebook.com/5824889147629803", "post_id": 5824889147629803, "text": "Xin chào, mình thấy nhiều bạn muốn học C cơ bản chưa biết học thế nào nên mình share khóa C cơ bản này hoàn toàn free, các bạn học xem ok không nhé, nội dung bao gồm 9 bài học:\nHello C\nCấu trúc điều khiển trong C\nHàm trong C\nMảng trong C\nXâu ký tự trong C\nCon trỏ\nKiểu struct trong C\nCác kỹ thuật bổ sung\nTổng kết cuối khoá\nLink học free tại đây nhé: https://tek4.vn/khoa-hoc/lap-trinh-c-co-ban-den-nang-cao\nChúc bạn học tốt!\nSee translation", "post_text": "Xin chào, mình thấy nhiều bạn muốn học C cơ bản chưa biết học thế nào nên mình share khóa C cơ bản này hoàn toàn free, các bạn học xem ok không nhé, nội dung bao gồm 9 bài học:\nHello C\nCấu trúc điều khiển trong C\nHàm trong C\nMảng trong C\nXâu ký tự trong C\nCon trỏ\nKiểu struct trong C\nCác kỹ thuật bổ sung\nTổng kết cuối khoá\nLink học free tại đây nhé: https://tek4.vn/khoa-hoc/lap-trinh-c-co-ban-den-nang-cao\nChúc bạn học tốt!\nSee translation", "time": "2023-01-16 14:47:19", "timestamp": 1673855239, "likes": 37, "reaction_count": 37, "comments_full": "cảm ơn bro\nEvans Pham học tốt nhé bro\nthanks anh!\n.\n"},
{"original_request_url": "https://m.facebook.com/5528618587256862", "post_url": "https://m.facebook.com/5528618587256862", "post_id": 5528618587256862, "text": "Em chào mọi người. Em muốn hỏi về vấn đề xử lý missing values ạ. Hiện tại em đang có 1 dataset nhưng có giá trị null rất nhiều, chiếm tới 30%, nên em nghĩ việc fillin theo giá trị mean hay mode sẽ dẫn tới kết quả lệch đi nhiều. Nên em đã suy nghĩ về việc điền theo mô hình hồi quy tuyến tính hoặc phân cụm mô hình rồi điền missing value theo giá trị mean của cụm gần nhất. Nhưng lại phát sinh vấn đề ở mô hình hồi quy thì giá trị null ở tất cả các cột nên không dự đoán ra được, còn phân cụm thì giá trị null ở tất cả các cột nên không thể tính khoảng cách tới cụm gần nhất. Anh chị cho em hỏi về cách xử lý đối với dataset như này với ạ. Em cám ơn ạ.", "post_text": "Em chào mọi người. Em muốn hỏi về vấn đề xử lý missing values ạ. Hiện tại em đang có 1 dataset nhưng có giá trị null rất nhiều, chiếm tới 30%, nên em nghĩ việc fillin theo giá trị mean hay mode sẽ dẫn tới kết quả lệch đi nhiều. Nên em đã suy nghĩ về việc điền theo mô hình hồi quy tuyến tính hoặc phân cụm mô hình rồi điền missing value theo giá trị mean của cụm gần nhất. Nhưng lại phát sinh vấn đề ở mô hình hồi quy thì giá trị null ở tất cả các cột nên không dự đoán ra được, còn phân cụm thì giá trị null ở tất cả các cột nên không thể tính khoảng cách tới cụm gần nhất. Anh chị cho em hỏi về cách xử lý đối với dataset như này với ạ. Em cám ơn ạ.", "shared_text": "", "time": "2022-10-08 10:01:11", "timestamp": 1665198071, "likes": 27, "reaction_count": 27, "comments_full": "Nếu đc nên tạo 1 bảng dim để định nghĩa các giá trị mặc định. Mapping rồi fill nó vào các giá trị mặc định là xong nhé.\nCó rất nhiều cách để xử lý null values, đơn giản nhất nếu bạn kiểm định dc các cột ko có ảnh hưởng nhiều đến kqua mô hình có thể drop cột đi. Ngoài ra thì một số phương pháp xử lý dùng thống kê phổ biến như sử dụng mean mode hay 0 nhưng sẽ ảnh hưởng đến phân phối của dữ liệu. Cũng có thể sử dụng những phương pháp ML như Mice, missforest hay KNNimputation. DL cg có chả hạn như Autoencoder. Mình có lm paper và vde này thì theo khảo sát thực nghiệm b nên bắt đầu vs Missforest có vẻ sẽ dễ tiếp cận và sử dụng\nDataset của b giá trị null ở nhiều cột á\nVậy thì mình nghĩ phải kiểm tra phân phối mới biết được có fill giá trị mean hay mode để thay thế dc hay k.\nHai là nếu bị miss value ở nhiều cột như vậy, nếu sử dụng mô hình hồi quy đa biến, thì các biến cần loại bỏ các giá trị null r mới dự báo dc 1 giá trị miss\nNếu muốn fill vào thì đối với nhiều data có nhiều outliers thì dùng median của cột đó thế vào các giá trị null, còn không có nhiều hoặc dưới 5% cũng có thể dùng mean. TH tốt nhất thì dùng median\n"},
{"original_request_url": "https://m.facebook.com/5833221840129867", "post_url": "https://m.facebook.com/5833221840129867", "post_id": 5833221840129867, "text": "YOUTUBE.COM\nFull lộ trình để trở thành 1 AI engineer", "post_text": "", "shared_text": "YOUTUBE.COM\nFull lộ trình để trở thành 1 AI engineer", "time": "2023-01-19 09:07:48", "timestamp": 1674094068, "likes": 32, "reaction_count": 32, "comments_full": ""},
{"original_request_url": "https://m.facebook.com/5781127052006013", "post_url": "https://m.facebook.com/5781127052006013", "post_id": 5781127052006013, "text": "Happy New Year 2023!!! Tuyển dụng và quảng cáo tháng 1: các bạn lưu ý giúp nhé, tất cả các bài viết tuyển dụng và các hình thức quảng cáo bao gồm quảng cáo lớp học (ngoại trừ các bài được sponsor) thì phải được đăng bằng cách comment dưới post này. Thành viên vi phạm sẽ sẽ được mời ra khỏi group. Mong các bạn chú ý. Lưu ý: các bạn khi đăng bài nên thêm hashtag để dễ tìm và lọc, ví dụ: #bigdata #computervision #machinelearning #tuyendung #lophoc\nSee translation", "post_text": "Happy New Year 2023!!! Tuyển dụng và quảng cáo tháng 1: các bạn lưu ý giúp nhé, tất cả các bài viết tuyển dụng và các hình thức quảng cáo bao gồm quảng cáo lớp học (ngoại trừ các bài được sponsor) thì phải được đăng bằng cách comment dưới post này. Thành viên vi phạm sẽ sẽ được mời ra khỏi group. Mong các bạn chú ý. Lưu ý: các bạn khi đăng bài nên thêm hashtag để dễ tìm và lọc, ví dụ: #bigdata #computervision #machinelearning #tuyendung #lophoc\nSee translation", "time": "2023-01-01 06:31:41", "timestamp": 1672529501, "likes": 18, "reaction_count": 18, "comments_full": "GHN-HCM Tuyển Data Engineer. YOE 4 năm. Range: upto 2500$ #tuyendung\n[Hà Nội & Đà Nẵng] - Gear Inc Tuyển Dụng\n\n👉 Workforce Management Analyst\n👉 MIS Data Analyst\n👉 Real-time Analyst\n\nYêu cầu chung:\n⁣　　✅ Có tư duy logic, khả năng phân tích và tổng hợp dữ liệu tốt\n⁣　　✅ Có từ 1 năm kinh nghiệm ở vị trí liên quan\n⁣　　✅ Có kinh nghiệm ở lĩnh vực BPO\n⁣　　✅ Thành thạo trong việc sử dụng Google Spreadsheet, Excel\n⁣　　✅ Tiếng Anh tốt (nói và viết)\nĐịa điểm làm việc: Hai Bà Trưng, Hà Nội / Thanh Khê, Đà Nẵng\n+ Workforce Management Analyst\nhttps://\nwww.careers-page\n.com/\ngear-inc-2/job/\nQX69VVWY\n+ MIS Data Analyst\nhttps://\nwww.careers-page\n.com/\ngear-inc-2/job/\nL4VR99W7\n+ Real-time Analyst\nhttps://\nwww.careers-page\n.com/\ngear-inc-2/job/\nL74X8833\n\nNhanh tay gửi CV về hòm thư jobs@gearinc.co\nm để trở thành một Gear-er nhé!\n#dataanalyst #tuyendung\n𝐃𝐈𝐀𝐆 𝐂𝐀𝐑𝐄𝐄𝐑𝐒 | #Diag is looking for Tech positions:\n\n𝐅𝐫𝐨𝐧𝐭𝐄𝐧𝐝 𝐋𝐞𝐚𝐝 (2.5k-3.0k USD gross + attractive KPI bonus)\n𝐒𝐞𝐧𝐢𝐨𝐫 𝐏𝐇𝐏 𝐃𝐞𝐯𝐞𝐥𝐨𝐩𝐞𝐫 (1.8k-2.5k USD gross + attractive KPI bonus)\n𝐒𝐞𝐧𝐢𝐨𝐫 𝐅𝐫𝐨𝐧𝐭𝐞𝐧𝐝 𝐃𝐞𝐯𝐞𝐥𝐨𝐩𝐞𝐫 (1.8k-2.5k USD gross + attractive KPI bonus)\n𝐏𝐲𝐭𝐡𝐨𝐧 𝐄𝐧𝐠𝐢𝐧𝐞𝐞𝐫 (1.8k-2.5k USD gross + attractive KPI bonus)\n\nShout out to all #Tech talented candidates who #opentowork and would love to start a new interesting journey, #Diag is welcoming you to take this opportunity!.\n\n📍 𝐖𝐎𝐑𝐊𝐈𝐍𝐆 𝐏𝐋𝐀𝐂𝐄: 414-420 Cao Thang Street, Ward 12, District 10, Ho Chi Minh City, Vietnam (hybrid condition)\n\n👉 If you are interested any position, do not hesitate to apply by sending your updated resume to Mr. Phuc via email 𝐏𝐡𝐮𝐜.𝐂𝐡𝐮𝐧𝐠@𝐝𝐢𝐚𝐠\n.𝐯𝐧 by 𝐉𝐚𝐧𝐮𝐚𝐫𝐲 𝟑𝟏𝐬𝐭 𝟐𝟎𝟐𝟑 for the next step.\n\nThank you and have a productive working week!\n\n#Diag #diaglaboratorie\ns #hcm #opportunity #opentowork #job #hcm\n\n#softwaredevelop\ner #webdeveloper #softwareenginee\nring #vuejs #vuejsdeveloper #javadeveloper #javascript #webpack #jsframework #frontenddevelop\ner #frontendjobs #userexperience #userinterface #reactjs #coding #technicallead #fullstackdevelo\nper #frontendlead #frontendsenior #technicalarchi\ntect\n\n#php #phpdevelopers #phpjobs #phpwebdevelopm\nent #phpprogramming\n\n#python #pythondevelope\nr #pythonjobs #pythonprogramm\ning #pythondevelope\nr #pythonprogramm\ninglanguage\n\n#techjob #sharejob #IT #techjob #techhiring #tech #techjobs #techcareers #techcompany\n"},
{"original_request_url": "https://m.facebook.com/5432875503497838", "post_url": "https://m.facebook.com/5432875503497838", "post_id": 5432875503497838, "text": "🍀KÍCH HOẠT COURSERA PREMIUM CHÍNH CHỦ\nHọc FREE + CERT FREE Toàn bộ khóa học trên COURSERA: Data Science, AI, Data Analyst, Python, Machine learning, Deep learning, Java......\nCấp chứng chỉ theo tên của mình khi hoàn thành khóa học\nKhóa học mới được cập nhật liên tục\nBảo hành, hỗ trợ trong suốt quá trình sử dụng\nP/s: Anh/Chị quan tâm comment, ib em để được tư vấn kỹ hơn ạ !!!\nSee translation", "post_text": "🍀KÍCH HOẠT COURSERA PREMIUM CHÍNH CHỦ\nHọc FREE + CERT FREE Toàn bộ khóa học trên COURSERA: Data Science, AI, Data Analyst, Python, Machine learning, Deep learning, Java......\nCấp chứng chỉ theo tên của mình khi hoàn thành khóa học\nKhóa học mới được cập nhật liên tục\nBảo hành, hỗ trợ trong suốt quá trình sử dụng\nP/s: Anh/Chị quan tâm comment, ib em để được tư vấn kỹ hơn ạ !!!\nSee translation", "time": "2022-09-04 10:56:58", "timestamp": 1662263818, "likes": 145, "reaction_count": 145, "comments_full": "Ib\nVu Duc BaCám ơn anh quan tâm. Anh check inbox chờ e gửi a thông tin ạ\nIb mình.\nTuan Nguyen vâng, cám ơn a quan tâm, Anh check ib chờ hoặc spam e gửi a thông tin ạ\nIb giúp mình ttin\nLuong Binh Vâng, cám ơn a quan tâm, Anh check ib chờ hoặc spam e gửi a thông tin chi tiết ạ\nib nhé em\nVõ Hùng Cám ơn anh quan tâm, Anh check ib chờ hoặc spam, e gửi thông tin cho mình ạ\nib giúp mình thông tin ạ\nVõ HùngCám ơn anh quan tâm, Anh check ib em gửi a thông tin chi tiết ạ\nIb mình\nDoan Ng Cám ơn anh quan tâm. Anh check inbox chờ e gửi a thông tin ạ\nCho mình xin thông tin nhé\nChị gửi em xin thông tin với ạ\nBà Hoàng Cám ơn chị quan tâm, Chị check ib chờ hoặc spam e gửi c thông tin chi tiết ạ\nib giúp mình thông tin\nBạn gửi mình xin thông tin nhé\nLê PhượngCám ơn c quan tâm. Chị check ib chờ hoặc spam e gửi c thông tin ạ\nMình xin thông tin bạn nhé\nLê Phượng Cám ơn chị quan tâm, Chị check ib chờ hoặc spam em gửi c thông tin chi tiết ạ\nib giúp anh thông tin nhé em\nDolce Thành Cám ơn anh quan tâm, Anh check ib em gửi a thông tin khóa học ạ\nib anh thông tin nhé em.\nDolce Thành Cám ơn anh quan tâm, Anh check ib e gửi a thông tin chi tiết ạ\nMình quan tâm ạ\nHa Anh NguyenCám ơn chị quan tâm, Chị check ib chờ hoặc spam e gửi c thông tin ạ\nPhương Thúy ok bạn hướng dẫn mình luôn nhé\nInbox mình\nLe Trung Cám ơn anh quan tâm, Anh check ib chờ hoặc spam e gửi a thông tin chi tiết nhé\nPhương Thúy oke Thúy nhé\nAnh quan tâm, em check inbox nhé, tks em.\nNguyễn Bách Điệp Vâng, cám ơn a quan tâm, Anh check ib chờ hoặc spam em gửi a thông tin chi tiết ạ\nIb chị với. thanks em\nYen Do cám ơn chị quan tâm, chị check ib chờ hoặc spam e gửi c thông tin ạ\nBạn ơi check ib ạ\nInbox mình nhe\nib mình thông tin vs\nBùi Gia BảoCám ơn anh quan tâm. Anh check ib chờ hoặc spam e gửi a thông tin ạ\nIb mình nhé\nViet Hoang Tran DuongCám ơn anh quan tâm. Anh check ib chờ hoặc spam e gửi thông tin ạ\ncòn slot không bạn ? ib mình với\nNguyễn Tiến Hưng Em cám ơn anh quan tâm, Anh check ib chờ hoặc spam e gửi a thông tin chi tiết ạ\nib mình thông tin nhé\nThuc Pham MinhCám ơn anh quan tâm, Anh check ib chờ hoặc spam em gửi a thông tin chi tiết ạ\ninbox ạ\nLê ThànhCám ơn a quan tâm, Anh check ib chờ hoặc spam e gửi a thông tin ạ\nCho mình xin thông tin nhé\nInbox mình\nLê Khắc Sinh Vâng cám ơn anh quan tâm, Anh check ib chờ hoặc spam e gửi a thông tin ạ.\nInbox mình nhé\nIb mình\nThan Van Tuong Cám ơn anh quan tâm, Anh check ib chờ hoặc spam e gửi a thông tin chi tiết ạ\nIb mình với\nIb\nLong Phung Khanh Cám ơn anh quan tâm, Anh check ib chờ hoặc spam e gửi a thông tin ạ\nIb\nHưng Lê Cám ơn anh quan tâm. Anh check ib chờ hoặc spam e gửi a thông tin nhé.\nIb m\nInbox m nhé. Thanks b\nCare\nSan Nhu Cám ơn anh quan tâm, Anh check ib chờ hoặc spam e gửi a thông tin chi tiết ạ\n.\n.\nTùng LâmCám ơn a quan tâm, Anh checknib chờ hoặc spam e gửi a thông tin chi tiết ạ\n...\n.\nKhang Pham Cám ơn anh quan tâm, Anh check ib em gửi a thông tin chi tiết ạ\nPhương Thúy\n.\nNghi Hoàng Khoa Cám ơn anh quan tâm, Anh check ib chờ hoặc spam e gửi a thông tin ạ\nMình quan tâm, bạn cho mình xin thêm thong tin nhé\nLtb Ngọc Em cám ơn chị quan tâm. Chị check ib chờ hoặc spam e gửi c thông tin chi tiết ạ\nMình quan tâm, bạn cho mình xin thêm thoing tin nhé\nHoang Ngoc My Vâng, cám ơn chị quan tâm, chị check ib chờ hoặc spam em gửi c thông tin chi tiết ạ\nquan tâm ạ.\nViệt Hồ Cám ơn a quan tâm, Anh check ib chờ hoặc spam e gửi a thông tin chi tiết ạ\n"},
{"original_request_url": "https://m.facebook.com/5596183130500407", "post_url": "https://m.facebook.com/5596183130500407", "post_id": 5596183130500407, "text": "Podcast.ai\n\n4TECHNEWS.NET\nPodcast đưa Steve Jobs trở lại cuộc sống, nhờ vào AI", "post_text": "Podcast.ai", "shared_text": "4TECHNEWS.NET\nPodcast đưa Steve Jobs trở lại cuộc sống, nhờ vào AI", "time": "2022-10-31 18:11:16", "timestamp": 1667214676, "likes": 5, "reaction_count": 5, "comments_full": ""},
{"original_request_url": "https://m.facebook.com/5831809423604442", "post_url": "https://m.facebook.com/5831809423604442", "post_id": 5831809423604442, "text": "On Hand BI\nUPLOAD POWER BI REPORT\nMình gửi hướng dẫn các bạn upload report Power BI vào hệ thống On Hand BI.\nCác bạn có thể follow báo cáo này tại link:\nhttps://admin.onhandbi.com/#/user/report/26\n\nOn Hand BI là nền tảng đầu tiên tại Việt Nam để cho mọi người có thể upload báo cáo Power BI và chia sẻ cho những người khác mà không cần License.\nSee translation", "post_text": "On Hand BI\nUPLOAD POWER BI REPORT\nMình gửi hướng dẫn các bạn upload report Power BI vào hệ thống On Hand BI.\nCác bạn có thể follow báo cáo này tại link:\nhttps://admin.onhandbi.com/#/user/report/26\n\nOn Hand BI là nền tảng đầu tiên tại Việt Nam để cho mọi người có thể upload báo cáo Power BI và chia sẻ cho những người khác mà không cần License.\nSee translation", "time": "2023-01-18 21:52:34", "timestamp": 1674053554, "likes": 3, "reaction_count": 3, "comments_full": ""},
{"original_request_url": "https://m.facebook.com/5507904542661600", "post_url": "https://m.facebook.com/5507904542661600", "post_id": 5507904542661600, "text": "Em chào anh chị, em là sinh viên năm cuối khối ngành kinh tế, đang làm việc cho 1 công ty về social analytics. Sang năm em muốn học thêm 1 bằng nữa về Applied Data Science, duration trong vòng 1 năm học. Mn có thể giới thiệu cho em một vài chương trình được không ạ? Em cảm ơn mn!", "post_text": "Em chào anh chị, em là sinh viên năm cuối khối ngành kinh tế, đang làm việc cho 1 công ty về social analytics. Sang năm em muốn học thêm 1 bằng nữa về Applied Data Science, duration trong vòng 1 năm học. Mn có thể giới thiệu cho em một vài chương trình được không ạ? Em cảm ơn mn!", "shared_text": "", "time": "2022-10-01 12:17:47", "timestamp": 1664601467, "likes": 3, "reaction_count": 3, "comments_full": "OMSA hay OMSCS của Georgia Tech có price/value tốt nhất.\n"},
{"original_request_url": "https://m.facebook.com/5556848024433918", "post_url": "https://m.facebook.com/5556848024433918", "post_id": 5556848024433918, "text": "Mình vừa hoàn thành đợt thi cuối cùng của chương trình Master of Data Science tại Liverpool John Moore - UK.\n\nTiện thể review một chút về chương trình học trên Upgrad cho những bạn mong muốn theo con đường sự nghiệp với Data Science, đặc biệt các bạn không có Background về CNTT. Các bạn từ chuyên ngành tài chính kế toán, Kinh doanh, MKT có tư duy logic tốt.\n\nVề chương trình LJM UK trên Upgrad\n1. Học thật thi thật, học online thi online nhưng k dễ cheating. Hệ thống thi online rất chặt chẽ. Scan khu vực ngồi, mắt phải tập trung vào màn hình & camera của máy tính, có giám thị online & AI giám sát.\n2. Kiến thức thực tế\n100% môn học áp dụng được vào công việc đang đi làm.\n3. Carrer path rõ ràng\nChương trình được chia làm 3 paths: Data Analyst, Deep Learning, Data Engineer. Mình chọn Data Analyst vì k có background CNTT, định hướng của mình theo phân tích dữ liệu và modeling cho business.\n4. Học 6 tháng có đủ năng lực kiếm việc Fresher Data Analyst lương 8-12tr\n5. Học 100% bằng tiếng anh\n6. Không cần background về CNTT & 3 năm kinh nghiệm làm việc.\n7. Thời gian học 18 tháng\n8. Học phí: để học mà k phí các bạn cần có chiến lược học cụ thể, để có thể thu hồi số vốn đã đầu tư cho bản thân. (đi làm 1 năm thù hồi vốn, 2 năm thu hồi gấp 3, không có khoản đầu tư nào sinh lời bằng đầu tư vào bản thân)\n\nBạn nào quan tâm có thể inbox mình chia sẻ thêm.", "post_text": "Mình vừa hoàn thành đợt thi cuối cùng của chương trình Master of Data Science tại Liverpool John Moore - UK.\n\nTiện thể review một chút về chương trình học trên Upgrad cho những bạn mong muốn theo con đường sự nghiệp với Data Science, đặc biệt các bạn không có Background về CNTT. Các bạn từ chuyên ngành tài chính kế toán, Kinh doanh, MKT có tư duy logic tốt.\n\nVề chương trình LJM UK trên Upgrad\n1. Học thật thi thật, học online thi online nhưng k dễ cheating. Hệ thống thi online rất chặt chẽ. Scan khu vực ngồi, mắt phải tập trung vào màn hình & camera của máy tính, có giám thị online & AI giám sát.\n2. Kiến thức thực tế\n100% môn học áp dụng được vào công việc đang đi làm.\n3. Carrer path rõ ràng\nChương trình được chia làm 3 paths: Data Analyst, Deep Learning, Data Engineer. Mình chọn Data Analyst vì k có background CNTT, định hướng của mình theo phân tích dữ liệu và modeling cho business.\n4. Học 6 tháng có đủ năng lực kiếm việc Fresher Data Analyst lương 8-12tr\n5. Học 100% bằng tiếng anh\n6. Không cần background về CNTT & 3 năm kinh nghiệm làm việc.\n7. Thời gian học 18 tháng\n8. Học phí: để học mà k phí các bạn cần có chiến lược học cụ thể, để có thể thu hồi số vốn đã đầu tư cho bản thân. (đi làm 1 năm thù hồi vốn, 2 năm thu hồi gấp 3, không có khoản đầu tư nào sinh lời bằng đầu tư vào bản thân)\n\nBạn nào quan tâm có thể inbox mình chia sẻ thêm.", "shared_text": "", "time": "2022-10-17 15:48:55", "timestamp": 1665996535, "likes": 130, "reaction_count": 130, "comments_full": "Học 6 tháng mà đủ để đi làm rồi à, từ lúc nào mà học và làm data analyst đơn giản thế nhỉ.\nLê Nguyễn Anh Minh fresher nhé bạn, mình đi làm cũng khá lâu rồi, các vị trí mới vào chỉ cần biết SQL Python để làm một số công việc hỗ trợ Leader làm báo cáo, phân tích căn bản\nLê Nguyễn Anh Minh em học hơn 1 năm đây @@\nLê Nguyễn Anh Minh vì yêu cầu tuyển dụng của thị trường thấp đó, trình độ DA giữa các công ty cũng chênh lệch lớn nữa\nPhạm Lê Tuấn Anh chuẩn đó bạn, không phải lúc nào cũng cần master mới đi làm đc.\nNguyễn Huy Hoàng thế học tiếp cho tới nơi tới chốn đi. Hehe.\nLê Nguyễn Anh Minh Cũng đang đánh vật với Data Science đây anh ơi hihi\nPhạm Lê Tuấn Anh k phải thấp mà mình thấy học 6 tháng k có cơ hội. Giữa một bạn sinh viên IT và 1 ng học 6 tháng thì bạn chọn ai. Học cho tới nơi tới chốn thì may ra, hoặc bạn giỏi trong lĩnh vực hiện tại và có thêm skill về data.\nLê Nguyễn Anh Minh đúng là k recommend sv học khóa này, chương trình yêu cầu phải có 3 năm kinh nghiệp rồi mới học.\nLê Nguyễn Anh Minh cái này tuỳ khả năng thôi, với ng học nhanh thì khả năng có khi họ gấp 3 lần người thường. Cộng thêm chút tự tin và may mắn thì k phải là chuyện bất khả\nLê Nguyễn Anh Minh 1 người học 6 tháng nhưng trước đó có background ngành liên quan thì chắc chắn có cơ hội hơn SV IT luôn bạn ạ, ở VN hiện tại đang ưa người có kn đi làm + skill data hơn là 1 sv ra trường.\nPhuong Hang nó chỉ đúng nếu skill data chỉ là phần phụ trong yêu cầu công việc, chứ mấy vị trí yêu cầu về tech hơn thì mình sẽ ưu tiên chọn SV IT. Nói chung nên học skill data để phục vụ công việc hiện tại chứ k nên bỏ ngang công việc hiện tại sang làm về data\nLê Nguyễn Anh Minh có bạn Gia Tương học 4 tháng vẫn apply và có job kìa bạn\nDat Tien Nguyen may mắn thôi, mình cũng k nói là k có. =))\nLê Nguyễn Anh Minh ko hẳn là may mắn, lúc mình đọc bài đầu tiên của bạn Tường, mình nghĩ bạn Tường là siêu nhân khi bẻ quẹo 1 cái 4 tháng đã rẽ ngành. Nhưng sau khi bạn Tường post bài thứ 2 thì mình thấy nó cũng hợp lý, ko phải siêu nhân gì lắm\nDat Tien Nguyen chắc là một vị trí k thuần về data mà skill data chỉ là một phần của vị trí đấy.\nLê Nguyễn Anh Minh DA cũng có DA this DA that mà anh. Cái title ở Việt Nam mình còn rất loạn. Nchung tuỳ thuộc vào yêu cầu của nhà tuyển dụng mà nộp đi làm thử thôi ạ. Còn cá nhân em thì thấy 6 tháng thì có thể đi intern học hỏi nếu các bạn ý không có base IT nhưng lại học tốt Toán và có tư duy về code cơ bản + biết SQL\nHai Thanh Tran: học 6 tháng master mà đi làm chỉ được 8 - 12tr thui kìa ku\nDo Duc Minh fresher data ở vn chỉ nhiêu đó thôi bạn\nNguyễn Đức Cường vậy thôi học làm gì, đi làm việc khác cho nhẹ cái đầu.\nE muốn hỏi liên quan đến học phí như e nói là như thế nào vậy ạ\nViệt Hoàng lúc a học là gần 150tr, em liên hệ các bạn Upgrad hỗ trợ ở VN có thể đc giảm chút đó, e liên hệ bạn Trần Hoàng Quân để đc tư vấn thêm các khoản liên quan đến học phí, chính sách thanh toán\nViệt Hoàng Chào anh, anh inb giúp mình profile và target của anh nha\nCho mình xin thông tin chương trình với\nTran Phu Tho Chào bạn, bạn inb mình thông tin về profile và target của bạn nhé\nTran Phu Tho bạn Trần Hoàng Quân bên upGrad sẽ gửi thông tin cho bạn nhé\nHọc online hả bác ?\nDat Vjc ct này học online bạn\nanh học cái này mất bao tiền thế?\nShane Benjamin Bennett gần 150tr 18 tháng\nCho mình xin thông tin khóa học với bạn\nLe Thuy Nguyen xin chào chị, chị inb mình thông tin về profile và target của chị nhé\nLe Thuy Nguyen\nsao mà 6 tháng được? 23+29 weeks\nCho em hỏi chương trình như vậy đăng ký ở đâu vậy ạ\nNhật Minh liên hệ bạn Trần Hoàng Quân Upgrad hỗ trợ nè\nNhật Minh Chào anh, anh inb giúp mình Profile và Target của anh nha.\nShawn Nguyen\n"},
{"original_request_url": "https://m.facebook.com/5310771419041581", "post_url": "https://m.facebook.com/5310771419041581", "post_id": 5310771419041581, "text": "Em đang đinh dk khoá học data science của Funix liên kết với fpt , ai đã từng học ở đây cho e feedback với ạ?\n\nCám ơn các ac", "post_text": "Em đang đinh dk khoá học data science của Funix liên kết với fpt , ai đã từng học ở đây cho e feedback với ạ?\n\nCám ơn các ac", "shared_text": "", "time": "2022-07-21 15:49:58", "timestamp": 1658393398, "likes": 32, "reaction_count": 32, "comments_full": "Chạy ngay đi. Học xong không có việc đâu. không phải liên kết với fpt đâu mà là cùng cha khác mẹ\nNguyễn Đức Hiền thấy để bao việc sau khi học xong mà a\nPhúc Oanh Nếu mà bao việc thì mình không long bong như bây giờ\nQua khtn học dùm\nKhóa đó toàn tự học. Ko hiểu có hỏi mentor cũng ko giúp đc gì nhiều. Đc cái có lộ trình từng bài học\nTrung Nguyen Ha quá đúng.\nChỗ đấy ngày xưa mình nhớ là nội dung tổng hợp từ Coursera, chủ yếu tiền học là rơi vào chi phí cho mentor. Một trong những sai lầm ngu nhất của tuổi trẻ\nViệt Long Nguyễn em tưởng chỉ có mình em sai lầm chứ\nViệt Long Nguyễn Couresa t mua có 500 cành học cháy cái máy @@\nNguyễn Huy Hoàng bạn mua khóa nào vậy ạ, học tốt hok bạn, tại mình cũng đang định mua mà ch bik chọn cái nào\nQua KHTN học đáng tiền hơn mặc dù học phí gần x2 funix\ntoàn lấy nội dung bên Coursera 🤣🤣, tài liệu Tiếng Việt thì lấy của anh Tiệp\nbiết tự học thì ổn mà. =))) nếu học theo cách cũ thì không quen đâu.\nHọc thẳng bên fsoft cho lành\nNhàn Phạm cho cười ké cái. fsoft và viettel là trùm khai thác data phải ko?? 🤣🤣🤣🤣\nLong Linh chịu chết nè😂😂\nKhoá DS bên TTTH của trg KHTN thấy nhiều bạn rv OK đó ạ\nNgọc Thuỳ TTTH là viết tắt của gì ạ\nLucas Nguyen Dạ là Trung tâm tin học ạ\nNgọc Thuỳ trường KHTN của SG hả bạn?\nDuy Nguyen Thanh, có khóa online á bạn, mình vừa đăng ký cuối tháng 8\nLinh Trung vâng cảm ơn bạn, mình làm ngành y, hiện cũng bận rộn nhưng sẽ theo học, review tốt là thấy thích rồi\nLinh Trung bạn ơi bạn cho mình hỏi khóa online nếu mình lỡ buổi học thì có thể xem lại video không ạ?\nHieu Dinh, có ạ, sẽ cập nhật trên GG Drive sau mỗi buổi học ạ\nLinh Trung mình cảm ơn ạ\nCó cái tốt và có cái chưa tốt. Trải nghiệm cá nhân là tiền nào thì của ấy. Không phải tự nhiên mà coder school và trung tâm tin học của trường tự nhiên lấy học phí đắt gấp 3 lần học phí ở Funix. Nếu bạn học để đi làm thì tôi khuyên thật bạn cứ chọn chỗ tốt mà học, tuy đắt một chút nhưng được việc.\nNguyễn Duy\n"},
{"original_request_url": "https://m.facebook.com/5831310666987651", "post_url": "https://facebook.com/story.php?story_fbid=pfbid0bSSK5pAk9RBwtY2f4QeziGfPKBnk2YzqYgBkKY7cp9Zgv9efGco69zGJt2BEypuSl&id=100089445885560", "post_id": 5831310666987651, "text": "𝐌𝐨̂́𝐢 𝐪𝐮𝐚𝐧 𝐡𝐞̣̂ 𝐠𝐢𝐮̛̃𝐚 𝐓𝐫𝐢́ 𝐭𝐮𝐞̣̂ 𝐧𝐡𝐚̂𝐧 𝐭𝐚̣𝐨 (𝐀𝐈 - 𝐀𝐫𝐭𝐢𝐟𝐢𝐜𝐢𝐚𝐥 𝐈𝐧𝐭𝐞𝐥𝐥𝐢𝐠𝐞𝐧𝐜𝐞), 𝐇𝐨̣𝐜 𝐦𝐚́𝐲 (𝐌𝐋 - 𝐌𝐚𝐜𝐡𝐢𝐧𝐞 𝐋𝐞𝐚𝐫𝐧𝐢𝐧𝐠), 𝐌𝐚̣𝐧𝐠 𝐭𝐡𝐚̂̀𝐧 𝐤𝐢𝐧𝐡 (𝐍𝐍𝐬 - 𝐍𝐞𝐮𝐫𝐚𝐥 𝐍𝐞𝐭𝐰𝐨𝐫𝐤𝐬) 𝐯𝐚̀ 𝐇𝐨̣𝐜 𝐬𝐚̂𝐮 (𝐃𝐞𝐞𝐩 𝐋𝐞𝐚𝐫𝐧𝐢𝐧𝐠).\n\nAI, ML, NN và DL là các lĩnh vực liên quan đến nhau, nhưng chúng thực sự không giống nhau.\n\nAI là thuật ngữ rộng nhất, đề cập đến khả năng của một cỗ máy có thể bắt chước suy nghĩ và hành vi của con người.\nCác trợ lý ảo như Siri, Google Assistant có thể hiểu ngôn ngữ tự nhiên và trả lời các lệnh thoại của con người là một ví dụ của AI.\n\nML là một lĩnh vực con của AI, sử dụng các thuật toán và mô hình thống kê cho phép máy tính có thể học từ dữ liệu (được gọi là dữ liệu huấn luyện - training data) và đưa ra dự đoán, quyết định mà không cần phải lập trình rõ ràng.\nVí dụ: một bộ lọc email (email filter) học cách để gán cờ cho các tin nhắn spam dựa trên các email mà người dùng đánh dấu nó là spam.\n\nNNs, còn được gọi là mạng nơ-ron, mạng nơ-ron nhân tạo (Artificial NNs) hay mạng nơ-ron mô phỏng (Simulated NNs), là lĩnh vực con của ML và là trái tim của các thuật toán DL. Cái tên mạng thần kinh và cấu trúc của nó được lấy cảm hứng từ bộ não người, thông qua việc bắt chước cách các tế bào thần kinh sinh học truyền tín hiệu cho nhau.\nNNs cho phép tìm ra các mẫu và các mối quan hệ (patterns and relationships) có trong dữ liệu nhằm hướng tới giải quyết các vấn đề phức tạp, chẳng hạn như tóm tắt tài liệu - text summarization, nhận diện khuôn mặt - facial recognition hay nhận diện giọng nói - speech recognition.\n\nDL là lĩnh vực con của NNs, sử dụng các mạng thần kinh sâu (Deep NNs), (tức là mạng thần kinh với nhiều lớp, từ “deep” trong DL đề cập đến độ sâu của các lớp trong mạng thần kinh). Khác với các thuật toán ML truyền thống, trong đó các đặc trưng của dữ liệu cần phải xác định thủ công (hand-crafted) bằng bàn tay con người, quá trình này tốn thời gian, đòi hỏi sự hiểu biết về bài toán và dữ liệu, thì với DL, các đặc trưng trong dữ liệu có thể được trích xuất một cách tự động. Các mô hình DL, là các mạng thần kinh với nhiều lớp, có thể phân tích tự động (automatically) các bộ dữ liệu phi cấu trúc như tài liệu văn bản, ảnh hay âm thanh, xác định đặc trưng dữ liệu nào quan trọng hơn và cần ưu tiên.\nCông nghệ DL nằm sau các sản phẩm và dịch vụ hàng ngày (chẳng hạn như trợ lý ảo - virtual assitstant, điều khiển TV từ xa hỗ trợ giọng nói - voice-enabled TV remotes, hay phát hiện gian lận thẻ tín dụng - credit card fraud detection) cũng như các công nghệ mới nổi (như xe tự hành - self-driving cars).\n\n#LearnAIwithTueMinh #AI #datascience #machinelearning #deeplearning #neuralnetworks", "post_text": "𝐌𝐨̂́𝐢 𝐪𝐮𝐚𝐧 𝐡𝐞̣̂ 𝐠𝐢𝐮̛̃𝐚 𝐓𝐫𝐢́ 𝐭𝐮𝐞̣̂ 𝐧𝐡𝐚̂𝐧 𝐭𝐚̣𝐨 (𝐀𝐈 - 𝐀𝐫𝐭𝐢𝐟𝐢𝐜𝐢𝐚𝐥 𝐈𝐧𝐭𝐞𝐥𝐥𝐢𝐠𝐞𝐧𝐜𝐞), 𝐇𝐨̣𝐜 𝐦𝐚́𝐲 (𝐌𝐋 - 𝐌𝐚𝐜𝐡𝐢𝐧𝐞 𝐋𝐞𝐚𝐫𝐧𝐢𝐧𝐠), 𝐌𝐚̣𝐧𝐠 𝐭𝐡𝐚̂̀𝐧 𝐤𝐢𝐧𝐡 (𝐍𝐍𝐬 - 𝐍𝐞𝐮𝐫𝐚𝐥 𝐍𝐞𝐭𝐰𝐨𝐫𝐤𝐬) 𝐯𝐚̀ 𝐇𝐨̣𝐜 𝐬𝐚̂𝐮 (𝐃𝐞𝐞𝐩 𝐋𝐞𝐚𝐫𝐧𝐢𝐧𝐠).\n\nAI, ML, NN và DL là các lĩnh vực liên quan đến nhau, nhưng chúng thực sự không giống nhau.\n\nAI là thuật ngữ rộng nhất, đề cập đến khả năng của một cỗ máy có thể bắt chước suy nghĩ và hành vi của con người.\nCác trợ lý ảo như Siri, Google Assistant có thể hiểu ngôn ngữ tự nhiên và trả lời các lệnh thoại của con người là một ví dụ của AI.\n\nML là một lĩnh vực con của AI, sử dụng các thuật toán và mô hình thống kê cho phép máy tính có thể học từ dữ liệu (được gọi là dữ liệu huấn luyện - training data) và đưa ra dự đoán, quyết định mà không cần phải lập trình rõ ràng.\nVí dụ: một bộ lọc email (email filter) học cách để gán cờ cho các tin nhắn spam dựa trên các email mà người dùng đánh dấu nó là spam.\n\nNNs, còn được gọi là mạng nơ-ron, mạng nơ-ron nhân tạo (Artificial NNs) hay mạng nơ-ron mô phỏng (Simulated NNs), là lĩnh vực con của ML và là trái tim của các thuật toán DL. Cái tên mạng thần kinh và cấu trúc của nó được lấy cảm hứng từ bộ não người, thông qua việc bắt chước cách các tế bào thần kinh sinh học truyền tín hiệu cho nhau.\nNNs cho phép tìm ra các mẫu và các mối quan hệ (patterns and relationships) có trong dữ liệu nhằm hướng tới giải quyết các vấn đề phức tạp, chẳng hạn như tóm tắt tài liệu - text summarization, nhận diện khuôn mặt - facial recognition hay nhận diện giọng nói - speech recognition.\n\nDL là lĩnh vực con của NNs, sử dụng các mạng thần kinh sâu (Deep NNs), (tức là mạng thần kinh với nhiều lớp, từ “deep” trong DL đề cập đến độ sâu của các lớp trong mạng thần kinh). Khác với các thuật toán ML truyền thống, trong đó các đặc trưng của dữ liệu cần phải xác định thủ công (hand-crafted) bằng bàn tay con người, quá trình này tốn thời gian, đòi hỏi sự hiểu biết về bài toán và dữ liệu, thì với DL, các đặc trưng trong dữ liệu có thể được trích xuất một cách tự động. Các mô hình DL, là các mạng thần kinh với nhiều lớp, có thể phân tích tự động (automatically) các bộ dữ liệu phi cấu trúc như tài liệu văn bản, ảnh hay âm thanh, xác định đặc trưng dữ liệu nào quan trọng hơn và cần ưu tiên.\nCông nghệ DL nằm sau các sản phẩm và dịch vụ hàng ngày (chẳng hạn như trợ lý ảo - virtual assitstant, điều khiển TV từ xa hỗ trợ giọng nói - voice-enabled TV remotes, hay phát hiện gian lận thẻ tín dụng - credit card fraud detection) cũng như các công nghệ mới nổi (như xe tự hành - self-driving cars).\n\n#LearnAIwithTueMinh #AI #datascience #machinelearning #deeplearning #neuralnetworks", "shared_text": "", "time": "2023-01-18 18:34:48", "timestamp": 1674041688, "likes": 7, "reaction_count": 7, "comments_full": ""},
{"original_request_url": "https://m.facebook.com/5779399725512079", "post_url": "https://facebook.com/story.php?story_fbid=pfbid0RBZzwt8MKLn2zegjyiZmX8X9jPXxAr1JWsGzdkdV6drbjs9dgQMrVrmtVniydHPNl&id=100063456943373", "post_id": 5779399725512079, "text": "[Add-to-cart]️ 🛒️🛒️ Tổng hợp SQL Interview Questions, SQL Cheatsheet & more : Dành riêng cho các BI/DA newbie sắp 'chuyển mình' với các vị trí công việc mới trong năm 2023 🛒️🛒️\n\n🌼🌼HAPPY NEW YEAR EVERYONE! Để năm mới công việc của bạn thật hanh thông & nhiều niềm vui, đam mê học hỏi nhằm tiến xa hơn trong sự nghiệp - VEFA sẽ gửi tặng bạn bộ tài liệu 'tất tần tật' về SQL trong phân tích dữ liệu (cheatsheet căn bản, các câu hỏi phỏng vấn vị trí từ fresher -> senior & cao hơn, đề SQL test dạng excel file & quyển ebook \"Learning SQL\"). Tất cả đều FREE 100%🌼🌼\n\nA- SQL INTERVIEW QUESTIONS\nCác câu hỏi trải đều các chủ đề như Database, Syntax, MySQL, Azure, T-SQL...; từ newbie cho đến expert level - tha hồ cho các bạn thử sức & chuẩn bị nhé.\n\n🛒️Ảnh: 1 & 2 trong bài post này\n🛒️Tham khảo thêm - Top SQL Interview Q&A: https://www.codewars.com/post/top-sql-interview-questions-and-answers-in-2022\n\nB- SQL Cheatsheet:\n🛒️Ảnh: 3 & 4\n🛒️Tham khảo thêm: https://www.sqltutorial.org/sql-cheat-sheet/\n\nC- SQL Book:\n🛒️Free eBook - Learning SQL: https://drive.google.com/file/d/1nGkGMvcQtUoOOnQrEsoyF8htvfx7OF3I/view\n\nD- SQL Interview Questions from big corp.\n🛒️Add to cart: https://docs.google.com/spreadsheets/d/1gam-UzWwHWTZZVFTSt7J4Z8ViVLkp181IDDtlPBLfz0/edit#gid=2029911562\n\nCredit: fullstack.cafe, learnsql.com, VEFA documents\n-\\-\\-\\-\\\nSQL Query không phải là tất cả để bạn có thể 'sống sót' trong ngành Phân tích dữ liệu. Ngoài kỹ năng này, bạn sẽ còn cần thêm Technical SKill khác là Trực quan hóa dữ liệu, một ít Python/R - và cả Business Acumen/ Domain về công ty/ sản phẩm... của bạn.\n\n🌼🌼Tham khảo ngay khóa học \"Business Intelligence With SQL\" khai giảng đầu năm 2023 của VEF Academy - Trọn bộ 3 kỹ năng quan trọng nhất của BI/DA khi bắt đầu vào ngành: SQL query + Data visualization + Business Case Analysis.\n\n🌼Đăng ký tại đây: http://www.vefacademy.com/bi\n🌼Khai giảng: 10/1/2023\n\n✔️Chú trọng vào SQL: Kết hợp SQL với các business cases và các bài test SQL thường gặp trong phỏng vấn, học viên tự tin coding các truy vấn thực tế trong công việc sau khi học xong.\n\n✔️Tập trung gỡ-rối khó khăn cho các newbie trong quá trình học SQL code, giải Business Case & xây dựng tư duy Problem Solving chuẩn chỉnh cho BI/DA.\nKhóa BI của VEFA làm được điều này là bởi đội ngũ giảng viên nhiều năm kinh nghiệm trong nghề luôn sẵn sàng lắng nghe, hỗ trợ học viên cũng như tạo cơ hội networking và sharing kinh nghiệm apply BI/DA job, cách vượt qua interview khó nhằn từ các công ty data lớn tại Việt Nam - Điều mà các khóa học lấy chứng chỉ online xuất phát từ nước ngoài khó có thể giúp được các bạn học viên newbie.\n\n🌼GIẢNG VIÊN KHÓA HỌC:\nAnh Vũ Ngô: Business Analytics Manager tại TapTap\nAnh Lý Lê: Business Intelligence Lead tại Shopee\nChị Du Nguyễn: Associate Product Manager tại VNG\nAnh Minh Hoàng (trợ giảng tại Hà Nội): Data Analyst tại SmartOSC\n\n✔️Cơ hội kết nối với cộng đồng làm Phân tích dữ liệu tại VEF Academy, nhiều cơ hội việc làm đến từ các công ty lớn (đã có nhiều học viên sau khi tốt nghiệp nhận được thư mời làm việc của MoMo, Shopee…).\n\n**Chỉ tối đa 20 bạn/ 1 lớp học. Nhanh tay sở hữu ngay bộ kỹ năng quan trọng nhất của BI/DA bạn hen.\n\n🌼🌼Bạn xem video phỏng vấn kinh nghiệm đỗ vị trí FRESHER DATA ANALYST tại công ty MOMO từ bạn Nguyễn Bá Thắng (cựu học viên VEFA): https://www.facebook.com/vefacademy/videos/971554210311943\n\n-\\-\\-\\-\\\nVEFA - YOUR DATA CAREER FUTURE\n💬 fb.com/VEFAcademy\n📩 𝐯𝐞𝐟𝐚𝐜𝐚𝐝𝐞𝐦𝐲𝟐𝟎𝟏𝟖@𝐠𝐦𝐚𝐢𝐥.𝐜𝐨𝐦\n#VEFAcademy #BI #businessintelligence #sql #sqlquery #phantichdulieu", "post_text": "[Add-to-cart]️ 🛒️🛒️ Tổng hợp SQL Interview Questions, SQL Cheatsheet & more : Dành riêng cho các BI/DA newbie sắp 'chuyển mình' với các vị trí công việc mới trong năm 2023 🛒️🛒️\n\n🌼🌼HAPPY NEW YEAR EVERYONE! Để năm mới công việc của bạn thật hanh thông & nhiều niềm vui, đam mê học hỏi nhằm tiến xa hơn trong sự nghiệp - VEFA sẽ gửi tặng bạn bộ tài liệu 'tất tần tật' về SQL trong phân tích dữ liệu (cheatsheet căn bản, các câu hỏi phỏng vấn vị trí từ fresher -> senior & cao hơn, đề SQL test dạng excel file & quyển ebook \"Learning SQL\"). Tất cả đều FREE 100%🌼🌼\n\nA- SQL INTERVIEW QUESTIONS\nCác câu hỏi trải đều các chủ đề như Database, Syntax, MySQL, Azure, T-SQL...; từ newbie cho đến expert level - tha hồ cho các bạn thử sức & chuẩn bị nhé.\n\n🛒️Ảnh: 1 & 2 trong bài post này\n🛒️Tham khảo thêm - Top SQL Interview Q&A: https://www.codewars.com/post/top-sql-interview-questions-and-answers-in-2022\n\nB- SQL Cheatsheet:\n🛒️Ảnh: 3 & 4\n🛒️Tham khảo thêm: https://www.sqltutorial.org/sql-cheat-sheet/\n\nC- SQL Book:\n🛒️Free eBook - Learning SQL: https://drive.google.com/file/d/1nGkGMvcQtUoOOnQrEsoyF8htvfx7OF3I/view\n\nD- SQL Interview Questions from big corp.\n🛒️Add to cart: https://docs.google.com/spreadsheets/d/1gam-UzWwHWTZZVFTSt7J4Z8ViVLkp181IDDtlPBLfz0/edit#gid=2029911562\n\nCredit: fullstack.cafe, learnsql.com, VEFA documents\n-\\-\\-\\-\\\nSQL Query không phải là tất cả để bạn có thể 'sống sót' trong ngành Phân tích dữ liệu. Ngoài kỹ năng này, bạn sẽ còn cần thêm Technical SKill khác là Trực quan hóa dữ liệu, một ít Python/R - và cả Business Acumen/ Domain về công ty/ sản phẩm... của bạn.\n\n🌼🌼Tham khảo ngay khóa học \"Business Intelligence With SQL\" khai giảng đầu năm 2023 của VEF Academy - Trọn bộ 3 kỹ năng quan trọng nhất của BI/DA khi bắt đầu vào ngành: SQL query + Data visualization + Business Case Analysis.\n\n🌼Đăng ký tại đây: http://www.vefacademy.com/bi\n🌼Khai giảng: 10/1/2023\n\n✔️Chú trọng vào SQL: Kết hợp SQL với các business cases và các bài test SQL thường gặp trong phỏng vấn, học viên tự tin coding các truy vấn thực tế trong công việc sau khi học xong.\n\n✔️Tập trung gỡ-rối khó khăn cho các newbie trong quá trình học SQL code, giải Business Case & xây dựng tư duy Problem Solving chuẩn chỉnh cho BI/DA.\nKhóa BI của VEFA làm được điều này là bởi đội ngũ giảng viên nhiều năm kinh nghiệm trong nghề luôn sẵn sàng lắng nghe, hỗ trợ học viên cũng như tạo cơ hội networking và sharing kinh nghiệm apply BI/DA job, cách vượt qua interview khó nhằn từ các công ty data lớn tại Việt Nam - Điều mà các khóa học lấy chứng chỉ online xuất phát từ nước ngoài khó có thể giúp được các bạn học viên newbie.\n\n🌼GIẢNG VIÊN KHÓA HỌC:\nAnh Vũ Ngô: Business Analytics Manager tại TapTap\nAnh Lý Lê: Business Intelligence Lead tại Shopee\nChị Du Nguyễn: Associate Product Manager tại VNG\nAnh Minh Hoàng (trợ giảng tại Hà Nội): Data Analyst tại SmartOSC\n\n✔️Cơ hội kết nối với cộng đồng làm Phân tích dữ liệu tại VEF Academy, nhiều cơ hội việc làm đến từ các công ty lớn (đã có nhiều học viên sau khi tốt nghiệp nhận được thư mời làm việc của MoMo, Shopee…).\n\n**Chỉ tối đa 20 bạn/ 1 lớp học. Nhanh tay sở hữu ngay bộ kỹ năng quan trọng nhất của BI/DA bạn hen.\n\n🌼🌼Bạn xem video phỏng vấn kinh nghiệm đỗ vị trí FRESHER DATA ANALYST tại công ty MOMO từ bạn Nguyễn Bá Thắng (cựu học viên VEFA): https://www.facebook.com/vefacademy/videos/971554210311943\n\n-\\-\\-\\-\\\nVEFA - YOUR DATA CAREER FUTURE\n💬 fb.com/VEFAcademy\n📩 𝐯𝐞𝐟𝐚𝐜𝐚𝐝𝐞𝐦𝐲𝟐𝟎𝟏𝟖@𝐠𝐦𝐚𝐢𝐥.𝐜𝐨𝐦\n#VEFAcademy #BI #businessintelligence #sql #sqlquery #phantichdulieu", "shared_text": "", "time": "2022-12-31 18:01:24", "timestamp": 1672484484, "likes": 8, "reaction_count": 8, "comments_full": "Trần Châu Bảo Thạch\n"},
{"original_request_url": "https://m.facebook.com/5749261791859206", "post_url": "https://facebook.com/story.php?story_fbid=pfbid0bREdsasDw2L6e2gky5eafAfxauQ365FM7Ec347T83uf38YrPNbBDnWzULCR8XrrXl&id=100063456943373", "post_id": 5749261791859206, "text": "Dành cho BI/DA newbie : Giới thiệu 4 khóa học online Business Intelligence hàng đầu trên Coursera [Xem ngay ở comment]", "post_text": "Dành cho BI/DA newbie : Giới thiệu 4 khóa học online Business Intelligence hàng đầu trên Coursera [Xem ngay ở comment]", "shared_text": "", "time": "2022-12-20 22:06:00", "timestamp": 1671548760, "likes": 1, "reaction_count": 1, "comments_full": "Trần Châu Bảo Thạch\n"},
{"original_request_url": "https://m.facebook.com/5795071787278206", "post_url": "https://m.facebook.com/5795071787278206", "post_id": 5795071787278206, "text": "♻️ TÀI KHOẢN LINKEDIN LEARNING SỬ DỤNG VĨNH VIỄN - CHỈ 200K\n🍀HỌC FULL HÀNG NGHÌN KHÓA PHP, JAVA, PYTHON, C, C++, DATA SCIENCE, DevOps...... GIÁ 0Đ\nkích hoạt duy nhất 1 lần, sử dụng vĩnh viễn\nĐăng nhập kiểm tra trước, thanh toán sau\nSử dụng vĩnh viễn, riêng biệt, không dùng chung với bất kì ai\nHọc full hơn 16.000 khoá học các ngành nghề\nCấp chứng chỉ khi hoàn thành khoá học\nSử dụng trên App, Web (Vietsub)\nCẢ NHÀ QUAN TÂM INBOX E TƯ VẤN NHÉ.\nSee translation", "post_text": "♻️ TÀI KHOẢN LINKEDIN LEARNING SỬ DỤNG VĨNH VIỄN - CHỈ 200K\n🍀HỌC FULL HÀNG NGHÌN KHÓA PHP, JAVA, PYTHON, C, C++, DATA SCIENCE, DevOps...... GIÁ 0Đ\nkích hoạt duy nhất 1 lần, sử dụng vĩnh viễn\nĐăng nhập kiểm tra trước, thanh toán sau\nSử dụng vĩnh viễn, riêng biệt, không dùng chung với bất kì ai\nHọc full hơn 16.000 khoá học các ngành nghề\nCấp chứng chỉ khi hoàn thành khoá học\nSử dụng trên App, Web (Vietsub)\nCẢ NHÀ QUAN TÂM INBOX E TƯ VẤN NHÉ.\nSee translation", "time": "2023-01-06 10:02:58", "timestamp": 1672974178, "likes": 77, "reaction_count": 77, "comments_full": "inb mình nhé\nNguyễn Tuấn cảm ơn a đã quan tâm. A check ib chờ hoặc spam e hỗ trợ a nhé\nIb\nJames BM cảm ơn a đã quan tâm. A check ib chờ hoặc spam e hỗ trợ a nhé\nIb mình nha\nNguyễn Đỗ Minh Quân cảm ơn a đã quan tâm. A check ib chờ hoặc spam e hỗ trợ a nhé\nIb mình nha\nDuc Anh cảm ơn a đã quan tâm. A check ib chờ hoặc spam e hỗ trợ a nhé\nIb mình nhé\nNguyen Tai cảm ơn a đã quan tâm. A check ib chờ hoặc spam e hỗ trợ a nhé\nInb ạ\nMinh Nguyễn Hải cảm ơn a đã quan tâm. A check ib chờ hoặc spam e hỗ trợ a nhé\nInbox mình nhé\nSan Luu cảm ơn chị đã quan tâm. Chị check ib chờ hoặc spam e hỗ trợ chị nhé\nIb mình với\nGokan Nguyen cảm ơn a đã quan tâm. A check ib chờ hoặc spam e hỗ trợ a nhé\nib mình\nHoàng Nhật cảm ơn a đã quan tâm. A check ib chờ hoặc spam e hỗ trợ a nhé\nInbox mình nhé\nNghia Nguyen cảm ơn a đã quan tâm .a check ib chờ hoặc spam e hỗ trợ a nhé\nXin info\nHuỳnh Thanh Hưng cảm ơn a đã quan tâm. A check ib chờ hoặc spam e hỗ trợ a nhé\nIb mình\nHuy Nguyễn cảm ơn a đã quan tâm. A check ib chờ hoặc spam e hỗ trợ a nhé\nInbox\nNguyễn Đình Sen cảm ơn a đã quan tâm. A check ib chờ hoặc spam e hỗ trợ a nhé\nIb mình\nHoang Vu Nguyen cảm ơn a đã quan tâm. A check ib chờ hoặc spam e hỗ trợ a nhé\nIb m nhé\nNam Vu cảm ơn a đã quan tâm. A check ib chờ hoặc spam e hỗ trợ a nhé\nMọi người quan tâm ib e nhé\n.\nLê Minh Tú cảm ơn a đã quan tâm. A check ib chờ hoặc spam e hỗ trợ a nhé\n.\nVu Manh Tuan cảm ơn a đã quan tâm. A check ib chờ hoặc spam e hỗ trợ a nhé\nPhương Uyên\n"},
{"original_request_url": "https://m.facebook.com/5753768361408549", "post_url": "https://m.facebook.com/5753768361408549", "post_id": 5753768361408549, "text": "♻️ TÀI KHOẢN LINKEDIN LEARNING SỬ DỤNG VĨNH VIỄN - CHỈ 200K\n🍀HỌC FULL HÀNG NGHÌN KHÓA PHP, JAVA, PYTHON, C, C++, DATA SCIENCE, DevOps...... GIÁ 0Đ\nkích hoạt duy nhất 1 lần, sử dụng vĩnh viễn\nĐăng nhập kiểm tra trước, thanh toán sau\nSử dụng vĩnh viễn, riêng biệt, không dùng chung với bất kì ai\nHọc full hơn 16.000 khoá học các ngành nghề\nCấp chứng chỉ khi hoàn thành khoá học\nSử dụng trên App, Web (Vietsub)\nCẢ NHÀ QUAN TÂM INBOX E TƯ VẤN NHÉ.\nSee translation", "post_text": "♻️ TÀI KHOẢN LINKEDIN LEARNING SỬ DỤNG VĨNH VIỄN - CHỈ 200K\n🍀HỌC FULL HÀNG NGHÌN KHÓA PHP, JAVA, PYTHON, C, C++, DATA SCIENCE, DevOps...... GIÁ 0Đ\nkích hoạt duy nhất 1 lần, sử dụng vĩnh viễn\nĐăng nhập kiểm tra trước, thanh toán sau\nSử dụng vĩnh viễn, riêng biệt, không dùng chung với bất kì ai\nHọc full hơn 16.000 khoá học các ngành nghề\nCấp chứng chỉ khi hoàn thành khoá học\nSử dụng trên App, Web (Vietsub)\nCẢ NHÀ QUAN TÂM INBOX E TƯ VẤN NHÉ.\nSee translation", "time": "2022-12-22 11:41:41", "timestamp": 1671684101, "likes": 89, "reaction_count": 89, "comments_full": "Ib .\nHiro Nam cảm ơn a đã quan tâm. A check ib chờ hoặc spam e hỗ trợ a nhé\nInbox\nHa Anh Nguyen cảm ơn chị đã quan tâm. Chị check ib chờ hoặc spam e hỗ trợ chị nhé\nCẩn thận kẻo lừa đảo hay bị khoá tài khoản vĩnh viễn nhé cả nhà.\nBùi Đoàn Chung lừa đao gì vậy a ?\nkhoản premium: lovepik, pikbest, pngtree , 100k/năm , ai cần ib nhé :v\ninbox\n.\nDuc Nguyen cảm ơn a đã quan tâm. A check ib chờ hoặc spam e hỗ trợ a nhé\n.\nKhoa Le cảm ơn a đã quan tâm. A check ib chờ hoặc spam e hỗ trợ a nhé\n.\nHai Nguyen dạ cảm ơn a đã quan tâm. A check ib chờ hoặc spam e hỗ trợ a nhé\n.\nGia Duy cảm ơn a đã quan tâm. A check ib chờ hoặc spam e hỗ trợ a nhé\nPhương Uyên\n"},
{"original_request_url": "https://m.facebook.com/5726386194146766", "post_url": "https://m.facebook.com/5726386194146766", "post_id": 5726386194146766, "text": "Giới thiệu thư viện mới thay thế Pandas có tên là Polars (https://github.com/pola-rs/polars). Thư viện này được viết bằng ngôn ngữ Rust, nhưng được đóng gói cả bằng Python. Mình test thử quả thật nó rất nhanh, nhanh hơn nhiều lần so với Pandas và nhiều thư viện phổ biến khác nữa. Về benchmark của Polars (trên dữ liệu 10^9 dòng và 9 cột) so với các thư viện khác, các bạn có thể xem thêm ở đây (https://h2oai.github.io/db-benchmark/; https://www.pola.rs/benchmarks.html). Nhóm tác giả có viết hướng dẫn cho thư viện bằng cả ngôn ngữ Rust và Python tại đây (https://pola-rs.github.io/polars-book/user-guide/introduction.html).\n\nPOLA-RS.GITHUB.IO\nIntroduction - Polars - User Guide", "post_text": "Giới thiệu thư viện mới thay thế Pandas có tên là Polars (https://github.com/pola-rs/polars). Thư viện này được viết bằng ngôn ngữ Rust, nhưng được đóng gói cả bằng Python. Mình test thử quả thật nó rất nhanh, nhanh hơn nhiều lần so với Pandas và nhiều thư viện phổ biến khác nữa. Về benchmark của Polars (trên dữ liệu 10^9 dòng và 9 cột) so với các thư viện khác, các bạn có thể xem thêm ở đây (https://h2oai.github.io/db-benchmark/; https://www.pola.rs/benchmarks.html). Nhóm tác giả có viết hướng dẫn cho thư viện bằng cả ngôn ngữ Rust và Python tại đây (https://pola-rs.github.io/polars-book/user-guide/introduction.html).", "shared_text": "POLA-RS.GITHUB.IO\nIntroduction - Polars - User Guide", "time": "2022-12-13 10:37:55", "timestamp": 1670902675, "likes": 435, "reaction_count": 435, "comments_full": "Cuối tuần test luôn mới được ✌️\nPhuong Hang thử đi c em nghe nói mạnh ngang cuDF\nPhuong Hang ngon, lại phải học à chị :)))\nCanh Nam Nguyen phải test mới biết, nếu dính thêm cài đặt nhiều thì lại bớt ngon 😅\nGiờ viết hết = rust xong wrap lại bằng Python cho nó nhanh Tiến Nguyễn nhỉ\nTiến Nguyễn\nRust đang là trend, giờ cái gì cũng có bản viết trên Rust\nTrịnh Ngọc Huy thế có lẽ rất đáng để học nhỉ!\nPackage này ổn định chưa ạ. Để em đu qua.\nChứ em ngại dùng hàng mới release vì nhiều khi cộng đồng hỗ trợ ít, mà nhiều lỗi phát sinh. Em dân amatuer không fix được thì toi :))))\nĐình Quý Mình xem trên github thì họ đã build framework này được ít nhất 3 năm. Trên PyPi thì nó đang là phiên bản 0.15.6, vừa được update ngày hôm qua (13/12/2022). Số issues đang mở là 288, còn số issues đã đóng là 2083. Nên mình nghĩ nhóm tác giả khá active. Chưa kể có 27 pull requests có lẽ sẽ có thêm ý tưởng hay ho từ cộng đồng. Mình cũng đã test thử thấy performance rất ổn, ít nhất là so với Pandas. Tuy nhiên, do mình ít sử dụng/làm việc với dữ liệu lớn dạng bảng nên chưa thể test kĩ hơn. Bạn có thể thử rồi chia sẻ kinh nghiệm với mọi người\nTuấn Linh cảm ơn bác\nNguyen Nhat Nam test thử nè a 🤣\nĐạt Lê Nguyễn okila. Để mò coi\nQuoc Le note lại đi em\nDùng được luôn chưa bác nhỉ, cú pháp có khác biệt nhiều so với pandas ko 😁\nBạch Trung Kiên cài rất dễ, bạn cần cài thêm Rust tại đây https://\nwww.rust-lang.or\ng/tools/install và pip install maturin polars. Cú pháp về cơ bản khá giống với Pandas, tuy nhiên nhóm tác giả có lưu ý nếu muốn tăng performance nên dùng theo hướng dẫn tại đây https://\npola-rs.github.i\no/polars-book/\nuser-guide/\nhowcani/\nselecting_data/\nselecting_data_i\nndexing.html\nBạch Trung Kiên ❤️\nThời tới thời tới\nNhã Thanh Hoa\nnhưng mà nó vẫn hơi khó xài hơn pandas ý anh, cần tgian ngồi vọc để làm được ý.\nDuc Giang\nMai Thùy Linh\nHoan K. Dang :))\n"},
{"original_request_url": "https://m.facebook.com/5759268060858579", "post_url": "https://m.facebook.com/5759268060858579", "post_id": 5759268060858579, "text": "Mình chỉ có kiến thức về kế toán và query trong SQL. Mình muốn làm DA, mn cho mình xin flow học với", "post_text": "Mình chỉ có kiến thức về kế toán và query trong SQL. Mình muốn làm DA, mn cho mình xin flow học với", "shared_text": "", "time": "2022-12-24 09:46:16", "timestamp": 1671849976, "likes": 5, "reaction_count": 5, "comments_full": "B có thể tìm hiểu BI tools trước, rồi chuyên sâu hơn có thể học về Python đó ạ\nThắng Trương mình bit BI rồi, đang học python basic nhưng ko khá lắm nên định học lại\nib em\ncheck ib ạ\nThắng Trương\n"},
{"original_request_url": "https://m.facebook.com/5465544890230899", "post_url": "https://m.facebook.com/5465544890230899", "post_id": 5465544890230899, "text": "Industry Innovation Forum 2022\nDiễn đàn cách tân công nghiệp - Industry Innovation Forum 2022 do Ban Quản lý Khu Công nghệ cao TP.HCM chủ trì tổ chức ngày 20/9/2022 dự kiến có khoảng 200 doanh nghiệp, tập đoàn, hiệp hội tham gia thảo luận và kết nối về đổi mới sáng tạo trong các ngành công nghiệp tại Việt Nam.\nBan tổ chức chương trình kính mời Quý Anh Chị tham gia “Diễn đàn Cách tân Công nghiệp - Industry Innovation Forum 2022” - Nơi kết nối hơn 200 Doanh nghiệp/Tập đoàn, các Hiệp hội và các Tổ chức chính trị xã hội; chia sẻ từ những chuyên gia hàng đầu:\n📌 Ông Mai Hữu Tín - Chủ tịch HĐQT, CTCP Đầu tư U&I\n📌 Ông Phạm Văn Tài - Tổng Giám đốc, CTCP Tập đoàn Trường Hải (THACO)\n📌TS. Trần Viết Huân - Phó Chủ tịch, CIO Vietnam; CTO, SonKim Group\n📌 Bà Phạm Thị Ngọc Thủy - Giám đốc điều hành, Văn phòng Ban Nghiên cứu Phát triển kinh tế tư nhân\n📌 Ông Lê Trí Thông - Phó Chủ tịch HĐQT kiêm Tổng Giám đốc, PNJ; Phó Chủ tịch Hội Doanh nhân trẻ TP.HCM\n📌 Bà Trương Lý Hoàng Phi - Chủ tịch HĐQT kiêm CEO, IBP; Phó Chủ tịch Hội Doanh nhân trẻ TP.HCM\n📌 Ông Bùi Tiến Dũng - Trưởng phòng cấp cao bộ phận phát triển công nghệ, Tập đoàn Adidas; Đồng sáng lập, BenKon\nBáo cáo của Innosight cũng chỉ ra rằng đế 75% doanh nghiệp trong nhóm S&P 500 (gồm các doanh nghiệp có vốn hóa lớn nhất thị trường chứng khoán của Mỹ) có nguy cơ bị thay thế trong năm 2027 do thiếu sự đổi mới công nghệ. Vậy tương lai nào cho hoạt động sản xuất của các ngành công nghiệp tại nước ta? “Người trong cuộc” đang ứng dụng công nghệ trong các ngành công nghiệp ra sao để đổi mới và duy trì vị thế đi đầu? Và “bài toán” đầu tư công nghệ cao trong sản xuất còn những “ẩn số” nào? Những nội dung này sẽ được thảo luận và chia sẻ tại Diễn đàn cách tân công nghiệp - Industry Innovation Forum 2022.\nTHÔNG TIN VỀ CHƯƠNG TRÌNH\n📌 Chủ đề: “SMART MANUFACTURING”\n📌 Thời gian: 14:00 - 16:30 Thứ Ba, ngày 20 tháng 9 năm 2022\n📌 Địa điểm: 10 Mai Chí Thọ, phường Thủ Thiêm, TP. Thủ Đức, TP. HCM\n📌 Thông tin chi tiết: https://docs.google.com/.../1K-sagUi.../edit...\n📌Đăng ký tham dự Diễn đàn Cách tân Công nghiệp - Industry Innovation Forum 2022 ngay hôm nay tại https://forms.gle/yX9mpRjeikwwn72s7\nChương trình được tổ chức bởi Ban Quản lý Khu Công nghệ cao TP. HCM, IBP Việt Nam, Vietnam CEO Forum, Hội Doanh Nhân Trẻ TP.HCM. Cùng sự đồng hành của Tập đoàn Xây dựng Hoà Bình và Tập đoàn Trường Hải (THACO).\nSee translation", "post_text": "Industry Innovation Forum 2022\nDiễn đàn cách tân công nghiệp - Industry Innovation Forum 2022 do Ban Quản lý Khu Công nghệ cao TP.HCM chủ trì tổ chức ngày 20/9/2022 dự kiến có khoảng 200 doanh nghiệp, tập đoàn, hiệp hội tham gia thảo luận và kết nối về đổi mới sáng tạo trong các ngành công nghiệp tại Việt Nam.\nBan tổ chức chương trình kính mời Quý Anh Chị tham gia “Diễn đàn Cách tân Công nghiệp - Industry Innovation Forum 2022” - Nơi kết nối hơn 200 Doanh nghiệp/Tập đoàn, các Hiệp hội và các Tổ chức chính trị xã hội; chia sẻ từ những chuyên gia hàng đầu:\n📌 Ông Mai Hữu Tín - Chủ tịch HĐQT, CTCP Đầu tư U&I\n📌 Ông Phạm Văn Tài - Tổng Giám đốc, CTCP Tập đoàn Trường Hải (THACO)\n📌TS. Trần Viết Huân - Phó Chủ tịch, CIO Vietnam; CTO, SonKim Group\n📌 Bà Phạm Thị Ngọc Thủy - Giám đốc điều hành, Văn phòng Ban Nghiên cứu Phát triển kinh tế tư nhân\n📌 Ông Lê Trí Thông - Phó Chủ tịch HĐQT kiêm Tổng Giám đốc, PNJ; Phó Chủ tịch Hội Doanh nhân trẻ TP.HCM\n📌 Bà Trương Lý Hoàng Phi - Chủ tịch HĐQT kiêm CEO, IBP; Phó Chủ tịch Hội Doanh nhân trẻ TP.HCM\n📌 Ông Bùi Tiến Dũng - Trưởng phòng cấp cao bộ phận phát triển công nghệ, Tập đoàn Adidas; Đồng sáng lập, BenKon\nBáo cáo của Innosight cũng chỉ ra rằng đế 75% doanh nghiệp trong nhóm S&P 500 (gồm các doanh nghiệp có vốn hóa lớn nhất thị trường chứng khoán của Mỹ) có nguy cơ bị thay thế trong năm 2027 do thiếu sự đổi mới công nghệ. Vậy tương lai nào cho hoạt động sản xuất của các ngành công nghiệp tại nước ta? “Người trong cuộc” đang ứng dụng công nghệ trong các ngành công nghiệp ra sao để đổi mới và duy trì vị thế đi đầu? Và “bài toán” đầu tư công nghệ cao trong sản xuất còn những “ẩn số” nào? Những nội dung này sẽ được thảo luận và chia sẻ tại Diễn đàn cách tân công nghiệp - Industry Innovation Forum 2022.\nTHÔNG TIN VỀ CHƯƠNG TRÌNH\n📌 Chủ đề: “SMART MANUFACTURING”\n📌 Thời gian: 14:00 - 16:30 Thứ Ba, ngày 20 tháng 9 năm 2022\n📌 Địa điểm: 10 Mai Chí Thọ, phường Thủ Thiêm, TP. Thủ Đức, TP. HCM\n📌 Thông tin chi tiết: https://docs.google.com/.../1K-sagUi.../edit...\n📌Đăng ký tham dự Diễn đàn Cách tân Công nghiệp - Industry Innovation Forum 2022 ngay hôm nay tại https://forms.gle/yX9mpRjeikwwn72s7\nChương trình được tổ chức bởi Ban Quản lý Khu Công nghệ cao TP. HCM, IBP Việt Nam, Vietnam CEO Forum, Hội Doanh Nhân Trẻ TP.HCM. Cùng sự đồng hành của Tập đoàn Xây dựng Hoà Bình và Tập đoàn Trường Hải (THACO).\nSee translation", "time": "2022-09-16 15:43:00", "timestamp": 1663317780, "likes": 0, "reaction_count": 0, "comments_full": ""},
{"original_request_url": "https://m.facebook.com/5699563586829027", "post_url": "https://m.facebook.com/5699563586829027", "post_id": 5699563586829027, "text": "⚙️Việt Nam đang là nơi bùng nổ công nghệ khi trong năm 2022 đã chứng kiến nhiều thương vụ thành công với số vốn đầu tư lên đến gần 1 tỉ USD (theo Deal Award 2022) và công nghệ được dự đoán vẫn là một trong những ngành thu hút vốn đầu tư trong và ngoài nước mạnh mẽ tính đến giai đoạn hiện nay.\n⚙️Với tầm nhìn để Việt Nam trở thành một trong những trung tâm đổi mới công nghệ của Châu lục và Thế giới, Qualcomm tự hào rằng mình là một trong những chương trình thiết thực để Qualcomm kích hoạt hệ sinh thái tại Việt Nam bằng cách nuôi dưỡng các doanh nghiệp vừa và nhỏ, đổi mới, phát triển sản phẩm dựa trên nền tảng, công nghệ Qualcomm. Việt Nam có một đội ngũ trẻ tài năng, tham vọng, sẵn sàng đón nhận điều mới và những nhà đổi mới công nghệ. \"Chúng tôi mong muốn được thấy nhiều sản phẩm sáng tạo sẽ thay đổi thị trường Việt Nam và trên toàn thế giới qua các công ty khởi nghiệp QVIC\", Tiến sĩ Trần Mỹ An - Phó Chủ tịch Kỹ thuật, mảng Bản quyền công nghệ Tập đoàn Qualcomm chia sẻ.\n🤖Lợi ích tham gia QVIC 2023:\n- Hỗ trợ Kỹ thuật và NCPT\n- Huấn luyện và cố vấn kinh doanh\n- Quảng bá rộng rãi ra thị trường\n- Đào tạo nâng cao nhận thức về sở hữu trí tuệ\n- Hỗ trợ nộp bằng sáng chế (lên đến 5.000 USD/ Startup)\n- Hỗ trợ trong quá trình ươm tạo & giải thưởng (tổng số tiền ươm tạo & giải thưởng lên đến hơn 300.000 USD)\n📌ĐĂNG KÝ THAM GIA TẠI ĐÂY: https://bssc.vn/qualcomm-vietnam-innovation-challenge.../...\n-\\-\\-\\-\\-\\-\\-\\-\\-\\-\\-\\-\\-\\-\\-\\-\\\nCuộc thi \"Thử thách đổi mới sáng tạo Qualcomm Việt Nam 2023 - Qualcomm Vietnam Innovation Challenge 2023 - QVIC 2023\"\n💎 Đơn vị tổ chức: Qualcomm là một trong những tập đoàn hàng đầu thế giới trong lĩnh vực công nghệ di động. Qualcomm thúc đẩy đổi mới sáng tạo đối với hệ sinh thái không dây tại Việt Nam thông qua các nền tảng công nghệ như dữ liệu di động (5G, 4G, NB-IOT), máy học... cùng sáng kiến về phòng thí nghiệm, thiết kế hệ thống, module tham chiếu…\n💎 Program Partner: BSSC là một trong những đơn vị hỗ trợ khởi nghiệp uy tín và lớn nhất tại Việt Nam. Hệ sinh thái của BSSC có hơn 10.000 Startup/SME, 25.000 Doanh nhân, 100 Mentor & Chuyên gia, 200 Nhà đầu tư thiên thần và Quỹ đầu tư mạo hiểm. Với vai trò là Program Partner của QVIC 2023, BSSC cam kết đóng góp nguồn lực chất lượng vào chương trình.\nSee translation", "post_text": "⚙️Việt Nam đang là nơi bùng nổ công nghệ khi trong năm 2022 đã chứng kiến nhiều thương vụ thành công với số vốn đầu tư lên đến gần 1 tỉ USD (theo Deal Award 2022) và công nghệ được dự đoán vẫn là một trong những ngành thu hút vốn đầu tư trong và ngoài nước mạnh mẽ tính đến giai đoạn hiện nay.\n⚙️Với tầm nhìn để Việt Nam trở thành một trong những trung tâm đổi mới công nghệ của Châu lục và Thế giới, Qualcomm tự hào rằng mình là một trong những chương trình thiết thực để Qualcomm kích hoạt hệ sinh thái tại Việt Nam bằng cách nuôi dưỡng các doanh nghiệp vừa và nhỏ, đổi mới, phát triển sản phẩm dựa trên nền tảng, công nghệ Qualcomm. Việt Nam có một đội ngũ trẻ tài năng, tham vọng, sẵn sàng đón nhận điều mới và những nhà đổi mới công nghệ. \"Chúng tôi mong muốn được thấy nhiều sản phẩm sáng tạo sẽ thay đổi thị trường Việt Nam và trên toàn thế giới qua các công ty khởi nghiệp QVIC\", Tiến sĩ Trần Mỹ An - Phó Chủ tịch Kỹ thuật, mảng Bản quyền công nghệ Tập đoàn Qualcomm chia sẻ.\n🤖Lợi ích tham gia QVIC 2023:\n- Hỗ trợ Kỹ thuật và NCPT\n- Huấn luyện và cố vấn kinh doanh\n- Quảng bá rộng rãi ra thị trường\n- Đào tạo nâng cao nhận thức về sở hữu trí tuệ\n- Hỗ trợ nộp bằng sáng chế (lên đến 5.000 USD/ Startup)\n- Hỗ trợ trong quá trình ươm tạo & giải thưởng (tổng số tiền ươm tạo & giải thưởng lên đến hơn 300.000 USD)\n📌ĐĂNG KÝ THAM GIA TẠI ĐÂY: https://bssc.vn/qualcomm-vietnam-innovation-challenge.../...\n-\\-\\-\\-\\-\\-\\-\\-\\-\\-\\-\\-\\-\\-\\-\\-\\\nCuộc thi \"Thử thách đổi mới sáng tạo Qualcomm Việt Nam 2023 - Qualcomm Vietnam Innovation Challenge 2023 - QVIC 2023\"\n💎 Đơn vị tổ chức: Qualcomm là một trong những tập đoàn hàng đầu thế giới trong lĩnh vực công nghệ di động. Qualcomm thúc đẩy đổi mới sáng tạo đối với hệ sinh thái không dây tại Việt Nam thông qua các nền tảng công nghệ như dữ liệu di động (5G, 4G, NB-IOT), máy học... cùng sáng kiến về phòng thí nghiệm, thiết kế hệ thống, module tham chiếu…\n💎 Program Partner: BSSC là một trong những đơn vị hỗ trợ khởi nghiệp uy tín và lớn nhất tại Việt Nam. Hệ sinh thái của BSSC có hơn 10.000 Startup/SME, 25.000 Doanh nhân, 100 Mentor & Chuyên gia, 200 Nhà đầu tư thiên thần và Quỹ đầu tư mạo hiểm. Với vai trò là Program Partner của QVIC 2023, BSSC cam kết đóng góp nguồn lực chất lượng vào chương trình.\nSee translation", "time": "2022-12-07 11:20:40", "timestamp": 1670386840, "likes": 1, "reaction_count": 1, "comments_full": ""},
{"original_request_url": "https://m.facebook.com/5523236187795102", "post_url": "https://facebook.com/story.php?story_fbid=614649593475887&id=100066773526907", "post_id": 5523236187795102, "text": "Xin phép admin ạ!\nChào mọi người, 𝐓𝐡𝐚̂̀𝐲 𝐒𝐨̛𝐧 𝐁𝐈 - 𝐁𝐮𝐬𝐢𝐧𝐞𝐬𝐬 𝐈𝐧𝐭𝐞𝐥𝐥𝐢𝐠𝐞𝐧𝐜𝐞 hiện cung cấp các khóa học cần thiết cho bất cứ ai muốn tham gia ngành 𝗗𝗮𝘁𝗮 𝗔𝗻𝗮𝗹𝘆𝘀𝘁, 𝗗𝗮𝘁𝗮 𝗘𝗻𝗴𝗶𝗻𝗲𝗲𝗿, 𝗕𝘂𝘀𝗶𝗻𝗲𝘀𝘀 𝗜𝗻𝘁𝗲𝗹𝗹𝗶𝗴𝗲𝗻𝗰𝗲...\nMời mọi người tham khảo qua ạ!\n📌Cmt hoặc ib trực tiếp cho fanpage để được hỗ trợ, tư vấn!\nhttps://www.facebook.com/thaysonbi/videos/614649593475887\n\nKHÓA HỌC TOÀN TẬP SQL - FULL KỸ NĂNG TRONG THÁNG 10\n\nThầy Sơn BI - Business Intelligence\n4 October 2022 at 16:49 ·\n\n🆘 𝐇𝐎̣𝐂 𝐕𝐈𝐄̂𝐍 𝐋𝐈𝐄̂𝐍 𝐓𝐔̣𝐂 \"Đ𝐀̣̆𝐓 𝐆𝐀̣𝐂𝐇\" 𝐠𝐢𝐮̛̃ 𝐜𝐡𝐨̂̃ 𝐭𝐫𝐨𝐧𝐠 𝐭𝐡𝐚́𝐧𝐠 𝟏𝟎!\n\nSau khóa học 𝐓𝐫𝐢 𝐚̂𝐧 𝐏𝐨𝐰𝐞𝐫 𝐁𝐈 𝐃𝐀𝐗 thành công rực rỡ!\nThầy Sơn BI - Business Intelligence thông báo khóa học 𝐓𝐨𝐚̀𝐧 𝐭𝐚̣̂𝐩 𝐒𝐐𝐋 - Bộ Full Kỹ Năng chính thức diễn ra trong tháng 10 này!\nKhóa học dành cho người mới bắt đầu, 𝗸𝗵𝗼̂𝗻𝗴 𝗰𝗮̂̀𝗻 𝗰𝗼́ 𝗴𝗼̂́𝗰 𝗜𝗧 do THẦY SƠN BI trực tiếp thiết kế .\n\nLINK ĐĂNG KÝ:\nhttps://docs.google.com/forms/d/1HcyFEN6XCs-TLAR9Lde4bmdDGk6EvBcocOcygkHs-68/\n\n𝐂𝐡𝐢̉ 𝟏/𝟐 𝐏𝐡𝐢́ - Học viên được đ𝐚̀𝐨 𝐭𝐚̣𝐨 𝐭𝐫𝐮̛̣𝐜 𝐭𝐢𝐞̂́𝐩 với THẦY SƠN BI\n✅ \"𝐓𝐡𝐨̂́𝐧𝐠 𝐥𝐢̃𝐧𝐡\" trọn bộ kỹ năng SQL chỉ sau 𝟏8 𝐥𝐞𝐬𝐬𝐨𝐧𝐬\n✅ 𝐇𝐨̣𝐜 đ𝐢 đ𝐨̂𝐢 𝐯𝐨̛́𝐢 𝐡𝐚̀𝐧𝐡 - Bộ tài liệu luyện tập chuẩn \"thực tế\"\n✅ Tự tin apply việc làm ngay sau các khóa học\n\n- Khóa 𝐒𝐐𝐋 𝐓𝐨𝐚̀𝐧 𝐓𝐚̣̂𝐩:\n📌Khai giảng trong tháng này!\n📌Thời lượng: 36h học 𝗢𝗳𝗳 + 𝗢𝗻𝗹\n\nChi tiết khóa học: https://www.thaysonbi.com/sql\n\nINBOX HOẶC CMT NGAY ĐỂ ĐƯỢC MÌNH TƯ VẤN NHÉ!\n-\\-\\-\\-\\-\\-\\-\\-\\-\\-\\-\\-\\-\\-\\-\\-\\-\\-\\-\\-\\-\\-\\-\\-\\-\\-\\-\\-\\-\\-\\\n𝐓𝐇Ầ𝐘 𝐒𝐎̛𝐍 𝐁𝐈 #Đào tạo SQL, Power BI, Data analyst, Data engineer\n🌐 Website: https://www.thaysonbi.com/\n🌐 Fanpage: https://www.facebook.com/thaysonbi\n☎️ Hotline: 0966.686.426\n🏢 Địa điểm:\n• CS1: 9 Trung Liệt, Đống Đa, HN\n• CS2: 30 Trung Liệt, HN\n#SQL #dataanalytics #dataanalysis #BusinessIntelligence #PowerBI", "post_text": "Xin phép admin ạ!\nChào mọi người, 𝐓𝐡𝐚̂̀𝐲 𝐒𝐨̛𝐧 𝐁𝐈 - 𝐁𝐮𝐬𝐢𝐧𝐞𝐬𝐬 𝐈𝐧𝐭𝐞𝐥𝐥𝐢𝐠𝐞𝐧𝐜𝐞 hiện cung cấp các khóa học cần thiết cho bất cứ ai muốn tham gia ngành 𝗗𝗮𝘁𝗮 𝗔𝗻𝗮𝗹𝘆𝘀𝘁, 𝗗𝗮𝘁𝗮 𝗘𝗻𝗴𝗶𝗻𝗲𝗲𝗿, 𝗕𝘂𝘀𝗶𝗻𝗲𝘀𝘀 𝗜𝗻𝘁𝗲𝗹𝗹𝗶𝗴𝗲𝗻𝗰𝗲...\nMời mọi người tham khảo qua ạ!\n📌Cmt hoặc ib trực tiếp cho fanpage để được hỗ trợ, tư vấn!\nhttps://www.facebook.com/thaysonbi/videos/614649593475887", "shared_text": "KHÓA HỌC TOÀN TẬP SQL - FULL KỸ NĂNG TRONG THÁNG 10\n\nThầy Sơn BI - Business Intelligence\n4 October 2022 at 16:49 ·\n\n🆘 𝐇𝐎̣𝐂 𝐕𝐈𝐄̂𝐍 𝐋𝐈𝐄̂𝐍 𝐓𝐔̣𝐂 \"Đ𝐀̣̆𝐓 𝐆𝐀̣𝐂𝐇\" 𝐠𝐢𝐮̛̃ 𝐜𝐡𝐨̂̃ 𝐭𝐫𝐨𝐧𝐠 𝐭𝐡𝐚́𝐧𝐠 𝟏𝟎!\n\nSau khóa học 𝐓𝐫𝐢 𝐚̂𝐧 𝐏𝐨𝐰𝐞𝐫 𝐁𝐈 𝐃𝐀𝐗 thành công rực rỡ!\nThầy Sơn BI - Business Intelligence thông báo khóa học 𝐓𝐨𝐚̀𝐧 𝐭𝐚̣̂𝐩 𝐒𝐐𝐋 - Bộ Full Kỹ Năng chính thức diễn ra trong tháng 10 này!\nKhóa học dành cho người mới bắt đầu, 𝗸𝗵𝗼̂𝗻𝗴 𝗰𝗮̂̀𝗻 𝗰𝗼́ 𝗴𝗼̂́𝗰 𝗜𝗧 do THẦY SƠN BI trực tiếp thiết kế .\n\nLINK ĐĂNG KÝ:\nhttps://docs.google.com/forms/d/1HcyFEN6XCs-TLAR9Lde4bmdDGk6EvBcocOcygkHs-68/\n\n𝐂𝐡𝐢̉ 𝟏/𝟐 𝐏𝐡𝐢́ - Học viên được đ𝐚̀𝐨 𝐭𝐚̣𝐨 𝐭𝐫𝐮̛̣𝐜 𝐭𝐢𝐞̂́𝐩 với THẦY SƠN BI\n✅ \"𝐓𝐡𝐨̂́𝐧𝐠 𝐥𝐢̃𝐧𝐡\" trọn bộ kỹ năng SQL chỉ sau 𝟏8 𝐥𝐞𝐬𝐬𝐨𝐧𝐬\n✅ 𝐇𝐨̣𝐜 đ𝐢 đ𝐨̂𝐢 𝐯𝐨̛́𝐢 𝐡𝐚̀𝐧𝐡 - Bộ tài liệu luyện tập chuẩn \"thực tế\"\n✅ Tự tin apply việc làm ngay sau các khóa học\n\n- Khóa 𝐒𝐐𝐋 𝐓𝐨𝐚̀𝐧 𝐓𝐚̣̂𝐩:\n📌Khai giảng trong tháng này!\n📌Thời lượng: 36h học 𝗢𝗳𝗳 + 𝗢𝗻𝗹\n\nChi tiết khóa học: https://www.thaysonbi.com/sql\n\nINBOX HOẶC CMT NGAY ĐỂ ĐƯỢC MÌNH TƯ VẤN NHÉ!\n-\\-\\-\\-\\-\\-\\-\\-\\-\\-\\-\\-\\-\\-\\-\\-\\-\\-\\-\\-\\-\\-\\-\\-\\-\\-\\-\\-\\-\\-\\\n𝐓𝐇Ầ𝐘 𝐒𝐎̛𝐍 𝐁𝐈 #Đào tạo SQL, Power BI, Data analyst, Data engineer\n🌐 Website: https://www.thaysonbi.com/\n🌐 Fanpage: https://www.facebook.com/thaysonbi\n☎️ Hotline: 0966.686.426\n🏢 Địa điểm:\n• CS1: 9 Trung Liệt, Đống Đa, HN\n• CS2: 30 Trung Liệt, HN\n#SQL #dataanalytics #dataanalysis #BusinessIntelligence #PowerBI", "time": "2022-10-06 15:07:46", "timestamp": 1665043666, "likes": 0, "reaction_count": 0, "comments_full": ""},
{"original_request_url": "https://m.facebook.com/5543896132395774", "post_url": "https://m.facebook.com/5543896132395774", "post_id": 5543896132395774, "text": "DIV12.ORG\nCase Studies | Society of Clinical Psychology", "post_text": "", "shared_text": "DIV12.ORG\nCase Studies | Society of Clinical Psychology", "time": "2022-10-13 11:12:07", "timestamp": 1665634327, "likes": 0, "reaction_count": 0, "comments_full": ""},
{"original_request_url": "https://m.facebook.com/5535719879880066", "post_url": "https://facebook.com/story.php?story_fbid=pfbid0eRrzyegrPyAsLZqgTrA1C6o3HCv2xe2PqhTn5gr6LB2FQweXzUtrrPb62rxwbRE4l&id=100069913090875", "post_id": 5535719879880066, "text": "Thứ 7 (15/10) tuần này ABIT, một nhóm các bạn học sinh cấp 3 có đam mê về công nghệ, sẽ tổ chức một buổi workshop dành cho các bạn, anh, chị, em từ 16 tuổi trở lên với anh ĐĂNG LÊ KHOA để phổ cập về big data cũng như chia sẻ những kinh nghiệm trong ngành data engineer của một SENIOR tại DXC TECHNOLOGY.\nChỉ với 180.000 VNĐ và 2 giờ đồng hồ, mọi người sẽ hiểu rõ về đam mê của mình hay một khía cạnh quan trọng trong ngành nghề hiện tại. Tại sao không?\n\nA BIT\n10 October 2022 at 17:51 ·\n\n📣[WORKSHOP: BIG DATA & DATA SCIENCE - GÓC NHÌN CỦA DỮ LIỆU]📣\n\n✌️GIỚI THIỆU VỀ WORKSHOP✌️\nKhi ngày càng nhiều thông tin trên thế giới được trao đổi online và số hóa, các nhà phân tích có thể bắt đầu sử dụng những thông tin đó làm dữ liệu. Những thứ như mạng xã hội, sách trực tuyến, âm nhạc, video,... đã làm tăng đáng kể lượng dữ liệu sẵn có để phân tích. Mọi thứ hiện nay chúng ta thao tác online đều được lưu trữ và theo dõi như dữ liệu còn được gọi là Big Data. Vậy thì vai trò Big Data đối với thời đại kỷ nguyên số hiện nay rất quan trọng.\n\n👉GIỚI THIỆU DIỄN GIẢ:\nDiễn giả Đặng Lê Khoa:\n👉Senior Data Engineer & Data Science Consultance at DXC technology\n👉Sale Business Intelligent at Kimberly-Clark\n👉Có kinh nghiệm training cho các doanh nghiệp lớn về các mảng mô phỏng và dữ liệu\n👉Đứng chính trong dự án về ETL đồng thời hỗ trợ và trách nhiệm thực hiện những mô hình dữ liệu cũng như đề xuất và đưa ra những báo cáo dữ liệu\n\nĐến với buổi Workshop các bạn sẽ được:\n⚡️Hiểu biết thêm về khái niệm Big Data & Data Science\n⚡️Trau dồi kiến thức và thảo luận với diễn giả có nhiều năm kinh nghiệm\n⚡️Lời khuyên cần thiết đối với newbie\n⚡️Góc nhìn về dữ liệu của diễn giả có kinh nghiệm trong lĩnh\n\n🌸THÔNG TIN BUỔI WORKSHOP🌸\nĐối tượng tham gia:\n👉Sinh viên quan tâm đến ngành khoa học dữ liệu (Data Science)\n👉Người có mục tiêu sẽ làm các công việc liên quan trực tiếp tới ngành khoa học dữ liệu (Data Scientist)\n👉Những bạn có yêu thích và muốn tìm hiểu về thế giới khoa học dữ liệu\n\n🎟[CÁCH THỨC ĐĂNG KÝ THAM GIA]🎟\nGiá vé: 180k/người\nTHÔNG TIN CHUYỂN KHOẢN:\nSTK: 15337817 - ACB - LUU MY HAN\nNỘI DUNG CHUYỂN KHOẢN:\nTên + sdt + email\nChú ý: sau khi đăng ký, BTC sẽ gửi XÁC NHẬN ĐĂNG KÝ THÀNH CÔNG qua email. Các bạn nhớ kiểm tra mail thường xuyên nhé!\n——————————\n⏰Thời gian: 17h - 19h, thứ 7 ngày 15/10/2022\n📍Địa điểm: Tầng 6 - P602, tòa nhà Liên Hiệp Các Hội Khoa Học & Kỹ Thuật TP.HCM 224 Điện Biên Phủ, P.7, Q.3, TP.HCM\n——————————\nMọi thắc mắc xin vui lòng liên hệ chúng mình qua:\n💌2 Fanpage: Big Data & Teen và A BIT\n💌Email: thuannguyen.sg.americanstudy@gmail.com", "post_text": "Thứ 7 (15/10) tuần này ABIT, một nhóm các bạn học sinh cấp 3 có đam mê về công nghệ, sẽ tổ chức một buổi workshop dành cho các bạn, anh, chị, em từ 16 tuổi trở lên với anh ĐĂNG LÊ KHOA để phổ cập về big data cũng như chia sẻ những kinh nghiệm trong ngành data engineer của một SENIOR tại DXC TECHNOLOGY.\nChỉ với 180.000 VNĐ và 2 giờ đồng hồ, mọi người sẽ hiểu rõ về đam mê của mình hay một khía cạnh quan trọng trong ngành nghề hiện tại. Tại sao không?", "shared_text": "A BIT\n10 October 2022 at 17:51 ·\n\n📣[WORKSHOP: BIG DATA & DATA SCIENCE - GÓC NHÌN CỦA DỮ LIỆU]📣\n\n✌️GIỚI THIỆU VỀ WORKSHOP✌️\nKhi ngày càng nhiều thông tin trên thế giới được trao đổi online và số hóa, các nhà phân tích có thể bắt đầu sử dụng những thông tin đó làm dữ liệu. Những thứ như mạng xã hội, sách trực tuyến, âm nhạc, video,... đã làm tăng đáng kể lượng dữ liệu sẵn có để phân tích. Mọi thứ hiện nay chúng ta thao tác online đều được lưu trữ và theo dõi như dữ liệu còn được gọi là Big Data. Vậy thì vai trò Big Data đối với thời đại kỷ nguyên số hiện nay rất quan trọng.\n\n👉GIỚI THIỆU DIỄN GIẢ:\nDiễn giả Đặng Lê Khoa:\n👉Senior Data Engineer & Data Science Consultance at DXC technology\n👉Sale Business Intelligent at Kimberly-Clark\n👉Có kinh nghiệm training cho các doanh nghiệp lớn về các mảng mô phỏng và dữ liệu\n👉Đứng chính trong dự án về ETL đồng thời hỗ trợ và trách nhiệm thực hiện những mô hình dữ liệu cũng như đề xuất và đưa ra những báo cáo dữ liệu\n\nĐến với buổi Workshop các bạn sẽ được:\n⚡️Hiểu biết thêm về khái niệm Big Data & Data Science\n⚡️Trau dồi kiến thức và thảo luận với diễn giả có nhiều năm kinh nghiệm\n⚡️Lời khuyên cần thiết đối với newbie\n⚡️Góc nhìn về dữ liệu của diễn giả có kinh nghiệm trong lĩnh\n\n🌸THÔNG TIN BUỔI WORKSHOP🌸\nĐối tượng tham gia:\n👉Sinh viên quan tâm đến ngành khoa học dữ liệu (Data Science)\n👉Người có mục tiêu sẽ làm các công việc liên quan trực tiếp tới ngành khoa học dữ liệu (Data Scientist)\n👉Những bạn có yêu thích và muốn tìm hiểu về thế giới khoa học dữ liệu\n\n🎟[CÁCH THỨC ĐĂNG KÝ THAM GIA]🎟\nGiá vé: 180k/người\nTHÔNG TIN CHUYỂN KHOẢN:\nSTK: 15337817 - ACB - LUU MY HAN\nNỘI DUNG CHUYỂN KHOẢN:\nTên + sdt + email\nChú ý: sau khi đăng ký, BTC sẽ gửi XÁC NHẬN ĐĂNG KÝ THÀNH CÔNG qua email. Các bạn nhớ kiểm tra mail thường xuyên nhé!\n——————————\n⏰Thời gian: 17h - 19h, thứ 7 ngày 15/10/2022\n📍Địa điểm: Tầng 6 - P602, tòa nhà Liên Hiệp Các Hội Khoa Học & Kỹ Thuật TP.HCM 224 Điện Biên Phủ, P.7, Q.3, TP.HCM\n——————————\nMọi thắc mắc xin vui lòng liên hệ chúng mình qua:\n💌2 Fanpage: Big Data & Teen và A BIT\n💌Email: thuannguyen.sg.americanstudy@gmail.com", "time": "2022-10-10 18:28:35", "timestamp": 1665401315, "likes": 2, "reaction_count": 2, "comments_full": ""},
{"original_request_url": "https://m.facebook.com/5559960107456043", "post_url": "https://m.facebook.com/5559960107456043", "post_id": 5559960107456043, "text": "✅✅CƠ HỘI HỌC LÊN CAO VÀ LẤY BẰNG QUỐC TẾ TỪ TRƯỜNG SINGAPORE ✅✅✅\n\n✍Các chuyên ngành được hỗ trợ\n\n1. Diploma in Business and Sales Management\n\n2. Postgraduate Diploma in Business Management\n\n✍✍✍Quyền lợi nhận được\n\n👉Học phí được hỗ trợ 100 %, svien chỉ đóng lệ phí thi kết thúc môn nhận Bằng\n\n👉Nhận bằng quốc tế, nâng cơ cơ hội việc làm\n\n👉Cơ hội cải thiện tiếng anh, giao lưu và học hỏi với bạn bè quốc tế\n\n👉Chương trình giảng dạy quốc tế, các GV từ Singapore trực tiếp\n\ngiảng dạy\n\n👉Thời gian đào tạo ngắn, linh hoạt và được thiết kế để phù hợp với những đối tượng sinh viên bận rộn.\n\n✍✍✍Yêu cầu\n\n👉Từ 18 tuổi trở lên\n\n👉Tốt nghiệp cấp 3, cao đẳng, đại học có thể tham gia\n\n👉Tiếng anh giao tiếp cơ bản\n\n👉Sẵn sàng và nghiêm túc học hỏi\n\n👉👉👉Vui lòng Ib tư vấn để được tư vấn chi tiết nhé", "post_text": "✅✅CƠ HỘI HỌC LÊN CAO VÀ LẤY BẰNG QUỐC TẾ TỪ TRƯỜNG SINGAPORE ✅✅✅\n\n✍Các chuyên ngành được hỗ trợ\n\n1. Diploma in Business and Sales Management\n\n2. Postgraduate Diploma in Business Management\n\n✍✍✍Quyền lợi nhận được\n\n👉Học phí được hỗ trợ 100 %, svien chỉ đóng lệ phí thi kết thúc môn nhận Bằng\n\n👉Nhận bằng quốc tế, nâng cơ cơ hội việc làm\n\n👉Cơ hội cải thiện tiếng anh, giao lưu và học hỏi với bạn bè quốc tế\n\n👉Chương trình giảng dạy quốc tế, các GV từ Singapore trực tiếp\n\ngiảng dạy\n\n👉Thời gian đào tạo ngắn, linh hoạt và được thiết kế để phù hợp với những đối tượng sinh viên bận rộn.\n\n✍✍✍Yêu cầu\n\n👉Từ 18 tuổi trở lên\n\n👉Tốt nghiệp cấp 3, cao đẳng, đại học có thể tham gia\n\n👉Tiếng anh giao tiếp cơ bản\n\n👉Sẵn sàng và nghiêm túc học hỏi\n\n👉👉👉Vui lòng Ib tư vấn để được tư vấn chi tiết nhé", "shared_text": "", "time": "2022-10-18 16:16:12", "timestamp": 1666084572, "likes": 0, "reaction_count": 0, "comments_full": ""},
{"original_request_url": "https://m.facebook.com/5569680359817351", "post_url": "https://m.facebook.com/5569680359817351", "post_id": 5569680359817351, "text": "Chào mọi người ạ, hiện tại em đang làm tiểu luận về sử dụng Polynomial Classifiers để dự đoán giá cổ phiếu và hiện tại đang gặp khó khăn về cách giải quyết model. Anh chị nào có tài liệu liên quan có thể cho em xin tham khảo được không ạ.\nEm cảm ơn mọi người nhiều", "post_text": "Chào mọi người ạ, hiện tại em đang làm tiểu luận về sử dụng Polynomial Classifiers để dự đoán giá cổ phiếu và hiện tại đang gặp khó khăn về cách giải quyết model. Anh chị nào có tài liệu liên quan có thể cho em xin tham khảo được không ạ.\nEm cảm ơn mọi người nhiều", "shared_text": "", "time": "2022-10-21 23:02:51", "timestamp": 1666368171, "likes": 1, "reaction_count": 1, "comments_full": ""},
{"original_request_url": "https://m.facebook.com/5781127052006013", "post_url": "https://m.facebook.com/5781127052006013", "post_id": 5781127052006013, "text": "Happy New Year 2023!!! Tuyển dụng và quảng cáo tháng 1: các bạn lưu ý giúp nhé, tất cả các bài viết tuyển dụng và các hình thức quảng cáo bao gồm quảng cáo lớp học (ngoại trừ các bài được sponsor) thì phải được đăng bằng cách comment dưới post này. Thành viên vi phạm sẽ sẽ được mời ra khỏi group. Mong các bạn chú ý. Lưu ý: các bạn khi đăng bài nên thêm hashtag để dễ tìm và lọc, ví dụ: #bigdata #computervision #machinelearning #tuyendung #lophoc\nSee translation", "post_text": "Happy New Year 2023!!! Tuyển dụng và quảng cáo tháng 1: các bạn lưu ý giúp nhé, tất cả các bài viết tuyển dụng và các hình thức quảng cáo bao gồm quảng cáo lớp học (ngoại trừ các bài được sponsor) thì phải được đăng bằng cách comment dưới post này. Thành viên vi phạm sẽ sẽ được mời ra khỏi group. Mong các bạn chú ý. Lưu ý: các bạn khi đăng bài nên thêm hashtag để dễ tìm và lọc, ví dụ: #bigdata #computervision #machinelearning #tuyendung #lophoc\nSee translation", "time": "2023-01-01 06:31:41", "timestamp": 1672529501, "likes": 18, "reaction_count": 18, "comments_full": "GHN-HCM Tuyển Data Engineer. YOE 4 năm. Range: upto 2500$ #tuyendung\n[Hà Nội & Đà Nẵng] - Gear Inc Tuyển Dụng\n\n👉 Workforce Management Analyst\n👉 MIS Data Analyst\n👉 Real-time Analyst\n\nYêu cầu chung:\n⁣　　✅ Có tư duy logic, khả năng phân tích và tổng hợp dữ liệu tốt\n⁣　　✅ Có từ 1 năm kinh nghiệm ở vị trí liên quan\n⁣　　✅ Có kinh nghiệm ở lĩnh vực BPO\n⁣　　✅ Thành thạo trong việc sử dụng Google Spreadsheet, Excel\n⁣　　✅ Tiếng Anh tốt (nói và viết)\nĐịa điểm làm việc: Hai Bà Trưng, Hà Nội / Thanh Khê, Đà Nẵng\n+ Workforce Management Analyst\nhttps://\nwww.careers-page\n.com/\ngear-inc-2/job/\nQX69VVWY\n+ MIS Data Analyst\nhttps://\nwww.careers-page\n.com/\ngear-inc-2/job/\nL4VR99W7\n+ Real-time Analyst\nhttps://\nwww.careers-page\n.com/\ngear-inc-2/job/\nL74X8833\n\nNhanh tay gửi CV về hòm thư jobs@gearinc.co\nm để trở thành một Gear-er nhé!\n#dataanalyst #tuyendung\n𝐃𝐈𝐀𝐆 𝐂𝐀𝐑𝐄𝐄𝐑𝐒 | #Diag is looking for Tech positions:\n\n𝐅𝐫𝐨𝐧𝐭𝐄𝐧𝐝 𝐋𝐞𝐚𝐝 (2.5k-3.0k USD gross + attractive KPI bonus)\n𝐒𝐞𝐧𝐢𝐨𝐫 𝐏𝐇𝐏 𝐃𝐞𝐯𝐞𝐥𝐨𝐩𝐞𝐫 (1.8k-2.5k USD gross + attractive KPI bonus)\n𝐒𝐞𝐧𝐢𝐨𝐫 𝐅𝐫𝐨𝐧𝐭𝐞𝐧𝐝 𝐃𝐞𝐯𝐞𝐥𝐨𝐩𝐞𝐫 (1.8k-2.5k USD gross + attractive KPI bonus)\n𝐏𝐲𝐭𝐡𝐨𝐧 𝐄𝐧𝐠𝐢𝐧𝐞𝐞𝐫 (1.8k-2.5k USD gross + attractive KPI bonus)\n\nShout out to all #Tech talented candidates who #opentowork and would love to start a new interesting journey, #Diag is welcoming you to take this opportunity!.\n\n📍 𝐖𝐎𝐑𝐊𝐈𝐍𝐆 𝐏𝐋𝐀𝐂𝐄: 414-420 Cao Thang Street, Ward 12, District 10, Ho Chi Minh City, Vietnam (hybrid condition)\n\n👉 If you are interested any position, do not hesitate to apply by sending your updated resume to Mr. Phuc via email 𝐏𝐡𝐮𝐜.𝐂𝐡𝐮𝐧𝐠@𝐝𝐢𝐚𝐠\n.𝐯𝐧 by 𝐉𝐚𝐧𝐮𝐚𝐫𝐲 𝟑𝟏𝐬𝐭 𝟐𝟎𝟐𝟑 for the next step.\n\nThank you and have a productive working week!\n\n#Diag #diaglaboratorie\ns #hcm #opportunity #opentowork #job #hcm\n\n#softwaredevelop\ner #webdeveloper #softwareenginee\nring #vuejs #vuejsdeveloper #javadeveloper #javascript #webpack #jsframework #frontenddevelop\ner #frontendjobs #userexperience #userinterface #reactjs #coding #technicallead #fullstackdevelo\nper #frontendlead #frontendsenior #technicalarchi\ntect\n\n#php #phpdevelopers #phpjobs #phpwebdevelopm\nent #phpprogramming\n\n#python #pythondevelope\nr #pythonjobs #pythonprogramm\ning #pythondevelope\nr #pythonprogramm\ninglanguage\n\n#techjob #sharejob #IT #techjob #techhiring #tech #techjobs #techcareers #techcompany\n"},
{"original_request_url": "https://m.facebook.com/5620149988103721", "post_url": "https://m.facebook.com/5620149988103721", "post_id": 5620149988103721, "text": "Em chào mn, ở đây có ai biết về Big Data, SQL và HQL uy tín, em có thể nhờ một xíu được ko ah ??? Em cảm ơn", "post_text": "Em chào mn, ở đây có ai biết về Big Data, SQL và HQL uy tín, em có thể nhờ một xíu được ko ah ??? Em cảm ơn", "shared_text": "", "time": "2022-11-09 07:09:39", "timestamp": 1667952579, "likes": 0, "reaction_count": 0, "comments_full": ""},
{"original_request_url": "https://m.facebook.com/5580315815420472", "post_url": "https://m.facebook.com/5580315815420472", "post_id": 5580315815420472, "text": "https://www.facebook.com/groups/474998560448287", "post_text": "https://www.facebook.com/groups/474998560448287", "shared_text": "", "time": "2022-10-25 20:57:58", "timestamp": 1666706278, "likes": 0, "reaction_count": 0, "comments_full": ""},
{"original_request_url": "https://m.facebook.com/5733615490090503", "post_url": "https://m.facebook.com/5733615490090503", "post_id": 5733615490090503, "text": "YOUTUBE.COM\nBài 1 - Tạo báo cáo Power BI cho người mới bắt đầu.", "post_text": "", "shared_text": "YOUTUBE.COM\nBài 1 - Tạo báo cáo Power BI cho người mới bắt đầu.", "time": "2022-12-15 14:11:46", "timestamp": 1671088306, "likes": 10, "reaction_count": 10, "comments_full": ""},
{"original_request_url": "https://m.facebook.com/5661278083990911", "post_url": "https://m.facebook.com/5661278083990911", "post_id": 5661278083990911, "text": "🌐 𝐖𝐎𝐑𝐊𝐒𝐇𝐎𝐏 𝐎𝐍𝐋𝐈𝐍𝐄: 𝐒𝐭𝐨𝐫𝐲𝐭𝐞𝐥𝐥𝐢𝐧𝐠 𝐚𝐧𝐝 𝐃𝐚𝐭𝐚 𝐕𝐢𝐬𝐮𝐚𝐥𝐢𝐳𝐚𝐭𝐢𝐨𝐧 𝐢𝐧 𝐏𝐎𝐖𝐄𝐑 𝐁𝐈 & 𝐓𝐀𝐁𝐋𝐄𝐀𝐔🌐 📆 Thời gian: 3:00 chiều thứ 7, ngày 26/11/2022 📌 ĐĂNG KÝ NGAY: https://bit.ly/workshopStorytellingVới sự gia tăng của kinh doanh kỹ thuật số và ra quyết định dựa trên dữ liệu (Data-driven), Kể chuyện dữ liệu – Storytelling và Trực quan hóa dữ liệu – Data Visualization đã trở thành hai từ khóa kỹ năng được nhiều nhân sự và doanh nghiệp đề cập nhiều nhất khi nói về các công việc liên quan đến dữ liệu tại doanh nghiệp. Và nhắc đến Storytelling hay Visualization, không thể bỏ qua 𝐓𝐚𝐛𝐥𝐞𝐚𝐮 và 𝐏𝐨𝐰𝐞𝐫 𝐁𝐈 – hai giải pháp đang dẫn đầu về Storytelling và Data Visualization. Nhưng ngay cả khi Power BI & Tableau đã trở nên quá phổ biến và được sử dụng trong nhiều lĩnh vực, nhiều nhân sự vẫn băn khoăn khi lựa chọn giữa 2 công cụ này. Hiểu được những khó khăn mà bạn gặp phải khi thực hành kể chuyện, trực quan hóa dữ liệu và lựa chọn sử dụng Power BI & Tableau, UniTrain tổ chức 𝐖𝐨𝐫𝐤𝐬𝐡𝐨𝐩 𝐎𝐧𝐥𝐢𝐧𝐞: 𝐒𝐭𝐨𝐫𝐲𝐭𝐞𝐥𝐥𝐢𝐧𝐠 𝐚𝐧𝐝 𝐃𝐚𝐭𝐚 𝐕𝐢𝐬𝐮𝐚𝐥𝐢𝐳𝐚𝐭𝐢𝐨𝐧 vào 15h00 chiều thứ 7, ngày 26/11/2022. 🔥 Chỉ trong 2 tiếng, bạn sẽ được gỡ rối tất tần tật về nguyên tắc ứng dụng storytelling và data visualization trong kinh doanh cũng như giao lưu, chia sẻ những kiến thức về các công cụ kể chuyện hiện đại: Power BI & Tableau. Chủ đề buổi Workshop sẽ được dẫn dắt bởi diễn giả có nhiều kinh nghiệm thực tế về việc ứng dụng các công cụ Tableau và Power BI để kể chuyện và trực quan hóa dữ liệu trong công việc tại các tập đoàn đa quốc gia -\\-\\-\\-\\-\\-\\-\\-\\-\\-\\-\\-\\-\\-\\-\\-\\-\\-\\- THÔNG TIN CHI TIẾT VỀ WORKSHOP ONLINE 🔸 Chủ đề: Storytelling and Data Visualization 🔸 Đối tượng: Người đi làm hoặc sinh viên đa dạng lĩnh vực muốn kể chuyện dữ liệu và trực quan hóa dữ liệu bằng Power BI & Tableau 🔸 Thời gian: 3:00 chiều thứ 7, ngày 26/11/2022 🔸 Hình thức tham dự: Trực tuyến (Online) 🔸 Phí tham dự: Hoàn toàn miễn phí 🌐 CHI TIẾT SỰ KIỆN: https://unitrain.edu.vn/workshop-online-storytelling-and.../ #storytelling #visualization #PowerBI #Tableau #Onlineworkshop", "post_text": "🌐 𝐖𝐎𝐑𝐊𝐒𝐇𝐎𝐏 𝐎𝐍𝐋𝐈𝐍𝐄: 𝐒𝐭𝐨𝐫𝐲𝐭𝐞𝐥𝐥𝐢𝐧𝐠 𝐚𝐧𝐝 𝐃𝐚𝐭𝐚 𝐕𝐢𝐬𝐮𝐚𝐥𝐢𝐳𝐚𝐭𝐢𝐨𝐧 𝐢𝐧 𝐏𝐎𝐖𝐄𝐑 𝐁𝐈 & 𝐓𝐀𝐁𝐋𝐄𝐀𝐔🌐 📆 Thời gian: 3:00 chiều thứ 7, ngày 26/11/2022 📌 ĐĂNG KÝ NGAY: https://bit.ly/workshopStorytellingVới sự gia tăng của kinh doanh kỹ thuật số và ra quyết định dựa trên dữ liệu (Data-driven), Kể chuyện dữ liệu – Storytelling và Trực quan hóa dữ liệu – Data Visualization đã trở thành hai từ khóa kỹ năng được nhiều nhân sự và doanh nghiệp đề cập nhiều nhất khi nói về các công việc liên quan đến dữ liệu tại doanh nghiệp. Và nhắc đến Storytelling hay Visualization, không thể bỏ qua 𝐓𝐚𝐛𝐥𝐞𝐚𝐮 và 𝐏𝐨𝐰𝐞𝐫 𝐁𝐈 – hai giải pháp đang dẫn đầu về Storytelling và Data Visualization. Nhưng ngay cả khi Power BI & Tableau đã trở nên quá phổ biến và được sử dụng trong nhiều lĩnh vực, nhiều nhân sự vẫn băn khoăn khi lựa chọn giữa 2 công cụ này. Hiểu được những khó khăn mà bạn gặp phải khi thực hành kể chuyện, trực quan hóa dữ liệu và lựa chọn sử dụng Power BI & Tableau, UniTrain tổ chức 𝐖𝐨𝐫𝐤𝐬𝐡𝐨𝐩 𝐎𝐧𝐥𝐢𝐧𝐞: 𝐒𝐭𝐨𝐫𝐲𝐭𝐞𝐥𝐥𝐢𝐧𝐠 𝐚𝐧𝐝 𝐃𝐚𝐭𝐚 𝐕𝐢𝐬𝐮𝐚𝐥𝐢𝐳𝐚𝐭𝐢𝐨𝐧 vào 15h00 chiều thứ 7, ngày 26/11/2022. 🔥 Chỉ trong 2 tiếng, bạn sẽ được gỡ rối tất tần tật về nguyên tắc ứng dụng storytelling và data visualization trong kinh doanh cũng như giao lưu, chia sẻ những kiến thức về các công cụ kể chuyện hiện đại: Power BI & Tableau. Chủ đề buổi Workshop sẽ được dẫn dắt bởi diễn giả có nhiều kinh nghiệm thực tế về việc ứng dụng các công cụ Tableau và Power BI để kể chuyện và trực quan hóa dữ liệu trong công việc tại các tập đoàn đa quốc gia -\\-\\-\\-\\-\\-\\-\\-\\-\\-\\-\\-\\-\\-\\-\\-\\-\\-\\- THÔNG TIN CHI TIẾT VỀ WORKSHOP ONLINE 🔸 Chủ đề: Storytelling and Data Visualization 🔸 Đối tượng: Người đi làm hoặc sinh viên đa dạng lĩnh vực muốn kể chuyện dữ liệu và trực quan hóa dữ liệu bằng Power BI & Tableau 🔸 Thời gian: 3:00 chiều thứ 7, ngày 26/11/2022 🔸 Hình thức tham dự: Trực tuyến (Online) 🔸 Phí tham dự: Hoàn toàn miễn phí 🌐 CHI TIẾT SỰ KIỆN: https://unitrain.edu.vn/workshop-online-storytelling-and.../ #storytelling #visualization #PowerBI #Tableau #Onlineworkshop", "shared_text": "", "time": "2022-11-23 17:07:48", "timestamp": 1669198068, "likes": 0, "reaction_count": 0, "comments_full": ""},
{"original_request_url": "https://m.facebook.com/5752705251514860", "post_url": "https://m.facebook.com/5752705251514860", "post_id": 5752705251514860, "text": "Diana Agustina Part II is attending ‎دورة تكوينية تكوين في صيانة واصلاح الحواسب‎ — attending ‎دورة تكوينية تكوين في صيانة واصلاح الحواسب‎.\n22 December 2022 at 01:12 ·\n\nsofieb.space", "post_text": "", "shared_text": "Diana Agustina Part II is attending ‎دورة تكوينية تكوين في صيانة واصلاح الحواسب‎ — attending ‎دورة تكوينية تكوين في صيانة واصلاح الحواسب‎.\n22 December 2022 at 01:12 ·\n\nsofieb.space", "original_text": null, "time": "2022-12-22 01:56:20", "timestamp": 1671648980, "likes": 0, "reaction_count": 0, "comments_full": []}]