[{"original_request_url": "https://m.facebook.com/5621165948002125", "post_url": "https://m.facebook.com/5621165948002125", "post_id": 5621165948002125, "text": "Webinar RPA x AI - Gấp đôi công nghệ để làm gì?\n➡️ Đăng ký tham gia tại: https://akabot.com/webinar-rpa-ai/\n\n\nBản chất RPA đã có thể bắt chước hành động của con người, thực hiện các tác vụ lặp đi lặp lại, song còn khá cứng nhắc. Điểm hay của công nghệ này là nó tích hợp mượt mà với nhiều nền tảng công nghệ khác để xây dựng quy trình tự động hóa tối ưu, toàn diện và thông minh, từ đó mở rộng quy mô ứng dụng của tự động hóa. Sự kết hợp giữa RPA và AI đang biến việc tự động hóa những nghiệp vụ vô cùng phức trở thành hiện thực.\n\n\nKhám phá bộ đôi sức mạnh RPA x AI ngay trong webinar diễn ra vào ngày 10/11 tới đây với những nội dung xoay quanh:\n📌RPA kết hợp với AI: tính ứng dụng và triển vọng tương lai\n📌IDP - Giải pháp xử lý tài liệu thông minh có ứng dụng kết hợp AI và RPA\n📌Demo, hỏi đáp về chủ đề liên quan\n\n\nChi tiết sự kiện:\n▶ Diễn giả: Anh Nguyễn Sỹ An - AI Engineer tại akaBot\n▶ Thời gian: 20h 10/11/2022\n▶ Hình thức: Online qua Google Meet (Link sẽ được gửi thông qua Email khán giả đã đăng ký)\nSee translation", "post_text": "Webinar RPA x AI - Gấp đôi công nghệ để làm gì?\n➡️ Đăng ký tham gia tại: https://akabot.com/webinar-rpa-ai/\n\n\nBản chất RPA đã có thể bắt chước hành động của con người, thực hiện các tác vụ lặp đi lặp lại, song còn khá cứng nhắc. Điểm hay của công nghệ này là nó tích hợp mượt mà với nhiều nền tảng công nghệ khác để xây dựng quy trình tự động hóa tối ưu, toàn diện và thông minh, từ đó mở rộng quy mô ứng dụng của tự động hóa. Sự kết hợp giữa RPA và AI đang biến việc tự động hóa những nghiệp vụ vô cùng phức trở thành hiện thực.\n\n\nKhám phá bộ đôi sức mạnh RPA x AI ngay trong webinar diễn ra vào ngày 10/11 tới đây với những nội dung xoay quanh:\n📌RPA kết hợp với AI: tính ứng dụng và triển vọng tương lai\n📌IDP - Giải pháp xử lý tài liệu thông minh có ứng dụng kết hợp AI và RPA\n📌Demo, hỏi đáp về chủ đề liên quan\n\n\nChi tiết sự kiện:\n▶ Diễn giả: Anh Nguyễn Sỹ An - AI Engineer tại akaBot\n▶ Thời gian: 20h 10/11/2022\n▶ Hình thức: Online qua Google Meet (Link sẽ được gửi thông qua Email khán giả đã đăng ký)\nSee translation", "time": "2022-11-09 16:52:54", "timestamp": 1667987574, "likes": 1, "reaction_count": 1, "comments_full": ""},
{"original_request_url": "https://m.facebook.com/5603970976388289", "post_url": "https://m.facebook.com/5603970976388289", "post_id": 5603970976388289, "text": "Các ứng dụng được coi là starter-pack cho các DAs. Được sử dụng phổ biến trong việc phân tích dữ liệu Mọi người muốn Datapot làm thêm về chủ đề nào liên quan đến Data có thể cmt bên dưới nhé ^^\n\n\n\nTIKTOK.COM\nDatapot Vn on TikTok", "post_text": "Các ứng dụng được coi là starter-pack cho các DAs. Được sử dụng phổ biến trong việc phân tích dữ liệu Mọi người muốn Datapot làm thêm về chủ đề nào liên quan đến Data có thể cmt bên dưới nhé ^^\n\n", "shared_text": "TIKTOK.COM\nDatapot Vn on TikTok", "time": "2022-11-03 14:18:45", "timestamp": 1667459925, "likes": 1, "reaction_count": 1, "comments_full": "Quyên Quyên\n💯\n"},
{"original_request_url": "https://m.facebook.com/5541467119305342", "post_url": "https://m.facebook.com/5541467119305342", "post_id": 5541467119305342, "text": "Mình đang có khóa Data analyst của Power Bi\nAi cần ib mình nha\nSee translation", "post_text": "Mình đang có khóa Data analyst của Power Bi\nAi cần ib mình nha\nSee translation", "time": "2022-10-12 15:38:45", "timestamp": 1665563925, "likes": 5, "reaction_count": 5, "comments_full": "Gui mình với nhé. Cám ơn bạn nhiều\n"},
{"original_request_url": "https://m.facebook.com/5531839080268146", "post_url": "https://m.facebook.com/5531839080268146", "post_id": 5531839080268146, "text": "Mình là coder biết chút về AI, làm về Neutral Machine Translation thì mình cần học những gì ạ? Có cao nhân nào kèm thêm không ạ?", "post_text": "Mình là coder biết chút về AI, làm về Neutral Machine Translation thì mình cần học những gì ạ? Có cao nhân nào kèm thêm không ạ?", "shared_text": "", "time": "2022-10-09 11:45:18", "timestamp": 1665290718, "likes": 1, "reaction_count": 1, "comments_full": ""},
{"original_request_url": "https://m.facebook.com/5531641360287918", "post_url": "https://m.facebook.com/5531641360287918", "post_id": 5531641360287918, "text": "Anh chị em cho em hỏi: ai đã có kinh nghiệm làm việc ở Vin big data ở vị trí backend dev, data engineer..., có thể chia sẻ giúp em về môi trường làm việc và tính chất công việc ở đó được không ạ. Em đang định apply vào vị trí backend dev ở các phòng xử lý ảnh y tế, phòng trợ lý ảo nên muốn tham khảo ý kiến của các anh chị ạ", "post_text": "Anh chị em cho em hỏi: ai đã có kinh nghiệm làm việc ở Vin big data ở vị trí backend dev, data engineer..., có thể chia sẻ giúp em về môi trường làm việc và tính chất công việc ở đó được không ạ. Em đang định apply vào vị trí backend dev ở các phòng xử lý ảnh y tế, phòng trợ lý ảo nên muốn tham khảo ý kiến của các anh chị ạ", "shared_text": "", "time": "2022-10-09 10:16:45", "timestamp": 1665285405, "likes": 4, "reaction_count": 4, "comments_full": ""},
{"original_request_url": "https://m.facebook.com/5578406318944755", "post_url": "https://m.facebook.com/5578406318944755", "post_id": 5578406318944755, "text": "Sau thành công của hai hội thảo đầu tiên với chủ đề năng lượng, Tek Talk sẽ trở lại vào ngày 29.10.2022 với chủ đề: “Chia sẻ kinh nghiệm áp dụng AI trong một số doanh nghiệp tại châu Âu”. Hội thảo được tổ chức bởi Tek Com (Vietnamese Technology Community in Europe) với sự tham gia của TS. Nguyễn Hồng Thái, Software Architect, Lead Product @Conciliator.ai (Cegid company), Cộng hoà Pháp. TS. Nguyễn Hồng Thái sẽ cụ thể hoá phần tổng quan về AI qua ví dụ cụ thể của Conciliator, một công ty trong lĩnh vực fintech, chuyên về nhận dạng và xử lý tự động hoá đơn, chứng từ trong doanh nghiệp. Từ đó, diễn giả sẽ trình bày những kinh nghiệm phát triển một sản phẩm AI như những yếu tố quyết định kết quả đầu ra của AI, cách tổ chức đội ngũ, quá trình phát triển sản phẩm và đánh giá hiệu quả ứng dụng.\n\nBên cạnh chuỗi hội thảo trực tuyến Tek Talk, Tek Com cũng lập một nhóm nhỏ trên Facebook để chia sẻ những thông tin, kinh nghiệm, cơ hội việc làm, học bổng du học liên quan đến khối ngành khoa học công nghệ tại châu Âu. Tek Com hy vọng nhận được sự ủng hộ và đóng góp của các bạn.\n\nTrân trọng kính mời.\nTek Com\n-\\-\\-\\-\\-\\-\\\nTekTalk #3: Chia sẻ kinh nghiệm áp dụng AI trong một số doanh nghiệp tại châu Âu\n📌 Link sự kiện: https://www.facebook.com/events/672350607939255\n📌 Link đăng ký tham dự sự kiện (23.10 đến 28.10.2022): https://forms.gle/yA4P78LPywXZmNHR9\n📌 Fanpage Tek Com: https://www.facebook.com/tekcom.eu\n📌 Group Tek Com: https://www.facebook.com/groups/tekcom\n#artificialintelligence #Data #datascience #IT #informatique\n\nSAT, 29 OCT 2022\nTekTalk #3: Chia sẻ kinh nghiệm áp dụng AI trong một số doanh nghiệp tại châu Âu", "post_text": "Sau thành công của hai hội thảo đầu tiên với chủ đề năng lượng, Tek Talk sẽ trở lại vào ngày 29.10.2022 với chủ đề: “Chia sẻ kinh nghiệm áp dụng AI trong một số doanh nghiệp tại châu Âu”. Hội thảo được tổ chức bởi Tek Com (Vietnamese Technology Community in Europe) với sự tham gia của TS. Nguyễn Hồng Thái, Software Architect, Lead Product @Conciliator.ai (Cegid company), Cộng hoà Pháp. TS. Nguyễn Hồng Thái sẽ cụ thể hoá phần tổng quan về AI qua ví dụ cụ thể của Conciliator, một công ty trong lĩnh vực fintech, chuyên về nhận dạng và xử lý tự động hoá đơn, chứng từ trong doanh nghiệp. Từ đó, diễn giả sẽ trình bày những kinh nghiệm phát triển một sản phẩm AI như những yếu tố quyết định kết quả đầu ra của AI, cách tổ chức đội ngũ, quá trình phát triển sản phẩm và đánh giá hiệu quả ứng dụng.\n\nBên cạnh chuỗi hội thảo trực tuyến Tek Talk, Tek Com cũng lập một nhóm nhỏ trên Facebook để chia sẻ những thông tin, kinh nghiệm, cơ hội việc làm, học bổng du học liên quan đến khối ngành khoa học công nghệ tại châu Âu. Tek Com hy vọng nhận được sự ủng hộ và đóng góp của các bạn.\n\nTrân trọng kính mời.\nTek Com\n-\\-\\-\\-\\-\\-\\\nTekTalk #3: Chia sẻ kinh nghiệm áp dụng AI trong một số doanh nghiệp tại châu Âu\n📌 Link sự kiện: https://www.facebook.com/events/672350607939255\n📌 Link đăng ký tham dự sự kiện (23.10 đến 28.10.2022): https://forms.gle/yA4P78LPywXZmNHR9\n📌 Fanpage Tek Com: https://www.facebook.com/tekcom.eu\n📌 Group Tek Com: https://www.facebook.com/groups/tekcom\n#artificialintelligence #Data #datascience #IT #informatique", "shared_text": "SAT, 29 OCT 2022\nTekTalk #3: Chia sẻ kinh nghiệm áp dụng AI trong một số doanh nghiệp tại châu Âu", "time": "2022-10-25 03:10:21", "timestamp": 1666642221, "likes": 1, "reaction_count": 1, "comments_full": ""},
{"original_request_url": "https://m.facebook.com/5702724753179577", "post_url": "https://m.facebook.com/5702724753179577", "post_id": 5702724753179577, "text": "Sự kiện Zalo AI Summit 2022 dành cho những ai đam mê trí tuệ nhân tạo (AI)\nZalo AI Summit là diễn đàn trí tuệ nhân tạo thường niên được Zalo tổ chức lần đầu vào năm 2017. Đây là nơi kết nối kỹ sư AI Việt với các chuyên gia, nhà nghiên cứu hàng đầu và tạo cơ hội thảo luận chuyên sâu nhằm giải quyết các bài toán thực tiễn, đáp ứng nhu cầu của người Việt bằng AI.\n\nMột số thông tin tham khảo dành cho những ai quan tâm đến sự kiện tại TPHCM:\nĐăng ký tham gia: https://summit.zalo.ai/\nThời gian: thứ Bảy ngày 17/12/2022\nĐịa điểm: VNG Campus - Quận 7, TPHCM\nĐây là cơ hội tốt để gặp gỡ các chuyên gia hàng đầu về công nghệ, quan sát các sản phẩm vừa trình làng và kết nối cộng đồng AI", "post_text": "Sự kiện Zalo AI Summit 2022 dành cho những ai đam mê trí tuệ nhân tạo (AI)\nZalo AI Summit là diễn đàn trí tuệ nhân tạo thường niên được Zalo tổ chức lần đầu vào năm 2017. Đây là nơi kết nối kỹ sư AI Việt với các chuyên gia, nhà nghiên cứu hàng đầu và tạo cơ hội thảo luận chuyên sâu nhằm giải quyết các bài toán thực tiễn, đáp ứng nhu cầu của người Việt bằng AI.\n\nMột số thông tin tham khảo dành cho những ai quan tâm đến sự kiện tại TPHCM:\nĐăng ký tham gia: https://summit.zalo.ai/\nThời gian: thứ Bảy ngày 17/12/2022\nĐịa điểm: VNG Campus - Quận 7, TPHCM\nĐây là cơ hội tốt để gặp gỡ các chuyên gia hàng đầu về công nghệ, quan sát các sản phẩm vừa trình làng và kết nối cộng đồng AI", "shared_text": "", "time": "2022-12-08 14:57:24", "timestamp": 1670486244, "likes": 1, "reaction_count": 1, "comments_full": ""},
{"original_request_url": "https://m.facebook.com/5673303499455036", "post_url": "https://m.facebook.com/5673303499455036", "post_id": 5673303499455036, "text": "Em là sinh viên năm cuối chuẩn bị thi chứng chỉ Data analyst PL-300. Không biết anh chị nào có code giảm giá thi chứng chỉ này có thể share không ạ? Em cảm ơn anh chị nhiều ạ!", "post_text": "Em là sinh viên năm cuối chuẩn bị thi chứng chỉ Data analyst PL-300. Không biết anh chị nào có code giảm giá thi chứng chỉ này có thể share không ạ? Em cảm ơn anh chị nhiều ạ!", "shared_text": "", "time": "2022-11-27 22:12:20", "timestamp": 1669561940, "likes": 0, "reaction_count": 0, "comments_full": ""},
{"original_request_url": "https://m.facebook.com/5658145850970801", "post_url": "https://m.facebook.com/5658145850970801", "post_id": 5658145850970801, "text": "Dưới sự tác động của đại dịch, toàn bộ hành vi tiêu dùng của khách hàng, chuỗi cung ứng cho đến quy trình kinh doanh đã thay đổi nhanh chóng. Việc phân tích kinh doanh để đưa ra các quyết định dựa trên dữ liệu trở nên quan trọng hơn bao giờ hết.\nHầu hết doanh nghiệp sử dụng nguồn dữ liệu phân tích để tìm ra câu trả lời cho các câu hỏi liên quan đến việc giảm chi phí - thời gian, phát triển sản phẩm, dịch vụ mới và đưa ra quyết định thông minh. Các công cụ BI, nền tảng phân tích và điện toán đám mây đã và sẽ là chiến lược bền vững cho doanh nghiệp.\nNhằm nhận định xu hướng và thiết kế hệ thống phân tích dữ liệu kinh doanh tối ưu, VTI CLOUD phối hợp cùng MICROSOFT tổ chức Workshop:\n🚀PHÂN TÍCH KINH DOANH (BI) TRONG KỶ NGUYÊN SỐ\n- Vai trò và xu hướng tương lai của Phân tích kinh doanh (BI)\n- Tối ưu kiến trúc BI thông minh để phân tích dữ liệu doanh nghiệp\n🎁 QUÀ TẶNG\nDoanh nghiệp tham gia sự kiện và có nhu cầu chuyển dịch lên Đám mây, sẽ nhận được Ưu đãi 100% gói Azure Migration & Modernization Assessment trị giá $5000 của Microsoft.\n👉 Thông tin và Đăng ký tham gia ngay: https://vticloud.io/news_events/workshop-business-intelligence-phan-tich-kinh-doanh-trong-ky-nguyen-so/\n-\\-\\-\\-\\-\\-\\-\\-\\-\\-\\-\\-\\-\\-\\-\\-\\-\\-\\-\\-\\-\\-\\-\\-\\-\\-\\-\n#businessintelligence #BI #data #dataanalytics #cloudcomputing #microsoft #powerBI\n📅 09:30 - 11:30, Thứ Tư 30 | 11 | 2022\n📍 Phòng Hội thảo VTI Building - CC2 Mễ Trì Hạ, Nam Từ Liêm, Hà Nội\n🌐 www.https://vticloud.io/\nSee translation", "post_text": "Dưới sự tác động của đại dịch, toàn bộ hành vi tiêu dùng của khách hàng, chuỗi cung ứng cho đến quy trình kinh doanh đã thay đổi nhanh chóng. Việc phân tích kinh doanh để đưa ra các quyết định dựa trên dữ liệu trở nên quan trọng hơn bao giờ hết.\nHầu hết doanh nghiệp sử dụng nguồn dữ liệu phân tích để tìm ra câu trả lời cho các câu hỏi liên quan đến việc giảm chi phí - thời gian, phát triển sản phẩm, dịch vụ mới và đưa ra quyết định thông minh. Các công cụ BI, nền tảng phân tích và điện toán đám mây đã và sẽ là chiến lược bền vững cho doanh nghiệp.\nNhằm nhận định xu hướng và thiết kế hệ thống phân tích dữ liệu kinh doanh tối ưu, VTI CLOUD phối hợp cùng MICROSOFT tổ chức Workshop:\n🚀PHÂN TÍCH KINH DOANH (BI) TRONG KỶ NGUYÊN SỐ\n- Vai trò và xu hướng tương lai của Phân tích kinh doanh (BI)\n- Tối ưu kiến trúc BI thông minh để phân tích dữ liệu doanh nghiệp\n🎁 QUÀ TẶNG\nDoanh nghiệp tham gia sự kiện và có nhu cầu chuyển dịch lên Đám mây, sẽ nhận được Ưu đãi 100% gói Azure Migration & Modernization Assessment trị giá $5000 của Microsoft.\n👉 Thông tin và Đăng ký tham gia ngay: https://vticloud.io/news_events/workshop-business-intelligence-phan-tich-kinh-doanh-trong-ky-nguyen-so/\n-\\-\\-\\-\\-\\-\\-\\-\\-\\-\\-\\-\\-\\-\\-\\-\\-\\-\\-\\-\\-\\-\\-\\-\\-\\-\\-\n#businessintelligence #BI #data #dataanalytics #cloudcomputing #microsoft #powerBI\n📅 09:30 - 11:30, Thứ Tư 30 | 11 | 2022\n📍 Phòng Hội thảo VTI Building - CC2 Mễ Trì Hạ, Nam Từ Liêm, Hà Nội\n🌐 www.https://vticloud.io/\nSee translation", "time": "2022-11-22 14:47:24", "timestamp": 1669103244, "likes": 0, "reaction_count": 0, "comments_full": ""},
{"original_request_url": "https://m.facebook.com/5657382091047177", "post_url": "https://m.facebook.com/5657382091047177", "post_id": 5657382091047177, "text": "#Data_Engineering Vấn đề với Crawling Data\nChào mọi người em là sinh viên đang làm project De tốt nghiệp. Mục tiêu của em là crawl Data ở 1 thị trường ngách sản phẩm làm đẹp từ các sàn thương mại điện tử Lazada, Shopee,Tiki gồm cả Batch lẫn Stream phục vụ nhu cầu phân tích, mọi thứ khá ok cho đến khi em cần phân tích doanh số thị trường ngành lên Dashboard và số lượng sản phẩm thì em gặp 1 vài vấn đề :\nTiki thì 1 số sản phẩm bán missing value khá là nhiều( dao động từ 10-20% ) và có những case thiếu tầm 50% , nhiều sản phẩm quantity_sold chỉ rơi vào 1 dù đăng khá lâu , em khá là đau đầu khi fill value vào những case kiểu này, thường thì em sẽ so sánh quy mô giữa Tiki và Shoppe với cùng 1 loại sản phẩm/tầm giá/số lượng review tuỳ từng th đó và dựa vào tỉ lệ để điền giá trị, nhưng với những case mà chỉ Tiki có thì bó tay.\nĐến câu chuyện tổng doanh số thị trường , thì công thức em sử dụng vẫn là giá bán x số lượng bán cộng tất cả. Với Shopee thì khá ổn do giá và số lượng sản phẩm bán số lượng missing value ít, Nhưng lúc tính thì thị phần Tiki thọt so với Shopee khá nhiều, 1 phần ảnh hưởng do dữ liệu . Ngoài ra khi cần real-time sẽ phải tính toán mỗi khung thời gian thì cách của em tính với vài chục nghìn sản phẩm cá nhân em thấy khá là ngu nhưng vẫn chưa có giải pháp tốt hơn. Vậy làm thế nào để mình xử lý trường hợp này thì em cần cao kiến\nDữ liệu em crawl thông qua API của các bên cung cấp, em có tham khảo 1 số sản phẩm như case của Metric.vn thì còn có thể crawl dữ liệu bán của từng sản phẩm trong 1 mốc thời gian thứ mà lúc em crawl ko có, vậy làm thế nào để có thể crawl số lượng bán của 1 sản phẩm trên các sàn ạ?\nDo tài năng và kiến thức hạn hẹp,rất mong được các bác chỉ giáo 🙁\nSee translation", "post_text": "#Data_Engineering Vấn đề với Crawling Data\nChào mọi người em là sinh viên đang làm project De tốt nghiệp. Mục tiêu của em là crawl Data ở 1 thị trường ngách sản phẩm làm đẹp từ các sàn thương mại điện tử Lazada, Shopee,Tiki gồm cả Batch lẫn Stream phục vụ nhu cầu phân tích, mọi thứ khá ok cho đến khi em cần phân tích doanh số thị trường ngành lên Dashboard và số lượng sản phẩm thì em gặp 1 vài vấn đề :\nTiki thì 1 số sản phẩm bán missing value khá là nhiều( dao động từ 10-20% ) và có những case thiếu tầm 50% , nhiều sản phẩm quantity_sold chỉ rơi vào 1 dù đăng khá lâu , em khá là đau đầu khi fill value vào những case kiểu này, thường thì em sẽ so sánh quy mô giữa Tiki và Shoppe với cùng 1 loại sản phẩm/tầm giá/số lượng review tuỳ từng th đó và dựa vào tỉ lệ để điền giá trị, nhưng với những case mà chỉ Tiki có thì bó tay.\nĐến câu chuyện tổng doanh số thị trường , thì công thức em sử dụng vẫn là giá bán x số lượng bán cộng tất cả. Với Shopee thì khá ổn do giá và số lượng sản phẩm bán số lượng missing value ít, Nhưng lúc tính thì thị phần Tiki thọt so với Shopee khá nhiều, 1 phần ảnh hưởng do dữ liệu . Ngoài ra khi cần real-time sẽ phải tính toán mỗi khung thời gian thì cách của em tính với vài chục nghìn sản phẩm cá nhân em thấy khá là ngu nhưng vẫn chưa có giải pháp tốt hơn. Vậy làm thế nào để mình xử lý trường hợp này thì em cần cao kiến\nDữ liệu em crawl thông qua API của các bên cung cấp, em có tham khảo 1 số sản phẩm như case của Metric.vn thì còn có thể crawl dữ liệu bán của từng sản phẩm trong 1 mốc thời gian thứ mà lúc em crawl ko có, vậy làm thế nào để có thể crawl số lượng bán của 1 sản phẩm trên các sàn ạ?\nDo tài năng và kiến thức hạn hẹp,rất mong được các bác chỉ giáo 🙁\nSee translation", "time": "2022-11-22 07:41:37", "timestamp": 1669077697, "likes": 2, "reaction_count": 2, "comments_full": ""},
{"original_request_url": "https://m.facebook.com/5582187671899953", "post_url": "https://m.facebook.com/5582187671899953", "post_id": 5582187671899953, "text": "Mình có khóa Phân tích và trực quan hóa dữ liệu với Power Bi Cơ Bản Và Nâng Cao\nBạn nào cần ib mình gửi nhé\nSee translation", "post_text": "Mình có khóa Phân tích và trực quan hóa dữ liệu với Power Bi Cơ Bản Và Nâng Cao\nBạn nào cần ib mình gửi nhé\nSee translation", "time": "2022-10-26 14:07:03", "timestamp": 1666768023, "likes": 4, "reaction_count": 4, "comments_full": "Gui mình với nhé\n"},
{"original_request_url": "https://m.facebook.com/5722004537918265", "post_url": "https://m.facebook.com/5722004537918265", "post_id": 5722004537918265, "text": "Chào mọi người ! Em đang dùng Google transfer service ( Google Ads-formerly AdWords ) để transfer sang bigquery nhưng khi em query để lấy ra data về giới tính và độ tuổi thì đều không có data ! Em đang kb phải xử lí như nào mọi người giúp em với ạ ! Em cảm ơn", "post_text": "Chào mọi người ! Em đang dùng Google transfer service ( Google Ads-formerly AdWords ) để transfer sang bigquery nhưng khi em query để lấy ra data về giới tính và độ tuổi thì đều không có data ! Em đang kb phải xử lí như nào mọi người giúp em với ạ ! Em cảm ơn", "shared_text": "", "time": "2022-12-12 13:46:46", "timestamp": 1670827606, "likes": 0, "reaction_count": 0, "comments_full": ""},
{"original_request_url": "https://m.facebook.com/5800386200080098", "post_url": "https://m.facebook.com/5800386200080098", "post_id": 5800386200080098, "text": "YOUTUBE.COM\nMình sử dụng SQL như thế nào? How I use SQL as a Data Analyst?", "post_text": "", "shared_text": "YOUTUBE.COM\nMình sử dụng SQL như thế nào? How I use SQL as a Data Analyst?", "time": "2023-01-08 08:22:44", "timestamp": 1673140964, "likes": 67, "reaction_count": 67, "comments_full": ""},
{"original_request_url": "https://m.facebook.com/5773192859466099", "post_url": "https://m.facebook.com/5773192859466099", "post_id": 5773192859466099, "text": "On Hand BI là sản phẩm đầu tiên tại Việt Nam giúp những bạn sử dụng Power BI có thể chia sẻ báo cáo một cách thuận tiện và hoàn toàn MIỄN PHÍ\nNgày 1.1 Chủ Nhật tuần này mình sẽ prelaunch nền tảng web.\nHy vọng mọi người tham gia, cám ơn mọi người rất nhiều.\n\nSUN, 1 JAN\nOn Hand BI Prelaunch", "post_text": "On Hand BI là sản phẩm đầu tiên tại Việt Nam giúp những bạn sử dụng Power BI có thể chia sẻ báo cáo một cách thuận tiện và hoàn toàn MIỄN PHÍ\nNgày 1.1 Chủ Nhật tuần này mình sẽ prelaunch nền tảng web.\nHy vọng mọi người tham gia, cám ơn mọi người rất nhiều.", "shared_text": "SUN, 1 JAN\nOn Hand BI Prelaunch", "time": "2022-12-29 09:13:03", "timestamp": 1672279983, "likes": 40, "reaction_count": 40, "comments_full": "Nhưng mà lễ a đi chơi rồi :))))\nDiệp Quang Việt dạ anh :3\nEm có record lại nà\nXịn xịn anh Phong ơi🥳\nMaiQuyen Ng xịn vậy để chờ công ty em mua dùng á :)))\nGood bro\nHề lố mọi người.\nHiện tại là đã hơn 300 tài khoản đăng ký để trải nghiệm sử dụng thử On Hand BI\nSau khi mass stress cân bằng tải khá oke, mình quyết định sẽ mở đăng ký và cho log in không giới hạn vào cuối tuần này.\nMọi người gắng chờ nha :3\nMọi người đăng ký để được là những người trải nghiệm sản phẩm sớm ở link này nha:\nhttps://\nonhandbi.com/\nLink live cho mọi người tham gia:\nhttps://\nyoutu.be/\nh_bV8raAKBs\nMình bạn ơi\n"},
{"original_request_url": "https://m.facebook.com/5797980463654005", "post_url": "https://facebook.com/story.php?story_fbid=pfbid02uT95XK4fVhy568XAwrtBKQ8hy8WHK2hARHeHwjcC3xKCGCGWNRwWGXjBSsRW6nH9l&id=100063850980198", "post_id": 5797980463654005, "text": "Cùng xem mật độ dân số của Việt Nam và một số nước trên thế giới được hiển thị dưới dạng 3D như thế nào nhé 😲\n\nData Fun\n7 January at 10:44 ·\n\nCùng xem mật độ dân số của Việt Nam và một số nước trên thế giới được hiển thị dưới dạng 3D như thế nào nhé 😲\n\nCác hình dưới đây thể hiện mật độ dân số không phải là tổng dân số.\n\nNhìn chung thì ở VN thì khu vực đồng bằng Sông Hồng và Sông Cửu Long là có mật độ cao nhất. Còn duyên hải miền trung thì có Đà Nẵng.\n\nCó ai thấy được sự đặc biệt của Thái Lan và Ấn Độ?\n\n-\\-\\\nSưu tầm: Data Fun\nCredit: Terence Fosstodon @researchremora\nData: https://data.humdata.org/organization/kontur\nTool: #RStats #rayshader\n\n#Data #visualization", "post_text": "Cùng xem mật độ dân số của Việt Nam và một số nước trên thế giới được hiển thị dưới dạng 3D như thế nào nhé 😲", "shared_text": "Data Fun\n7 January at 10:44 ·\n\nCùng xem mật độ dân số của Việt Nam và một số nước trên thế giới được hiển thị dưới dạng 3D như thế nào nhé 😲\n\nCác hình dưới đây thể hiện mật độ dân số không phải là tổng dân số.\n\nNhìn chung thì ở VN thì khu vực đồng bằng Sông Hồng và Sông Cửu Long là có mật độ cao nhất. Còn duyên hải miền trung thì có Đà Nẵng.\n\nCó ai thấy được sự đặc biệt của Thái Lan và Ấn Độ?\n\n-\\-\\\nSưu tầm: Data Fun\nCredit: Terence Fosstodon @researchremora\nData: https://data.humdata.org/organization/kontur\nTool: #RStats #rayshader\n\n#Data #visualization", "time": "2023-01-07 10:57:14", "timestamp": 1673063834, "likes": 128, "reaction_count": 128, "comments_full": ""},
{"original_request_url": "https://m.facebook.com/5795702233881828", "post_url": "https://m.facebook.com/5795702233881828", "post_id": 5795702233881828, "text": "Mình sưu tầm được khá nhiều tài liệu tự học về DA khá hay nên muốn chia sẻ cho mọi người. Bao gồm: SQL, Python, Toán xác xuất thông kê, Machine Learning, các tài liệu về DS,..Mình còn tìm được cả khóa học SQL cho DA nữa Mọi người đăng ký nhận tài liệu tại đây giúp mình https://docs.google.com/forms/d/e/1FAIpQLSeLzxz44_C__KSVhwm3yLiItewPO2Ba8ycI7QmhTKmCrabSyg/viewform?fbclid=IwAR1piwBZTtapX9jJJFdx1xIYYsiWYd6wD56K_fOuYvA-H2t2TTG8vWjhjKU", "post_text": "Mình sưu tầm được khá nhiều tài liệu tự học về DA khá hay nên muốn chia sẻ cho mọi người. Bao gồm: SQL, Python, Toán xác xuất thông kê, Machine Learning, các tài liệu về DS,..Mình còn tìm được cả khóa học SQL cho DA nữa Mọi người đăng ký nhận tài liệu tại đây giúp mình https://docs.google.com/forms/d/e/1FAIpQLSeLzxz44_C__KSVhwm3yLiItewPO2Ba8ycI7QmhTKmCrabSyg/viewform?fbclid=IwAR1piwBZTtapX9jJJFdx1xIYYsiWYd6wD56K_fOuYvA-H2t2TTG8vWjhjKU", "shared_text": "", "time": "2023-01-06 16:06:33", "timestamp": 1672995993, "likes": 40, "reaction_count": 40, "comments_full": "EM ĐANG TÌM LUÔN. THANHHKIUU SIS\nmng k nhận được nhắn mình nha\ncảm ơn ad duyệt bài\nGui mình với nha, cám on nhiều\n"},
{"original_request_url": "https://m.facebook.com/5795515430567175", "post_url": "https://facebook.com/story.php?story_fbid=pfbid04D5VtN8nCtw7uaog5rhCnxhMoMZKA2BWgdKcTzTgy3Myv1JK54fZTJ6qDmpJpZhcl&id=100083194757309", "post_id": 5795515430567175, "text": "Giá trị thực đến từ những trải nghiệm thực tế.\nCùng xem chúng ta sẽ có gì khi trao đổi cùng Taylor Butler - Senior Sales Engineer\n\nReal value comes from actual experiences.\nLet's see what we have in exchange with Taylor Butler - Senior Sales Engineer\n\nSift Analytics Group Vietnam\n5 January at 09:40 ·\n\n[Case study] Lắng nghe những chia sẻ thực tế từ Taylor Butler - Senior Sales Engineer.\n\n🔥 Là một kỹ sư bán hàng cấp cao của Alteryx, cô đã có rất nhiều kinh nghiệm làm việc với đối tác là Doanh nghiệp trên khắp Thế giới. Bên canh đó, cô cũng đã lắng nghe và chia sẻ rất nhiều về những vấn đề của các doanh nghiệp.\n\n🔖 Hôm nay, chúng ta cùng trao đổi với cô ấy và lắng nghe hững chia sẻ chi tiết từ cô qua bài viết này: https://www.linkedin.com/pulse/jumping-alteryx-bus-tailoring-analytic-journey-senior-sales-engineer-/\n\n👉 Để trao đổi thêm về các tính năng của Altery, Doanh nghiệp nhanh tay đăng ký lên lịch Demo cùng chúng tôi qua link: https://forms.gle/p6WiWL2NqXzENYNHA\n\n#SIFT #dataanalytics #giaiphaphotrodoanhnghiep #congcuphantichdulieu #congcudoluong #phantichdulieu #businessintelligence #ai #demo\n\n#alteryx #alteryxcloud #alteryxdesign #case_study\n-\\-\\-\n𝐒𝐢𝐟𝐭 𝐀𝐧𝐚𝐥𝐲𝐭𝐢𝐜𝐬 𝐆𝐫𝐨𝐮𝐩 𝐕𝐢𝐞𝐭𝐧𝐚𝐦\n🔥 Hotline: (+84) 936 396 328\n📧 Email: sift-vn@sift-ag.com\n📍 Address: 60 Nguyễn Văn Thủ, phường Đa Kao, quận 1, Tp Hồ Chí Minh\n🌐 Web: https://www.sift-ag.com/", "post_text": "Giá trị thực đến từ những trải nghiệm thực tế.\nCùng xem chúng ta sẽ có gì khi trao đổi cùng Taylor Butler - Senior Sales Engineer\n\nReal value comes from actual experiences.\nLet's see what we have in exchange with Taylor Butler - Senior Sales Engineer", "shared_text": "Sift Analytics Group Vietnam\n5 January at 09:40 ·\n\n[Case study] Lắng nghe những chia sẻ thực tế từ Taylor Butler - Senior Sales Engineer.\n\n🔥 Là một kỹ sư bán hàng cấp cao của Alteryx, cô đã có rất nhiều kinh nghiệm làm việc với đối tác là Doanh nghiệp trên khắp Thế giới. Bên canh đó, cô cũng đã lắng nghe và chia sẻ rất nhiều về những vấn đề của các doanh nghiệp.\n\n🔖 Hôm nay, chúng ta cùng trao đổi với cô ấy và lắng nghe hững chia sẻ chi tiết từ cô qua bài viết này: https://www.linkedin.com/pulse/jumping-alteryx-bus-tailoring-analytic-journey-senior-sales-engineer-/\n\n👉 Để trao đổi thêm về các tính năng của Altery, Doanh nghiệp nhanh tay đăng ký lên lịch Demo cùng chúng tôi qua link: https://forms.gle/p6WiWL2NqXzENYNHA\n\n#SIFT #dataanalytics #giaiphaphotrodoanhnghiep #congcuphantichdulieu #congcudoluong #phantichdulieu #businessintelligence #ai #demo\n\n#alteryx #alteryxcloud #alteryxdesign #case_study\n-\\-\\-\n𝐒𝐢𝐟𝐭 𝐀𝐧𝐚𝐥𝐲𝐭𝐢𝐜𝐬 𝐆𝐫𝐨𝐮𝐩 𝐕𝐢𝐞𝐭𝐧𝐚𝐦\n🔥 Hotline: (+84) 936 396 328\n📧 Email: sift-vn@sift-ag.com\n📍 Address: 60 Nguyễn Văn Thủ, phường Đa Kao, quận 1, Tp Hồ Chí Minh\n🌐 Web: https://www.sift-ag.com/", "time": "2023-01-06 14:19:49", "timestamp": 1672989589, "likes": 2, "reaction_count": 2, "comments_full": ""},
{"original_request_url": "https://m.facebook.com/5795416973910354", "post_url": "https://facebook.com/story.php?story_fbid=pfbid02okLq1RyKTvik9pxPZ8B2g6jDZg2or96JNgJNBxGGLviqyHtX4ozatmcPpZNvytSsl&id=100055680764438", "post_id": 5795416973910354, "text": "TƯ DUY HỆ THỐNG/ THIẾT KẾ - một kỹ năng mà bất kỳ nhân sự nào trong ngành Analytics cũng cần hiểu rõ và thành thạo!👇\n\nPhuong Thao Analytics is at Mastering Data Analytics.\n6 January at 13:11 · Ho Chi Minh City ·\n\nTƯ DUY HỆ THỐNG/ THIẾT KẾ - một kỹ năng mà bất kỳ nhân sự nào trong ngành Analytics cũng cần hiểu rõ và thành thạo!\n\nNếu bạn thiếu System Design Thinking, ᴠ𝗶𝗲̣̂𝗰 𝗴𝗶𝗮𝗼 𝘁𝗶𝗲̂́𝗽 𝗴𝗶𝘂̛̃𝗮 𝗰𝗮́𝗰 𝗽𝗵𝗼̀𝗻𝗴 𝗯𝗮𝗻 𝗹𝗶𝗲̂𝗻 𝗾𝘂𝗮𝗻 đ𝗲̂́𝗻 𝗔𝗻𝗮𝗹𝘆𝘁𝗶𝗰𝘀 𝗻𝗵𝘂̛: 𝗗𝗮𝘁𝗮𝗯𝗮𝘀𝗲 - 𝗘𝗻𝗴𝗶𝗻𝗲𝗲𝗿𝗶𝗻𝗴 - 𝗕𝘂𝘀𝗶𝗻𝗲𝘀𝘀 - 𝗗𝗮𝘁𝗮 𝗔𝗻𝗮𝗹𝘆𝘁𝗶𝗰𝘀 - 𝗔𝗱𝘃𝗮𝗻𝗰𝗲 𝗠𝗟/ 𝗔𝗜... 𝘀𝗲̃ 𝗯𝗶̣ 𝘀𝘁𝘂𝗰𝗸, 𝘃𝗮̀ 𝗹𝗮̃𝗻𝗴 𝗽𝗵𝗶́ 𝗿𝗮̂́𝘁 𝗻𝗵𝗶𝗲̂̀𝘂 𝘁𝗵𝗼̛̀𝗶 𝗴𝗶𝗮𝗻 đ𝗲̂̉ 𝗵𝗶𝗲̂̉𝘂 đ𝘂̛𝗼̛̣𝗰 𝗾𝘂𝘆 𝘁𝗿𝗶̀𝗻𝗵 𝗹𝗮̀𝗺 𝘃𝗶𝗲̣̂𝗰, 𝗽𝗵𝗼̂́𝗶 𝗵𝗼̛̣𝗽 𝗻𝗵𝗶̣𝗽 𝗻𝗵𝗮̀𝗻𝗴 𝘃𝗼̛́𝗶 𝗻𝗵𝗮𝘂.\n\n👇Tải ngay ebook miễn phí System Design từ Bytebytego để trang bị kỹ năng này nhé!\n\n#analytics #data\n[NEW YEAR - NEW SKILLS]\n—-\\-\\-\\-\\-\\-\\-\\-\\-\\-\\-\\-\\-\\-\\-\\-\\-\\-\\-\\-\\-\\-\\-\\-\\-\\-\\-\\-\\-\\-\\-\\-\\-\\-\\-\\-\\-\\-\\-\\-\\-\\-\\-\\-\\-\\-\\-\\-\\-\nKhóa học Business Intelligence tại Mastering Data Analytics dự kiến khai giảng vào ngày 06/02/2023 (SAU TẾT ÂM LỊCH):\n✔️ “Up Skill” Kỹ năng phân tích dữ liệu hệ thống - bài bản (Taxonomy).\n✔️ Hiểu và áp dụng thực tiễn các Nguyên tắc và phương pháp thiết kế Dashboards tự động, hiệu quả và tiết kiệm thời gian.\n✔️ Hiểu đúng về Insights - Cách đào sâu Insight theo chuẩn quy tắc B-U-S (Big - Useful - Surprise).\n✔️ Thiết kế Data Story bài bản cùng kỹ năng Data Visualization.\n👉 Đăng ký trước 19/1/2023 để nhận ưu đãi 5%. Xem link đăng ký khóa học dưới cmt nhé.\n-\\-\\-\\-\\-\\-\\-\\-\\-\\-\\-\\-\\-\\-\\-\\-\\-\\-\\-\\-\\-\\-\\-\\-\\-\\-\\-\\-\\-\\-\\\nLiên hệ Mastering Data Analytics để được tư vấn:\n👉0961 48 66 48\n👉edu@mastering-da.com\n#dataanalytics #PowerBI\"", "post_text": "TƯ DUY HỆ THỐNG/ THIẾT KẾ - một kỹ năng mà bất kỳ nhân sự nào trong ngành Analytics cũng cần hiểu rõ và thành thạo!👇", "shared_text": "Phuong Thao Analytics is at Mastering Data Analytics.\n6 January at 13:11 · Ho Chi Minh City ·\n\nTƯ DUY HỆ THỐNG/ THIẾT KẾ - một kỹ năng mà bất kỳ nhân sự nào trong ngành Analytics cũng cần hiểu rõ và thành thạo!\n\nNếu bạn thiếu System Design Thinking, ᴠ𝗶𝗲̣̂𝗰 𝗴𝗶𝗮𝗼 𝘁𝗶𝗲̂́𝗽 𝗴𝗶𝘂̛̃𝗮 𝗰𝗮́𝗰 𝗽𝗵𝗼̀𝗻𝗴 𝗯𝗮𝗻 𝗹𝗶𝗲̂𝗻 𝗾𝘂𝗮𝗻 đ𝗲̂́𝗻 𝗔𝗻𝗮𝗹𝘆𝘁𝗶𝗰𝘀 𝗻𝗵𝘂̛: 𝗗𝗮𝘁𝗮𝗯𝗮𝘀𝗲 - 𝗘𝗻𝗴𝗶𝗻𝗲𝗲𝗿𝗶𝗻𝗴 - 𝗕𝘂𝘀𝗶𝗻𝗲𝘀𝘀 - 𝗗𝗮𝘁𝗮 𝗔𝗻𝗮𝗹𝘆𝘁𝗶𝗰𝘀 - 𝗔𝗱𝘃𝗮𝗻𝗰𝗲 𝗠𝗟/ 𝗔𝗜... 𝘀𝗲̃ 𝗯𝗶̣ 𝘀𝘁𝘂𝗰𝗸, 𝘃𝗮̀ 𝗹𝗮̃𝗻𝗴 𝗽𝗵𝗶́ 𝗿𝗮̂́𝘁 𝗻𝗵𝗶𝗲̂̀𝘂 𝘁𝗵𝗼̛̀𝗶 𝗴𝗶𝗮𝗻 đ𝗲̂̉ 𝗵𝗶𝗲̂̉𝘂 đ𝘂̛𝗼̛̣𝗰 𝗾𝘂𝘆 𝘁𝗿𝗶̀𝗻𝗵 𝗹𝗮̀𝗺 𝘃𝗶𝗲̣̂𝗰, 𝗽𝗵𝗼̂́𝗶 𝗵𝗼̛̣𝗽 𝗻𝗵𝗶̣𝗽 𝗻𝗵𝗮̀𝗻𝗴 𝘃𝗼̛́𝗶 𝗻𝗵𝗮𝘂.\n\n👇Tải ngay ebook miễn phí System Design từ Bytebytego để trang bị kỹ năng này nhé!\n\n#analytics #data\n[NEW YEAR - NEW SKILLS]\n—-\\-\\-\\-\\-\\-\\-\\-\\-\\-\\-\\-\\-\\-\\-\\-\\-\\-\\-\\-\\-\\-\\-\\-\\-\\-\\-\\-\\-\\-\\-\\-\\-\\-\\-\\-\\-\\-\\-\\-\\-\\-\\-\\-\\-\\-\\-\\-\\-\nKhóa học Business Intelligence tại Mastering Data Analytics dự kiến khai giảng vào ngày 06/02/2023 (SAU TẾT ÂM LỊCH):\n✔️ “Up Skill” Kỹ năng phân tích dữ liệu hệ thống - bài bản (Taxonomy).\n✔️ Hiểu và áp dụng thực tiễn các Nguyên tắc và phương pháp thiết kế Dashboards tự động, hiệu quả và tiết kiệm thời gian.\n✔️ Hiểu đúng về Insights - Cách đào sâu Insight theo chuẩn quy tắc B-U-S (Big - Useful - Surprise).\n✔️ Thiết kế Data Story bài bản cùng kỹ năng Data Visualization.\n👉 Đăng ký trước 19/1/2023 để nhận ưu đãi 5%. Xem link đăng ký khóa học dưới cmt nhé.\n-\\-\\-\\-\\-\\-\\-\\-\\-\\-\\-\\-\\-\\-\\-\\-\\-\\-\\-\\-\\-\\-\\-\\-\\-\\-\\-\\-\\-\\-\\\nLiên hệ Mastering Data Analytics để được tư vấn:\n👉0961 48 66 48\n👉edu@mastering-da.com\n#dataanalytics #PowerBI\"", "time": "2023-01-06 13:22:53", "timestamp": 1672986173, "likes": 27, "reaction_count": 27, "comments_full": ""},
{"original_request_url": "https://m.facebook.com/5781127052006013", "post_url": "https://m.facebook.com/5781127052006013", "post_id": 5781127052006013, "text": "Happy New Year 2023!!! Tuyển dụng và quảng cáo tháng 1: các bạn lưu ý giúp nhé, tất cả các bài viết tuyển dụng và các hình thức quảng cáo bao gồm quảng cáo lớp học (ngoại trừ các bài được sponsor) thì phải được đăng bằng cách comment dưới post này. Thành viên vi phạm sẽ sẽ được mời ra khỏi group. Mong các bạn chú ý. Lưu ý: các bạn khi đăng bài nên thêm hashtag để dễ tìm và lọc, ví dụ: #bigdata #computervision #machinelearning #tuyendung #lophoc\nSee translation", "post_text": "Happy New Year 2023!!! Tuyển dụng và quảng cáo tháng 1: các bạn lưu ý giúp nhé, tất cả các bài viết tuyển dụng và các hình thức quảng cáo bao gồm quảng cáo lớp học (ngoại trừ các bài được sponsor) thì phải được đăng bằng cách comment dưới post này. Thành viên vi phạm sẽ sẽ được mời ra khỏi group. Mong các bạn chú ý. Lưu ý: các bạn khi đăng bài nên thêm hashtag để dễ tìm và lọc, ví dụ: #bigdata #computervision #machinelearning #tuyendung #lophoc\nSee translation", "time": "2023-01-01 06:31:41", "timestamp": 1672529501, "likes": 18, "reaction_count": 18, "comments_full": "GHN-HCM Tuyển Data Engineer. YOE 4 năm. Range: upto 2500$ #tuyendung\n[Hà Nội & Đà Nẵng] - Gear Inc Tuyển Dụng\n\n👉 Workforce Management Analyst\n👉 MIS Data Analyst\n👉 Real-time Analyst\n\nYêu cầu chung:\n⁣　　✅ Có tư duy logic, khả năng phân tích và tổng hợp dữ liệu tốt\n⁣　　✅ Có từ 1 năm kinh nghiệm ở vị trí liên quan\n⁣　　✅ Có kinh nghiệm ở lĩnh vực BPO\n⁣　　✅ Thành thạo trong việc sử dụng Google Spreadsheet, Excel\n⁣　　✅ Tiếng Anh tốt (nói và viết)\nĐịa điểm làm việc: Hai Bà Trưng, Hà Nội / Thanh Khê, Đà Nẵng\n+ Workforce Management Analyst\nhttps://\nwww.careers-page\n.com/\ngear-inc-2/job/\nQX69VVWY\n+ MIS Data Analyst\nhttps://\nwww.careers-page\n.com/\ngear-inc-2/job/\nL4VR99W7\n+ Real-time Analyst\nhttps://\nwww.careers-page\n.com/\ngear-inc-2/job/\nL74X8833\n\nNhanh tay gửi CV về hòm thư jobs@gearinc.co\nm để trở thành một Gear-er nhé!\n#dataanalyst #tuyendung\n𝐃𝐈𝐀𝐆 𝐂𝐀𝐑𝐄𝐄𝐑𝐒 | #Diag is looking for Tech positions:\n\n𝐅𝐫𝐨𝐧𝐭𝐄𝐧𝐝 𝐋𝐞𝐚𝐝 (2.5k-3.0k USD gross + attractive KPI bonus)\n𝐒𝐞𝐧𝐢𝐨𝐫 𝐏𝐇𝐏 𝐃𝐞𝐯𝐞𝐥𝐨𝐩𝐞𝐫 (1.8k-2.5k USD gross + attractive KPI bonus)\n𝐒𝐞𝐧𝐢𝐨𝐫 𝐅𝐫𝐨𝐧𝐭𝐞𝐧𝐝 𝐃𝐞𝐯𝐞𝐥𝐨𝐩𝐞𝐫 (1.8k-2.5k USD gross + attractive KPI bonus)\n𝐏𝐲𝐭𝐡𝐨𝐧 𝐄𝐧𝐠𝐢𝐧𝐞𝐞𝐫 (1.8k-2.5k USD gross + attractive KPI bonus)\n\nShout out to all #Tech talented candidates who #opentowork and would love to start a new interesting journey, #Diag is welcoming you to take this opportunity!.\n\n📍 𝐖𝐎𝐑𝐊𝐈𝐍𝐆 𝐏𝐋𝐀𝐂𝐄: 414-420 Cao Thang Street, Ward 12, District 10, Ho Chi Minh City, Vietnam (hybrid condition)\n\n👉 If you are interested any position, do not hesitate to apply by sending your updated resume to Mr. Phuc via email 𝐏𝐡𝐮𝐜.𝐂𝐡𝐮𝐧𝐠@𝐝𝐢𝐚𝐠\n.𝐯𝐧 by 𝐉𝐚𝐧𝐮𝐚𝐫𝐲 𝟑𝟏𝐬𝐭 𝟐𝟎𝟐𝟑 for the next step.\n\nThank you and have a productive working week!\n\n#Diag #diaglaboratorie\ns #hcm #opportunity #opentowork #job #hcm\n\n#softwaredevelop\ner #webdeveloper #softwareenginee\nring #vuejs #vuejsdeveloper #javadeveloper #javascript #webpack #jsframework #frontenddevelop\ner #frontendjobs #userexperience #userinterface #reactjs #coding #technicallead #fullstackdevelo\nper #frontendlead #frontendsenior #technicalarchi\ntect\n\n#php #phpdevelopers #phpjobs #phpwebdevelopm\nent #phpprogramming\n\n#python #pythondevelope\nr #pythonjobs #pythonprogramm\ning #pythondevelope\nr #pythonprogramm\ninglanguage\n\n#techjob #sharejob #IT #techjob #techhiring #tech #techjobs #techcareers #techcompany\n"},
{"original_request_url": "https://m.facebook.com/5795263407259044", "post_url": "https://m.facebook.com/5795263407259044", "post_id": 5795263407259044, "text": "TUANANALYTIC.COM\nCác thứ về Stable Diffusion và Generative Art (Sẽ Update thêm nữa) – Tuan | ANALYTIC", "post_text": "", "shared_text": "TUANANALYTIC.COM\nCác thứ về Stable Diffusion và Generative Art (Sẽ Update thêm nữa) – Tuan | ANALYTIC", "time": "2023-01-06 11:53:49", "timestamp": 1672980829, "likes": 7, "reaction_count": 7, "comments_full": "Đào Gia Tuấn\n"},
{"original_request_url": "https://m.facebook.com/5795211310597587", "post_url": "https://facebook.com/story.php?story_fbid=pfbid0nfDjDWdkJNGXVHu6KKHuAXSMJF3styW8Whhye9nonyYDCgtaQSFyFBc1oDFreQrhl&id=100055680764438", "post_id": 5795211310597587, "text": "Một phương pháp phân tích biến động phổ biến trong các phòng ban Sale/ Finance! #data #dulieu 👇\n\nA common method of variable analysis in departments sale / Finance! #data #place 👇\n\nPhuong Thao Analytics\n3 January at 21:00 ·\n\nMột phương pháp phân tích biến động phổ biến trong các phòng ban Sale/ Finance! #data #dulieu\n\nA common method of variable analysis in departments sale / Finance! #data #out of the place", "post_text": "Một phương pháp phân tích biến động phổ biến trong các phòng ban Sale/ Finance! #data #dulieu 👇\n\nA common method of variable analysis in departments sale / Finance! #data #place 👇", "shared_text": "Phuong Thao Analytics\n3 January at 21:00 ·\n\nMột phương pháp phân tích biến động phổ biến trong các phòng ban Sale/ Finance! #data #dulieu\n\nA common method of variable analysis in departments sale / Finance! #data #out of the place", "time": "2023-01-06 11:21:15", "timestamp": 1672978875, "likes": 2, "reaction_count": 2, "comments_full": ""},
{"original_request_url": "https://m.facebook.com/5795013187284066", "post_url": "https://m.facebook.com/5795013187284066", "post_id": 5795013187284066, "text": "GS Richard McElreath đang mở lớp giảng bài về cuốn sách của GS có tên\"Statistical Rethinking (2023 Edition)\" theo trường phái thống kê Bayesian trong 10 tuần. Các bạn có thể theo dõi tại đây https://github.com/rmcelreath/stat_rethinking_2023. Tại địa chỉ GitHub này, bài giảng ghi hình và upload 2 lần/tuần ==> Các bạn có thể nhấn nút \"Watch\" trên GitHub.\n\nGITHUB.COM\nGitHub - rmcelreath/stat_rethinking_2023: Statistical Rethinking Course for Jan-Mar 2023", "post_text": "GS Richard McElreath đang mở lớp giảng bài về cuốn sách của GS có tên\"Statistical Rethinking (2023 Edition)\" theo trường phái thống kê Bayesian trong 10 tuần. Các bạn có thể theo dõi tại đây https://github.com/rmcelreath/stat_rethinking_2023. Tại địa chỉ GitHub này, bài giảng ghi hình và upload 2 lần/tuần ==> Các bạn có thể nhấn nút \"Watch\" trên GitHub.", "shared_text": "GITHUB.COM\nGitHub - rmcelreath/stat_rethinking_2023: Statistical Rethinking Course for Jan-Mar 2023", "time": "2023-01-06 09:29:36", "timestamp": 1672972176, "likes": 85, "reaction_count": 85, "comments_full": ""},
{"original_request_url": "https://m.facebook.com/5791949360923782", "post_url": "https://m.facebook.com/5791949360923782", "post_id": 5791949360923782, "text": "YOUTUBE.COM\nFull lộ trình để trở thành 1 Data Scientist", "post_text": "", "shared_text": "YOUTUBE.COM\nFull lộ trình để trở thành 1 Data Scientist", "time": "2023-01-05 06:39:53", "timestamp": 1672875593, "likes": 174, "reaction_count": 174, "comments_full": ".\n"},
{"original_request_url": "https://m.facebook.com/5790028701115848", "post_url": "https://m.facebook.com/5790028701115848", "post_id": 5790028701115848, "text": "🔥MỘT SỐ BLOG VỀ DATA SCIENCE, MACHINE LEARNING VÀ DATA VISUALIZATION\nĐể nhận thêm các tài liệu hữu ích về Data Science và tìm hiểu lộ trình học tập chi tiết để trở thành 1 Data Scientist, mời bạn đăng ký tham gia sự kiện Breaking into Data Science tại đây: https://forms.gle/jCgrNQxCbDotscf68\nRevolutions\nNếu bạn là một “R advocate” chính hiệu, người ủng hộ sử dụng ngôn ngữ R, hoặc đam mê Python, học máy và trực quan hóa dữ liệu, thì Revolutions là dành cho bạn. Revolutions cung cấp tin tức cập nhật hàng ngày về việc sử dụng mã nguồn mở R phục vụ phân tích dữ liệu lớn, xây dựng mô hình dự đoán, hay các tác vụ khác liên quan đến khoa học dữ liệu và trực quan hóa dữ liệu. Ngoài ra, người dùng có thể tìm kiếm các hội nhóm về các chủ đề mà mình quan tâm, hoặc bắt đầu một nhóm mới để cùng trao đổi, thảo luận.\nDatafloq\nVới Datafloq, bạn có thể học về dữ liệu lớn, blockchain, AI và các xu hướng công nghệ đang nổi khác, cũng như tra cứu thông tin về ứng dụng công nghệ và khoa học dữ liệu trong doanh nghiệp. Bên cạnh cung cấp tri thức liên quan đến khoa học dữ liệu, Datafloq cũng là website lý tưởng giúp bạn tìm kiếm cơ hội việc làm và các sự kiện công nghệ.\nNo Free Hunch\nĐây là trang blog của Kaggle, nền tảng dành cho cộng đồng Khoa học dữ liệu quốc tế. Với Kaggle, người dùng có thể tìm kiếm các bộ dữ liệu quy mô lớn, được công bố và chia sẻ miễn phí, đồng thời, tham gia thi đấu để giải quyết các bài toán thực tiễn liên quan đến khoa học dữ liệu. Trang blog sẽ đi sâu vào từng cuộc thi được tổ chức trên Kaggle, phỏng vấn những người thắng cuộc để thảo luận phương pháp giải đề của họ. Bên cạnh đó, blog cũng cung cấp tin tức và hướng dẫn ở các cấp độ khác nhau từ dễ đến khó, để hỗ trợ những người đam mê và muốn phát triển trong lĩnh vực khoa học dữ liệu.\nTensorFlow Blog\nBlog chính thức của thư viện phần mềm mã nguồn mở dành cho máy học của Google được cập nhật thường xuyên với cách thực hiện dễ hiểu, các trường hợp sử dụng sáng tạo đặc trưng và giới thiệu về các gói mã nguồn mở mới. Tiêu điểm là các nghiên cứu điển hình đặc biệt nên thu hút nhiều độc giả quan tâm. Trong phần giới thiệu, với loạt bài gần đây tập trung vào gói TensorFlow Recommender, thu hút các nhà khoa học dữ liệu và kỹ sư máy học đang làm việc.\nBlog MultiThreaded của Stitch Fix\nStitch Fix là dự án kết hợp giữa khoa học và thời trang, nhắm tới đối tượng là những người phụ nữ bận rộn. Dịch vụ tạo kiểu cá nhân trực tuyến là một sự tiên phong trong lĩnh vực bán lẻ theo hướng dữ liệu. Blog MultiThreaded của Stitch Fix đã theo kịp nhịp đập của các ứng dụng khoa học dữ liệu trong thế giới thực một cách đáng tin cậy. Các bài đăng về cuộc tranh luận giữa chuyên gia, cấu trúc ETL (Extract – Transform – Load) và gần đây là các cuộc trò chuyện trong vòng kết nối dữ liệu. Và nhiều năm sau khi nó được xuất bản, Algorithms Tour của công ty vẫn là một trình giải thích hữu hiệu về cách Stitch Fix sử dụng hơn 145 các nhà khoa học dữ liệu của mình cho các hệ thống đề xuất, mô hình nhu cầu, phát triển phong cách và các khía cạnh kinh doanh khác.\nInstacart Machine Learning\nInstacart là một startup cung ứng đồ tạp hóa qua website và ứng dụng di động. Bộ dữ liệu ba triệu đơn đặt hàng của Instacart là tài nguyên hữu ích cho bất kỳ ai đi sâu vào phân tích mua sản phẩm. Vì vậy, có lẽ không có gì ngạc nhiên khi blog công nghệ của dịch vụ tạp hóa này đưa ra một số thông tin hướng dẫn trong lĩnh vực máy học và khoa học dữ liệu.\nLưu ý: bạn có thể phải dùng VPN để truy cập blog này từ Việt Nam tại địa chỉ https://tech.instacart.com/ . Có thể do chính sách của Medium nên truy cập bình thường có thể không được.\nSpotify R&D Engineering\nBạn sẽ không tìm thấy công thức cho nước sốt bí mật của hệ thống đề xuất (recommendation system)của Spotify, kết hợp giữa lọc dựa trên nội dung và cộng tác, những yếu tố quan trọng đối với sự thành công của ứng dụng phát trực tuyến, trên blog của công ty. Tuy nhiên, những giải thích sâu hơn về ngữ cảnh của nhiều frameworks khác nhau của Spotify, như Lexikon, để khám phá dữ liệu hay nền tảng mới, The Experimentation Platform, một giải pháp thay thế thân thiện với dữ liệu hơn so với thử nghiệm A / B truyền thống, là những thông tin đáng tin cậy. Bạn cũng có thể dõi blog thiết kế của Spotify, blog này có các bài đọc liên quan đến khoa học dữ liệu thú vị như bài “Thiết kế các công cụ khoa học dữ liệu tại Spotify“.\nCre: ViniF\n-\\-\\-\\-\\-\\-\\-\\-\\-\\-\\-\\-\\-\\-\\-\\-\\-\\-\\-\\-\\-\\-\\-\\-\\-\\-\\-\\-\\-\\-\\-\\-\\-\\-\\-\\-\\-\\-\\-\\-\\-\\-\\-\\-\\-\\-\\-\\-\\-\\-\\-\\-\\-\nBắt đầu sự nghiệp Data Science của bạn tại đây:\n📍 Sự kiện: MCI Career Path: Breaking Into Data Science\n📍 Link đăng ký: https://forms.gle/jCgrNQxCbDotscf68\n📍 Thời gian: Thứ 6, 19h30-21h00, ngày 06/01/2023\n📍 Hình thức: Online qua Zoom Meeting\nSee translation", "post_text": "🔥MỘT SỐ BLOG VỀ DATA SCIENCE, MACHINE LEARNING VÀ DATA VISUALIZATION\nĐể nhận thêm các tài liệu hữu ích về Data Science và tìm hiểu lộ trình học tập chi tiết để trở thành 1 Data Scientist, mời bạn đăng ký tham gia sự kiện Breaking into Data Science tại đây: https://forms.gle/jCgrNQxCbDotscf68\nRevolutions\nNếu bạn là một “R advocate” chính hiệu, người ủng hộ sử dụng ngôn ngữ R, hoặc đam mê Python, học máy và trực quan hóa dữ liệu, thì Revolutions là dành cho bạn. Revolutions cung cấp tin tức cập nhật hàng ngày về việc sử dụng mã nguồn mở R phục vụ phân tích dữ liệu lớn, xây dựng mô hình dự đoán, hay các tác vụ khác liên quan đến khoa học dữ liệu và trực quan hóa dữ liệu. Ngoài ra, người dùng có thể tìm kiếm các hội nhóm về các chủ đề mà mình quan tâm, hoặc bắt đầu một nhóm mới để cùng trao đổi, thảo luận.\nDatafloq\nVới Datafloq, bạn có thể học về dữ liệu lớn, blockchain, AI và các xu hướng công nghệ đang nổi khác, cũng như tra cứu thông tin về ứng dụng công nghệ và khoa học dữ liệu trong doanh nghiệp. Bên cạnh cung cấp tri thức liên quan đến khoa học dữ liệu, Datafloq cũng là website lý tưởng giúp bạn tìm kiếm cơ hội việc làm và các sự kiện công nghệ.\nNo Free Hunch\nĐây là trang blog của Kaggle, nền tảng dành cho cộng đồng Khoa học dữ liệu quốc tế. Với Kaggle, người dùng có thể tìm kiếm các bộ dữ liệu quy mô lớn, được công bố và chia sẻ miễn phí, đồng thời, tham gia thi đấu để giải quyết các bài toán thực tiễn liên quan đến khoa học dữ liệu. Trang blog sẽ đi sâu vào từng cuộc thi được tổ chức trên Kaggle, phỏng vấn những người thắng cuộc để thảo luận phương pháp giải đề của họ. Bên cạnh đó, blog cũng cung cấp tin tức và hướng dẫn ở các cấp độ khác nhau từ dễ đến khó, để hỗ trợ những người đam mê và muốn phát triển trong lĩnh vực khoa học dữ liệu.\nTensorFlow Blog\nBlog chính thức của thư viện phần mềm mã nguồn mở dành cho máy học của Google được cập nhật thường xuyên với cách thực hiện dễ hiểu, các trường hợp sử dụng sáng tạo đặc trưng và giới thiệu về các gói mã nguồn mở mới. Tiêu điểm là các nghiên cứu điển hình đặc biệt nên thu hút nhiều độc giả quan tâm. Trong phần giới thiệu, với loạt bài gần đây tập trung vào gói TensorFlow Recommender, thu hút các nhà khoa học dữ liệu và kỹ sư máy học đang làm việc.\nBlog MultiThreaded của Stitch Fix\nStitch Fix là dự án kết hợp giữa khoa học và thời trang, nhắm tới đối tượng là những người phụ nữ bận rộn. Dịch vụ tạo kiểu cá nhân trực tuyến là một sự tiên phong trong lĩnh vực bán lẻ theo hướng dữ liệu. Blog MultiThreaded của Stitch Fix đã theo kịp nhịp đập của các ứng dụng khoa học dữ liệu trong thế giới thực một cách đáng tin cậy. Các bài đăng về cuộc tranh luận giữa chuyên gia, cấu trúc ETL (Extract – Transform – Load) và gần đây là các cuộc trò chuyện trong vòng kết nối dữ liệu. Và nhiều năm sau khi nó được xuất bản, Algorithms Tour của công ty vẫn là một trình giải thích hữu hiệu về cách Stitch Fix sử dụng hơn 145 các nhà khoa học dữ liệu của mình cho các hệ thống đề xuất, mô hình nhu cầu, phát triển phong cách và các khía cạnh kinh doanh khác.\nInstacart Machine Learning\nInstacart là một startup cung ứng đồ tạp hóa qua website và ứng dụng di động. Bộ dữ liệu ba triệu đơn đặt hàng của Instacart là tài nguyên hữu ích cho bất kỳ ai đi sâu vào phân tích mua sản phẩm. Vì vậy, có lẽ không có gì ngạc nhiên khi blog công nghệ của dịch vụ tạp hóa này đưa ra một số thông tin hướng dẫn trong lĩnh vực máy học và khoa học dữ liệu.\nLưu ý: bạn có thể phải dùng VPN để truy cập blog này từ Việt Nam tại địa chỉ https://tech.instacart.com/ . Có thể do chính sách của Medium nên truy cập bình thường có thể không được.\nSpotify R&D Engineering\nBạn sẽ không tìm thấy công thức cho nước sốt bí mật của hệ thống đề xuất (recommendation system)của Spotify, kết hợp giữa lọc dựa trên nội dung và cộng tác, những yếu tố quan trọng đối với sự thành công của ứng dụng phát trực tuyến, trên blog của công ty. Tuy nhiên, những giải thích sâu hơn về ngữ cảnh của nhiều frameworks khác nhau của Spotify, như Lexikon, để khám phá dữ liệu hay nền tảng mới, The Experimentation Platform, một giải pháp thay thế thân thiện với dữ liệu hơn so với thử nghiệm A / B truyền thống, là những thông tin đáng tin cậy. Bạn cũng có thể dõi blog thiết kế của Spotify, blog này có các bài đọc liên quan đến khoa học dữ liệu thú vị như bài “Thiết kế các công cụ khoa học dữ liệu tại Spotify“.\nCre: ViniF\n-\\-\\-\\-\\-\\-\\-\\-\\-\\-\\-\\-\\-\\-\\-\\-\\-\\-\\-\\-\\-\\-\\-\\-\\-\\-\\-\\-\\-\\-\\-\\-\\-\\-\\-\\-\\-\\-\\-\\-\\-\\-\\-\\-\\-\\-\\-\\-\\-\\-\\-\\-\\-\nBắt đầu sự nghiệp Data Science của bạn tại đây:\n📍 Sự kiện: MCI Career Path: Breaking Into Data Science\n📍 Link đăng ký: https://forms.gle/jCgrNQxCbDotscf68\n📍 Thời gian: Thứ 6, 19h30-21h00, ngày 06/01/2023\n📍 Hình thức: Online qua Zoom Meeting\nSee translation", "time": "2023-01-04 13:59:09", "timestamp": 1672815549, "likes": 14, "reaction_count": 14, "comments_full": ""},
{"original_request_url": "https://m.facebook.com/5789983821120336", "post_url": "https://m.facebook.com/5789983821120336", "post_id": 5789983821120336, "text": "MEETUP.COM\nTECH Meetup - AI and Data Science edition!, Thu, Jan 5, 2023, 6:00 PM | Meetup", "post_text": "", "shared_text": "MEETUP.COM\nTECH Meetup - AI and Data Science edition!, Thu, Jan 5, 2023, 6:00 PM | Meetup", "time": "2023-01-04 13:31:10", "timestamp": 1672813870, "likes": 5, "reaction_count": 5, "comments_full": ""},
{"original_request_url": "https://m.facebook.com/5787021844749867", "post_url": "https://m.facebook.com/5787021844749867", "post_id": 5787021844749867, "text": "[Sharing] - Ebook Data Science for Beginners: 4 Books in 1\nPython Programming, Data Analysis, Machine Learning. A Complete Overview to Master The Art of Data Science From Scratch Using Python for Business\nMọi người nhận ebook tại group zalo: https://zalo.me/g/nrehnx039\nĐây là một ebook hoàn hảo chứa mọi thứ bạn cần biết để triển khai thành công các kỹ thuật Khoa học dữ liệu và thuật toán Máy học thông qua Python từ các hướng dẫn và bài tập cơ bản đến các kỹ thuật viết mã chuyên nghiệp.\nCác thông tin sơ lược về những gì bạn sẽ khám phá với ebook tổng hợp này:\nPython for beginners: Tìm hiểu tất cả các kiến thức cơ bản về lập trình Pythob\nCác kiến thức về kiểu dữ liệu, biến và cấu trúc\nCác công cụ lập trình thiết yếu: Khám phá những công cụ thiết yếu và tốt nhất mà bạn sẽ cần sử dụng khi lập trình với Python và cách sử dụng chúng..\nCác kiến thức về Phân tích dữ liệu: Các kiến thức tổng quan và chuyên sâu về Data Analytics\nKiến thức cơ bản về Khoa học dữ liệu: Tìm hiểu tầm quan trọng của Khoa học dữ liệu và mối tương quan của nó với lập trình và Học máy. Tìm hiểu các khái niệm đằng sau Khai thác dữ liệu, Học sâu và Dữ liệu lớn.\nHướng dẫn toàn diện về Mạng nơ-ron: Chúng là gì, cách chúng hoạt động và quan trọng nhất là cách tạo một mạng.\nKết hợp Python, Học máy và Khoa học dữ liệu: Hướng dẫn toàn diện để kết hợp Python, Học máy và Khoa học dữ liệu.\nKhông quan trọng bạn là người mới bắt đầu hay bạn chưa từng code trước đây. Ebook tổng hợp này sẽ dần dần đưa bạn vào thế giới của Khoa học dữ liệu.\nMọi người nhận ebook tại group zalo: https://zalo.me/g/nrehnx039\nSee translation", "post_text": "[Sharing] - Ebook Data Science for Beginners: 4 Books in 1\nPython Programming, Data Analysis, Machine Learning. A Complete Overview to Master The Art of Data Science From Scratch Using Python for Business\nMọi người nhận ebook tại group zalo: https://zalo.me/g/nrehnx039\nĐây là một ebook hoàn hảo chứa mọi thứ bạn cần biết để triển khai thành công các kỹ thuật Khoa học dữ liệu và thuật toán Máy học thông qua Python từ các hướng dẫn và bài tập cơ bản đến các kỹ thuật viết mã chuyên nghiệp.\nCác thông tin sơ lược về những gì bạn sẽ khám phá với ebook tổng hợp này:\nPython for beginners: Tìm hiểu tất cả các kiến thức cơ bản về lập trình Pythob\nCác kiến thức về kiểu dữ liệu, biến và cấu trúc\nCác công cụ lập trình thiết yếu: Khám phá những công cụ thiết yếu và tốt nhất mà bạn sẽ cần sử dụng khi lập trình với Python và cách sử dụng chúng..\nCác kiến thức về Phân tích dữ liệu: Các kiến thức tổng quan và chuyên sâu về Data Analytics\nKiến thức cơ bản về Khoa học dữ liệu: Tìm hiểu tầm quan trọng của Khoa học dữ liệu và mối tương quan của nó với lập trình và Học máy. Tìm hiểu các khái niệm đằng sau Khai thác dữ liệu, Học sâu và Dữ liệu lớn.\nHướng dẫn toàn diện về Mạng nơ-ron: Chúng là gì, cách chúng hoạt động và quan trọng nhất là cách tạo một mạng.\nKết hợp Python, Học máy và Khoa học dữ liệu: Hướng dẫn toàn diện để kết hợp Python, Học máy và Khoa học dữ liệu.\nKhông quan trọng bạn là người mới bắt đầu hay bạn chưa từng code trước đây. Ebook tổng hợp này sẽ dần dần đưa bạn vào thế giới của Khoa học dữ liệu.\nMọi người nhận ebook tại group zalo: https://zalo.me/g/nrehnx039\nSee translation", "time": "2023-01-03 10:24:38", "timestamp": 1672716278, "likes": 25, "reaction_count": 25, "comments_full": "Mọi người nhận ebook tại group zalo: https://\nzalo.me/g/\nnrehnx039\n.\n📌\n"},
{"original_request_url": "https://m.facebook.com/5788121617973223", "post_url": "https://m.facebook.com/5788121617973223", "post_id": 5788121617973223, "text": "[Khảo sát nhu cầu học Data và định hướng nghề Data với mức lương khởi điểm 8 chữ số/tháng]\n\n💝💝Chỉ cần 5 phút làm khảo sát -> Bỏ túi bộ 3 eBook cực kỳ hữu ích cho dân DATA\nChào mọi người, Mình là Ngọc Danh tốt nghiệp trường ĐH Kinh Tế TPHCM với background data và đã có 2 năm làm việc trong lĩnh vực Nghiên cứu thị trường và Phân tích dữ liệu. Hiện tại mình đang có 1 nghiên cứu nhỏ nhằm hiểu hơn phần nào nhu cầu và những khó khăn của bạn trong quá trình học và làm việc trong ngành data giống mình. Mọi thông tin của bạn sẽ được bảo mật và chỉ phục vụ cho mục đích nghiên cứu. Bạn giúp mình nhé!\nĐể cảm ơn các bạn tham gia, mình xin phép gửi một phần quà nhỏ đến bạn ở cuối bài khảo sát bao gồm:\n👉1. E-Book: Thinking in Algorithms - Albert Rutherford\nCuốn sách hướng dẫn làm thế nào kết hợp khả năng phân tích của máy tính và khả năng sáng tạo của con người để giải quyết vấn đề và ra quyết định tốt hơn.\n👉2. E-Book: A Beginner's Guide to Data & Analytics - Harvard Business School\nCuốn sách cung cấp đầy đủ những kiến thức nền tảng nhất về Data và cách tận dụng sức mạnh của data trong Doanh nghiệp.\n👉3. E-Book: Storytelling with Data - Cole Nussbaumer Knaflic\nKể chuyện thông qua dữ liệu - cuốn cẩm nang hướng dẫn tường tận dành cho những ai muốn truyền đạt thông tin đến người khác bằng dữ liệu. Trang bị cho bạn cách sử dụng các công cụ trực quan R/ Tableau một cách hiệu quả hơn.\nBonus: Playbook Data Fallacies to Avoid - Những sai sót liên quan đến dữ liệu bạn cần tránh\n\n❇Link Khảo Sát: https://forms.gle/h5WCA4SYaLZq3Sh1A", "post_text": "[Khảo sát nhu cầu học Data và định hướng nghề Data với mức lương khởi điểm 8 chữ số/tháng]\n\n💝💝Chỉ cần 5 phút làm khảo sát -> Bỏ túi bộ 3 eBook cực kỳ hữu ích cho dân DATA\nChào mọi người, Mình là Ngọc Danh tốt nghiệp trường ĐH Kinh Tế TPHCM với background data và đã có 2 năm làm việc trong lĩnh vực Nghiên cứu thị trường và Phân tích dữ liệu. Hiện tại mình đang có 1 nghiên cứu nhỏ nhằm hiểu hơn phần nào nhu cầu và những khó khăn của bạn trong quá trình học và làm việc trong ngành data giống mình. Mọi thông tin của bạn sẽ được bảo mật và chỉ phục vụ cho mục đích nghiên cứu. Bạn giúp mình nhé!\nĐể cảm ơn các bạn tham gia, mình xin phép gửi một phần quà nhỏ đến bạn ở cuối bài khảo sát bao gồm:\n👉1. E-Book: Thinking in Algorithms - Albert Rutherford\nCuốn sách hướng dẫn làm thế nào kết hợp khả năng phân tích của máy tính và khả năng sáng tạo của con người để giải quyết vấn đề và ra quyết định tốt hơn.\n👉2. E-Book: A Beginner's Guide to Data & Analytics - Harvard Business School\nCuốn sách cung cấp đầy đủ những kiến thức nền tảng nhất về Data và cách tận dụng sức mạnh của data trong Doanh nghiệp.\n👉3. E-Book: Storytelling with Data - Cole Nussbaumer Knaflic\nKể chuyện thông qua dữ liệu - cuốn cẩm nang hướng dẫn tường tận dành cho những ai muốn truyền đạt thông tin đến người khác bằng dữ liệu. Trang bị cho bạn cách sử dụng các công cụ trực quan R/ Tableau một cách hiệu quả hơn.\nBonus: Playbook Data Fallacies to Avoid - Những sai sót liên quan đến dữ liệu bạn cần tránh\n\n❇Link Khảo Sát: https://forms.gle/h5WCA4SYaLZq3Sh1A", "shared_text": "", "time": "2023-01-03 20:41:11", "timestamp": 1672753271, "likes": 4, "reaction_count": 4, "comments_full": ""},
{"original_request_url": "https://m.facebook.com/5788082261310492", "post_url": "https://facebook.com/story.php?story_fbid=pfbid0Dbi5w4zqzFdLTp47sKvBzz5bNrgje7zFc1pW19jomwnaRDwPEYv6VwRPqhVV9QTal&id=100046480307114", "post_id": 5788082261310492, "text": "Em xin phép mọi người ạ 🥹\n\nAIDE Institute\n3 January at 20:17 ·\n\nChào mọi người, chúc mừng năm mới! 🥳🥳🥳\n\nKhóa học \"SQL/noSQL Databases\" mở bát năm 2023 của AIDE sắp khai giảng vào ngày 07.01.2023, chúng mình sẽ dành 15 slots học thử miễn phí buổi đầu tiên cho các bạn đăng ký sớm nhất ở đây: https://forms.gle/gW9KceUBooAfvEtj7\n\nBuổi học thử này nhằm giúp các bạn được trải nghiệm khóa học thật sự với các kiến thức và kỹ năng sẽ được giảng dạy đầy đủ bởi giảng viên Huỳnh Thế Đăng - AI Manager tại @VNG và hai trợ giảng đắc lực đến từ @AISIA Lab và @SevenEleven siêu xịn 😍😍😍\n\nNếu còn đang phân vân về chất lượng khóa học, các bạn cứ nhanh tay đăng ký học thử rồi hãy quyết định nha!\n\nForm sẽ đóng vào 5 P.M, thứ Sáu, ngày 06.01.2023, bạn sẽ là một trong 15 bạn may mắn đó chứ?", "post_text": "Em xin phép mọi người ạ 🥹", "shared_text": "AIDE Institute\n3 January at 20:17 ·\n\nChào mọi người, chúc mừng năm mới! 🥳🥳🥳\n\nKhóa học \"SQL/noSQL Databases\" mở bát năm 2023 của AIDE sắp khai giảng vào ngày 07.01.2023, chúng mình sẽ dành 15 slots học thử miễn phí buổi đầu tiên cho các bạn đăng ký sớm nhất ở đây: https://forms.gle/gW9KceUBooAfvEtj7\n\nBuổi học thử này nhằm giúp các bạn được trải nghiệm khóa học thật sự với các kiến thức và kỹ năng sẽ được giảng dạy đầy đủ bởi giảng viên Huỳnh Thế Đăng - AI Manager tại @VNG và hai trợ giảng đắc lực đến từ @AISIA Lab và @SevenEleven siêu xịn 😍😍😍\n\nNếu còn đang phân vân về chất lượng khóa học, các bạn cứ nhanh tay đăng ký học thử rồi hãy quyết định nha!\n\nForm sẽ đóng vào 5 P.M, thứ Sáu, ngày 06.01.2023, bạn sẽ là một trong 15 bạn may mắn đó chứ?", "time": "2023-01-03 20:22:29", "timestamp": 1672752149, "likes": 5, "reaction_count": 5, "comments_full": ""},
{"original_request_url": "https://m.facebook.com/5787884571330261", "post_url": "https://m.facebook.com/5787884571330261", "post_id": 5787884571330261, "text": "[Python cơ bản] Tổng hợp Hướng dẫn lập trình cơ bản theo giáo trình Datacamp\n\nYOUTUBE.COM\n[Python cơ bản] Tổng hợp Hướng dẫn lập trình cơ bản theo giáo trình Datacamp - Full | Study Anywhere", "post_text": "[Python cơ bản] Tổng hợp Hướng dẫn lập trình cơ bản theo giáo trình Datacamp", "shared_text": "YOUTUBE.COM\n[Python cơ bản] Tổng hợp Hướng dẫn lập trình cơ bản theo giáo trình Datacamp - Full | Study Anywhere", "time": "2023-01-03 18:50:25", "timestamp": 1672746625, "likes": 3, "reaction_count": 3, "comments_full": ""},
{"original_request_url": "https://m.facebook.com/5776349445817107", "post_url": "https://m.facebook.com/5776349445817107", "post_id": 5776349445817107, "text": "Các kho lưu trữ GitHub giúp nâng tầm sự nghiệp Data Scientist của bạn\nĐăng ký tham gia sự kiện Breaking Into Data Science để nắm rõ lộ trình học tập và nhận tài liệu miễn phí tại đây: https://forms.gle/jCgrNQxCbDotscf68\nfreeCodeCamp\nLink: freeCodeCamp\nTài nguyên của trang web rất phổ biến và đặc biệt là hoàn toàn MIỄN PHÍ. Bạn cũng có thể đạt được chứng chỉ trong các khóa học sau:\nResponsive Web Design Certification\nJavaScript Algorithms and Data Structures Certification\nFront End Libraries Certification\nData Visualization Certification\nAPIs and Microservices Certification\nQuality Assurance Certification\nScientific Computing with Python Certification\nData Analysis with Python Certification\nInformation Security Certification\nMachine Learning with Python Certification\n2. Data Science For Beginners\nLink: Data Science For Beginners\nĐây là nguồn tài liệu cực ký hữu ích đối với Newbie. Nguồn này do Azure Cloud Advocates của Microsoft cung cấp chương trình giảng dạy 20 bài học kéo dài 10 tuần để giúp bạn tiếp cận với khoa học dữ liệu. Bạn sẽ được học lý thuyết song song với thực hành có có bài tập sau mỗi buổi học.\n3. The Open Source Data Science Masters\nLink: The Open Source Data Science Masters\nKho lưu trữ GitHub này cung cấp cho bạn chương trình giảng dạy cũng như các nguồn tài liệu. Phần lớn các tài nguyên là từ các trường đại học và các nhà khoa học dữ liệu.\nRất nhiều tài nguyên là miễn phí trừ khi bạn chọn mua những cuốn sách được đề xuất. Khi bạn học đến cuối chương trình, bạn nên chọn một dự án hoặc tập dữ liệu để củng cố những kiến thức đã học được.\n4. Free Data Science Books\nLink: Free Data Science Books\nCác cuốn sách sẽ ở mức độ nâng cao một chút so với người mới bắt đầu. Các chủ đề bao gồm Giới thiệu về Khoa học Dữ liệu, Xử lý Dữ liệu, Phân tích Dữ liệu, Ứng dụng Khoa học Dữ liệu, Trực quan hóa Dữ liệu, Chưa được phân loại và MOOCs về Khoa học Dữ liệu.\n5. Data Science Curriculum\nLink: Data Science Curriculum\nGiáo trình khoa học dữ liệu này do Open Source Society University sẽ cung cấp cho bạn danh sách các khóa học mà bạn cần để trở thành nhà khoa học dữ liệu. Dù không có nhiều tài liệu miễn phí nhưng trang web này lại cung cấp cho mọi người kế hoạch học tập giúp cuộc sống của bạn dễ dàng hơn nhiều.\n6. Awesome Data Science\nLink: Awesome Data Science\nGitHub về Khoa học dữ liệu tuyệt vời này đi qua tất cả các ngóc ngách của khoa học dữ liệu. Nó cung cấp cho bạn sách, bài viết trên blog, trang web và hơn thế nữa về mọi thứ bạn cần biết về khoa học dữ liệu. Họ cũng cung cấp cho bạn thêm thông tin về các khóa học miễn phí, chương trình chuyên sâu có thể khởi đầu sự nghiệp khoa học dữ liệu của bạn.\n7. Data Science All Cheat Sheet\nLink: Data Science All Cheat Sheet\nỞ đây có các cheat sheet như thống kê, Matlab, máy học, kho dữ liệu, học sâu, v.v.\n8. Best of ML with Python\nLink: Best of ML with Python\nKho lưu trữ Best of ML with Python GitHub này cung cấp cho bạn 910 dự án nguồn mở được nhóm thành 34 danh mục. Các dự án được xếp hạng theo điểm chất lượng dự án, vì vậy bạn có thể xem dự án nào phổ biến kèm mô tả.\n9. Data Science Interview Resources - Interview Questions\nLink: Data Science Interview Resources\nBản repo GitHub này xem xét cả hai và giúp bạn kiểm tra kiến thức của mình để chuẩn bị cho cuộc phỏng vấn. Họ cũng cung cấp cho bạn các mẹo để xây dựng sơ yếu lý lịch/CV của bạn, đây là một khía cạnh quan trọng để bạn có thể ghi điểm với nhà tuyển dụng.\n-\\-\\-\\-\\-\\-\\-\\-\\-\\-\\-\\-\\-\\-\\-\\-\\-\\-\\-\\-\\-\\-\\-\\-\\-\\-\\-\\-\\-\\-\\-\\-\\-\\-\\-\\-\\-\\-\\-\nBắt đầu sự nghiệp Data Science của bạn tại đây:\n📍 Sự kiện: MCI Career Path: Breaking Into Data Science\n📍 Link đăng ký: https://forms.gle/jCgrNQxCbDotscf68\n📍 Thời gian: Thứ 6, 19h30-21h00, ngày 06/01/2023\n📍 Hình thức: Online qua Zoom Meeting\nSee translation", "post_text": "Các kho lưu trữ GitHub giúp nâng tầm sự nghiệp Data Scientist của bạn\nĐăng ký tham gia sự kiện Breaking Into Data Science để nắm rõ lộ trình học tập và nhận tài liệu miễn phí tại đây: https://forms.gle/jCgrNQxCbDotscf68\nfreeCodeCamp\nLink: freeCodeCamp\nTài nguyên của trang web rất phổ biến và đặc biệt là hoàn toàn MIỄN PHÍ. Bạn cũng có thể đạt được chứng chỉ trong các khóa học sau:\nResponsive Web Design Certification\nJavaScript Algorithms and Data Structures Certification\nFront End Libraries Certification\nData Visualization Certification\nAPIs and Microservices Certification\nQuality Assurance Certification\nScientific Computing with Python Certification\nData Analysis with Python Certification\nInformation Security Certification\nMachine Learning with Python Certification\n2. Data Science For Beginners\nLink: Data Science For Beginners\nĐây là nguồn tài liệu cực ký hữu ích đối với Newbie. Nguồn này do Azure Cloud Advocates của Microsoft cung cấp chương trình giảng dạy 20 bài học kéo dài 10 tuần để giúp bạn tiếp cận với khoa học dữ liệu. Bạn sẽ được học lý thuyết song song với thực hành có có bài tập sau mỗi buổi học.\n3. The Open Source Data Science Masters\nLink: The Open Source Data Science Masters\nKho lưu trữ GitHub này cung cấp cho bạn chương trình giảng dạy cũng như các nguồn tài liệu. Phần lớn các tài nguyên là từ các trường đại học và các nhà khoa học dữ liệu.\nRất nhiều tài nguyên là miễn phí trừ khi bạn chọn mua những cuốn sách được đề xuất. Khi bạn học đến cuối chương trình, bạn nên chọn một dự án hoặc tập dữ liệu để củng cố những kiến thức đã học được.\n4. Free Data Science Books\nLink: Free Data Science Books\nCác cuốn sách sẽ ở mức độ nâng cao một chút so với người mới bắt đầu. Các chủ đề bao gồm Giới thiệu về Khoa học Dữ liệu, Xử lý Dữ liệu, Phân tích Dữ liệu, Ứng dụng Khoa học Dữ liệu, Trực quan hóa Dữ liệu, Chưa được phân loại và MOOCs về Khoa học Dữ liệu.\n5. Data Science Curriculum\nLink: Data Science Curriculum\nGiáo trình khoa học dữ liệu này do Open Source Society University sẽ cung cấp cho bạn danh sách các khóa học mà bạn cần để trở thành nhà khoa học dữ liệu. Dù không có nhiều tài liệu miễn phí nhưng trang web này lại cung cấp cho mọi người kế hoạch học tập giúp cuộc sống của bạn dễ dàng hơn nhiều.\n6. Awesome Data Science\nLink: Awesome Data Science\nGitHub về Khoa học dữ liệu tuyệt vời này đi qua tất cả các ngóc ngách của khoa học dữ liệu. Nó cung cấp cho bạn sách, bài viết trên blog, trang web và hơn thế nữa về mọi thứ bạn cần biết về khoa học dữ liệu. Họ cũng cung cấp cho bạn thêm thông tin về các khóa học miễn phí, chương trình chuyên sâu có thể khởi đầu sự nghiệp khoa học dữ liệu của bạn.\n7. Data Science All Cheat Sheet\nLink: Data Science All Cheat Sheet\nỞ đây có các cheat sheet như thống kê, Matlab, máy học, kho dữ liệu, học sâu, v.v.\n8. Best of ML with Python\nLink: Best of ML with Python\nKho lưu trữ Best of ML with Python GitHub này cung cấp cho bạn 910 dự án nguồn mở được nhóm thành 34 danh mục. Các dự án được xếp hạng theo điểm chất lượng dự án, vì vậy bạn có thể xem dự án nào phổ biến kèm mô tả.\n9. Data Science Interview Resources - Interview Questions\nLink: Data Science Interview Resources\nBản repo GitHub này xem xét cả hai và giúp bạn kiểm tra kiến thức của mình để chuẩn bị cho cuộc phỏng vấn. Họ cũng cung cấp cho bạn các mẹo để xây dựng sơ yếu lý lịch/CV của bạn, đây là một khía cạnh quan trọng để bạn có thể ghi điểm với nhà tuyển dụng.\n-\\-\\-\\-\\-\\-\\-\\-\\-\\-\\-\\-\\-\\-\\-\\-\\-\\-\\-\\-\\-\\-\\-\\-\\-\\-\\-\\-\\-\\-\\-\\-\\-\\-\\-\\-\\-\\-\\-\nBắt đầu sự nghiệp Data Science của bạn tại đây:\n📍 Sự kiện: MCI Career Path: Breaking Into Data Science\n📍 Link đăng ký: https://forms.gle/jCgrNQxCbDotscf68\n📍 Thời gian: Thứ 6, 19h30-21h00, ngày 06/01/2023\n📍 Hình thức: Online qua Zoom Meeting\nSee translation", "time": "2022-12-30 14:10:21", "timestamp": 1672384221, "likes": 240, "reaction_count": 240, "comments_full": ["Nguyễn Linh Vô đây\n", "Khi đăng ký tham gia sự kiện, không chỉ được cung cấp kiến thức về Data Science mà còn được tặng kèm khóa học qua video: Learn Python for Machine Learning & Data Science Masterclass\n", "Đến lúc r Hoàng Văn Quỳnh học ko A thì thôi:))))\n", "Bắt đầu sự nghiệp Data Science của bạn tại đây:\n📍 Sự kiện: MCI Career Path: Breaking Into Data Science\n📍 Link đăng ký bên trên trên bài viết\n📍 Thời gian: Thứ 6, 19h30-21h00, ngày 06/01/2023\n📍 Hình thức: Online qua Zoom Meeting\n", "Nội dung khóa học\nGiới thiệu về khóa học\nTùy chọn: Khóa học Python Crash\nTổng quan về lộ trình Machine Learning\nNumPy\nPandas\nMatplotlib\nHình ảnh hóa dữ liệu Seaborn\nBài tập phân tích và trực quan hóa dữ liệu dự án Capstone\nTổng quan về khái niệm học máy\nHồi quy tuyến tính\n", ".\n", ".\n", "..\n", ".\n", ".\n"]}]