[{"original_request_url": "https://m.facebook.com/494789182540554", "post_url": "https://m.facebook.com/494789182540554", "post_id": 494789182540554, "text": "🐬[Pegasi] - [IT Recruitment] - [HCM/HN]\n🌈Attractive salary\n💼Remote, Hybrid, or Onsite\nPlease feel free to contact me via FB or Skype for further information: live:.cid.151904df9cc63cc2\n☎️Phone/Zalo: 0847387508\n📬Email: hanh.nguyen@pegasi.com.vn", "post_text": "🐬[Pegasi] - [IT Recruitment] - [HCM/HN]\n🌈Attractive salary\n💼Remote, Hybrid, or Onsite\nPlease feel free to contact me via FB or Skype for further information: live:.cid.151904df9cc63cc2\n☎️Phone/Zalo: 0847387508\n📬Email: hanh.nguyen@pegasi.com.vn", "shared_text": "", "time": "2022-12-23 23:39:21", "timestamp": 1671813561, "likes": 2, "reaction_count": 2, "comments_full": "Em xin job data hà nội\nEm xin Job data hcm ạ\nBỉ Ngạn check ib giúp mình với ạ\n"},
{"original_request_url": "https://m.facebook.com/502583945094411", "post_url": "https://m.facebook.com/502583945094411", "post_id": 502583945094411, "text": "🐬[IT Recruitment] - [HCM/HN]\n🌈Attractive salary\n🎄 YOE: 3+\n💼Remote, Hybrid, or Onsite\n🥳Please feel free to contact me via FB or Skype for further information: live:.cid.151904df9cc63cc2\n☎️Phone/Zalo: 0847387508\n📬Email: nguyendoanmyhanh@gmail.com", "post_text": "🐬[IT Recruitment] - [HCM/HN]\n🌈Attractive salary\n🎄 YOE: 3+\n💼Remote, Hybrid, or Onsite\n🥳Please feel free to contact me via FB or Skype for further information: live:.cid.151904df9cc63cc2\n☎️Phone/Zalo: 0847387508\n📬Email: nguyendoanmyhanh@gmail.com", "shared_text": "", "time": "2023-01-05 09:47:03", "timestamp": 1672886823, "likes": 0, "reaction_count": 0, "comments_full": ""},
{"original_request_url": "https://m.facebook.com/502832861736186", "post_url": "https://m.facebook.com/502832861736186", "post_id": 502832861736186, "text": "[Hồ Chí Minh]Scale cần tuyển Senior Big Data Engineer .Lương 2,800 - 6,000$.EXP 5/6+ Database Engineer", "post_text": "[Hồ Chí Minh]Scale cần tuyển Senior Big Data Engineer .Lương 2,800 - 6,000$.EXP 5/6+ Database Engineer", "shared_text": "", "time": "2023-01-05 18:59:58", "timestamp": 1672919998, "likes": 0, "reaction_count": 0, "comments_full": ""},
{"original_request_url": "https://m.facebook.com/503193678366771", "post_url": "https://m.facebook.com/503193678366771", "post_id": 503193678366771, "text": "[HN] Cty product tuyển #Data Engineer từ 3 năm kn🌟Làm On-premises🌟Offer upto 2000$ net🌟13-15 tháng lương", "post_text": "[HN] Cty product tuyển #Data Engineer từ 3 năm kn🌟Làm On-premises🌟Offer upto 2000$ net🌟13-15 tháng lương", "shared_text": "", "time": "2023-01-06 08:57:55", "timestamp": 1672970275, "likes": 0, "reaction_count": 0, "comments_full": ""},
{"original_request_url": "https://m.facebook.com/502920875060718", "post_url": "https://m.facebook.com/502920875060718", "post_id": 502920875060718, "text": "[Hoàn Kiếm-HN] KIOTVIET TÌM KIẾM MANUAL TEST DATA\nDự án Product Discovery được thiết kế như 1 sản phẩm nằm trong phòng Dữ liệu với sứ mệnh khai thác khám phá, chuẩn hóa tất cả các dữ liệu gồm hàng trăm triệu sản phẩm trong hệ sinh thái của Citigo.\nYêu cầu:\nTừ 1 năm kinh nghiệm\nSử dụng thành thạo SQL và tool Power BI (hoặc Tableau)\nHiểu biết Test API\nQuyền lợi & Sách chính:\nMức lương: 15-20M\nThưởng hiệu quả công việc (lên đến 2 tháng lương)\nCơ hội thăng tiến rõ ràng.\nLàm việc từ Thứ 2 – Thứ 6, ca làm việc linh hoạt: 8h30-18h hoặc 9h-18h30\nĐịa điểm làm việc: 1A, Yết Kiêu, Hoàn Kiếm, Hà Nội.\nVui lòng gửi CV về mail: linh.vn1@kiotviet.com hoặc IB trực tiếp\nSee translation", "post_text": "[Hoàn Kiếm-HN] KIOTVIET TÌM KIẾM MANUAL TEST DATA\nDự án Product Discovery được thiết kế như 1 sản phẩm nằm trong phòng Dữ liệu với sứ mệnh khai thác khám phá, chuẩn hóa tất cả các dữ liệu gồm hàng trăm triệu sản phẩm trong hệ sinh thái của Citigo.\nYêu cầu:\nTừ 1 năm kinh nghiệm\nSử dụng thành thạo SQL và tool Power BI (hoặc Tableau)\nHiểu biết Test API\nQuyền lợi & Sách chính:\nMức lương: 15-20M\nThưởng hiệu quả công việc (lên đến 2 tháng lương)\nCơ hội thăng tiến rõ ràng.\nLàm việc từ Thứ 2 – Thứ 6, ca làm việc linh hoạt: 8h30-18h hoặc 9h-18h30\nĐịa điểm làm việc: 1A, Yết Kiêu, Hoàn Kiếm, Hà Nội.\nVui lòng gửi CV về mail: linh.vn1@kiotviet.com hoặc IB trực tiếp\nSee translation", "time": "2023-01-05 21:45:58", "timestamp": 1672929958, "likes": 4, "reaction_count": 4, "comments_full": "Inbox nhận JD\nPhỏng vấn trước tết onboard sau tết\nKhóa học Data Analyst đào tạo từ con số 0, có phí, có dự án cuối khóa và cam kết hỗ trợ giới thiệu việc làm.\nQuan tâm ib mình tư vấn ạ!\n"},
{"original_request_url": "https://m.facebook.com/502910521728420", "post_url": "https://m.facebook.com/502910521728420", "post_id": 502910521728420, "text": "[Hoàn Kiếm-HN] KiotViet tuyển dụng Data Analyst từ 2 năm kn offer 15-35M, pv trước tết ob sau tết. Mail: linh.vn1@kiotviet.com", "post_text": "[Hoàn Kiếm-HN] KiotViet tuyển dụng Data Analyst từ 2 năm kn offer 15-35M, pv trước tết ob sau tết. Mail: linh.vn1@kiotviet.com", "shared_text": "", "time": "2023-01-05 21:34:11", "timestamp": 1672929251, "likes": 3, "reaction_count": 3, "comments_full": "Inbox nhận JD\nKhóa học Data Analyst đào tạo từ con số 0, có phí, có dự án cuối khóa và cam kết hỗ trợ giới thiệu việc làm.\nQuan tâm ib mình tư vấn ạ!\n"},
{"original_request_url": "https://m.facebook.com/505974064755399", "post_url": "https://m.facebook.com/505974064755399", "post_id": 505974064755399, "text": "QUY ĐỊNH ĐĂNG BÀI:\n\n- Mỗi ngày chỉ đăng 1 bài\n- Nội dung chỉ được liên quan đến mảng dữ liệu\n- Không spam, không đăng các job partime, nhập liệu...\n\nCác trường hợp vi phạm sẽ bị ban 7 ngày và gỡ các bài đã đăng. Thanks", "post_text": "QUY ĐỊNH ĐĂNG BÀI:\n\n- Mỗi ngày chỉ đăng 1 bài\n- Nội dung chỉ được liên quan đến mảng dữ liệu\n- Không spam, không đăng các job partime, nhập liệu...\n\nCác trường hợp vi phạm sẽ bị ban 7 ngày và gỡ các bài đã đăng. Thanks", "shared_text": "", "time": "2023-01-11 11:25:30", "timestamp": 1673411130, "likes": 13, "reaction_count": 13, "comments_full": ""},
{"original_request_url": "https://m.facebook.com/502790861740386", "post_url": "https://m.facebook.com/502790861740386", "post_id": 502790861740386, "text": "JOB DATA ENGINEER- HCM KHÔNG YÊU CẦU TIẾNG ANH, CÙNG NHỮNG BENEFITS HẤP DẪN:\n- Công ty đóng bảo hiểm full lương, bảo hiểm Generali cho nhân viên. Luôn có một đội ngũ chăm sóc tận tình sức khoẻ thể chất lẫn tinh thần nhân viên\n- Thử việc 100% lương luôn đấy anh chị ơi.\n- Con đường sự nghiệp phát triển hấp dẫn (Quarter Promotion Program)\n- Thời gian làm việc thỏa mái, không chấm công, Work From Home khi có nhu cầu nè.\n- Tất nhiên văn phòng công ty vẫn luôn đẹp sang xịn mịn để sẵn sàng đón chào nhân viên với pantry, khu vui chơi giải trí trong khu vực làm việc.\n- Môi trường làm việc đề cao bản sắc, giá trị mỗi cá nhân; luôn được tôn trọng và ghi nhận những ý kiến hay những giá trị đóng góp vào tổ chức\n- À ngoài ăn đồ pantry thoả thích thì còn được unbox MacBook Pro.\n🥳 Nghe đến đây các bạn cũng hiểu sương sương về độ chill khi làm việc bên mình rồi còn độ chơi thì khỏi phải bàn.\nMuốn chơi gì cứ đề xuất ạ, trong công ty có màn hình siêu to khổng lồ đá pes thả ga, ngoài công ty thì Company trip, team building, bonding các thứ ngập tràn quanh năm 🥳\nKhông biết với mọi người tiêu chuẩn như nào nhưng với em thì 7 cái gạch đầu dòng ở trên cộng với lương cạnh tranh so với thị trường thì đủ làm em tủm tỉm làm việc trong hạnh phúc mỗi ngày rồi.\n👉 Không tin mọi người cứ tham khảo cv thử: Mid/ Senior Data Engineer (ghn.vn)\nNhiều job hay hay nhưng hay nhất vẫn là muốn ứng viên Data Engineer 3 năm kinh nghiệm thôi ạ.\nCon đường hạnh phúc ngắn nhất là gửi 1 chiếc CV về mail em: thanhvt@ghn.vn 🥰\nSee translation", "post_text": "JOB DATA ENGINEER- HCM KHÔNG YÊU CẦU TIẾNG ANH, CÙNG NHỮNG BENEFITS HẤP DẪN:\n- Công ty đóng bảo hiểm full lương, bảo hiểm Generali cho nhân viên. Luôn có một đội ngũ chăm sóc tận tình sức khoẻ thể chất lẫn tinh thần nhân viên\n- Thử việc 100% lương luôn đấy anh chị ơi.\n- Con đường sự nghiệp phát triển hấp dẫn (Quarter Promotion Program)\n- Thời gian làm việc thỏa mái, không chấm công, Work From Home khi có nhu cầu nè.\n- Tất nhiên văn phòng công ty vẫn luôn đẹp sang xịn mịn để sẵn sàng đón chào nhân viên với pantry, khu vui chơi giải trí trong khu vực làm việc.\n- Môi trường làm việc đề cao bản sắc, giá trị mỗi cá nhân; luôn được tôn trọng và ghi nhận những ý kiến hay những giá trị đóng góp vào tổ chức\n- À ngoài ăn đồ pantry thoả thích thì còn được unbox MacBook Pro.\n🥳 Nghe đến đây các bạn cũng hiểu sương sương về độ chill khi làm việc bên mình rồi còn độ chơi thì khỏi phải bàn.\nMuốn chơi gì cứ đề xuất ạ, trong công ty có màn hình siêu to khổng lồ đá pes thả ga, ngoài công ty thì Company trip, team building, bonding các thứ ngập tràn quanh năm 🥳\nKhông biết với mọi người tiêu chuẩn như nào nhưng với em thì 7 cái gạch đầu dòng ở trên cộng với lương cạnh tranh so với thị trường thì đủ làm em tủm tỉm làm việc trong hạnh phúc mỗi ngày rồi.\n👉 Không tin mọi người cứ tham khảo cv thử: Mid/ Senior Data Engineer (ghn.vn)\nNhiều job hay hay nhưng hay nhất vẫn là muốn ứng viên Data Engineer 3 năm kinh nghiệm thôi ạ.\nCon đường hạnh phúc ngắn nhất là gửi 1 chiếc CV về mail em: thanhvt@ghn.vn 🥰\nSee translation", "time": "2023-01-05 17:09:22", "timestamp": 1672913362, "likes": 0, "reaction_count": 0, "comments_full": ""},
{"original_request_url": "https://m.facebook.com/502625251756947", "post_url": "https://m.facebook.com/502625251756947", "post_id": 502625251756947, "text": "[HCM] Aventra Group mở ra cơ hội việc làm dành cho các Data Engineer / Data Senior Engineer / Team Lead cùng mức offer hấp dẫn, nhanh tay apply ngay kẻo lỡ!\nTiêu chí cần có:\n⚡️Có từ 8 năm KN làm việc với một hoặc nhiều ngôn ngữ: SQL, Python, Scala và R.\n⚡️Có kinh nghiệm làm việc với cơ sở dữ liệu như SQL Server, Oracle và MySQL.\nChế độ đãi ngộ hấp dẫn:\n🔓Lương thỏa thuận cạnh tranh theo từng cấp độ + thưởng theo kết quả kinh doanh.\n🔓Cung cấp laptop, màn hình.\n🔓Cơ hội làm việc trong môi trường quốc tế như: Singapore, Malaysia, Ấn Độ, UAE,...\n🔓Bảo hiểm chăm sóc sức khỏe cao cấp.\n🔓Cơ hội tuyệt vời để nâng cao chuyên môn/kỹ năng và khả năng giao tiếp tiếng Anh của bạn thông qua tiếp xúc quốc tế.\n🔓Thời gian làm việc: Thứ Hai - Thứ Sáu.\nCó thắc mắc cần được giải đáp, đừng ngần ngại comment bên dưới hoặc inbox cho mình biết nhé!\nLink JD & Apply nhanh: https://topdev.vn/s/ueSnsZXL\nGửi CV về: career@topdev.vn\nVới tiêu đề: Aventra Group - Data Engineer / Data Senior Engineer / Team Lead\nSee translation", "post_text": "[HCM] Aventra Group mở ra cơ hội việc làm dành cho các Data Engineer / Data Senior Engineer / Team Lead cùng mức offer hấp dẫn, nhanh tay apply ngay kẻo lỡ!\nTiêu chí cần có:\n⚡️Có từ 8 năm KN làm việc với một hoặc nhiều ngôn ngữ: SQL, Python, Scala và R.\n⚡️Có kinh nghiệm làm việc với cơ sở dữ liệu như SQL Server, Oracle và MySQL.\nChế độ đãi ngộ hấp dẫn:\n🔓Lương thỏa thuận cạnh tranh theo từng cấp độ + thưởng theo kết quả kinh doanh.\n🔓Cung cấp laptop, màn hình.\n🔓Cơ hội làm việc trong môi trường quốc tế như: Singapore, Malaysia, Ấn Độ, UAE,...\n🔓Bảo hiểm chăm sóc sức khỏe cao cấp.\n🔓Cơ hội tuyệt vời để nâng cao chuyên môn/kỹ năng và khả năng giao tiếp tiếng Anh của bạn thông qua tiếp xúc quốc tế.\n🔓Thời gian làm việc: Thứ Hai - Thứ Sáu.\nCó thắc mắc cần được giải đáp, đừng ngần ngại comment bên dưới hoặc inbox cho mình biết nhé!\nLink JD & Apply nhanh: https://topdev.vn/s/ueSnsZXL\nGửi CV về: career@topdev.vn\nVới tiêu đề: Aventra Group - Data Engineer / Data Senior Engineer / Team Lead\nSee translation", "time": "2023-01-05 11:33:42", "timestamp": 1672893222, "likes": 1, "reaction_count": 1, "comments_full": "Link JD & Apply nhanh: https://\ntopdev.vn/s/\nueSnsZXL\n"},
{"original_request_url": "https://m.facebook.com/503258948360244", "post_url": "https://m.facebook.com/503258948360244", "post_id": 503258948360244, "text": "🔥🔥[Hồ Chí Minh] Việc làm ngon dành riêng cho ứng viên xịn tại Ngân hàng TMCP Sài Gòn (SCB) khi ứng tuyển vị trí Data Administrator, cơ hội bứt phá sự nghiệp trong tầm tay nè HCM-ers ơi.\nXem JD chi tiết tại link sau: https://topdev.vn/s/h75GA8z0\n🎁Tiêu chí cần có:\nCó 2 năm KN ở vị trí tương đương.\nCó kiến thức về Oracle Database, SQL Server, My SQL,...\n🎁Phúc lợi được hưởng:\nMức thu nhập hấp dẫn tương xứng với năng lực + thưởng hiệu suất (không giới hạn).\nThưởng lương tháng 13, thưởng sinh nhật, lễ, Tết định kỳ.\nĐãi ngộ hấp dẫn từ chế độ BHYT, BHXH, BHTN theo quy định Nhà nước.\nCó cơ hội tham gia các chương trình đào tạo toàn diện với lộ trình thăng tiến thu hút và rõ ràng.\nĐược hưởng các ưu đãi dịch vụ Ngân hàng dành riêng cho nhân viên.\nLàm việc từ Thứ Hai đến sáng Thứ Bảy hàng tuần.\nGửi CV về: career@topdev.vn\nVới tiêu đề: SCB - Data Admin\nCó thắc mắc cần được giải đáp, các mem đừng ngần ngại comment bên dưới cho mình biết nhé!!\nSee translation", "post_text": "🔥🔥[Hồ Chí Minh] Việc làm ngon dành riêng cho ứng viên xịn tại Ngân hàng TMCP Sài Gòn (SCB) khi ứng tuyển vị trí Data Administrator, cơ hội bứt phá sự nghiệp trong tầm tay nè HCM-ers ơi.\nXem JD chi tiết tại link sau: https://topdev.vn/s/h75GA8z0\n🎁Tiêu chí cần có:\nCó 2 năm KN ở vị trí tương đương.\nCó kiến thức về Oracle Database, SQL Server, My SQL,...\n🎁Phúc lợi được hưởng:\nMức thu nhập hấp dẫn tương xứng với năng lực + thưởng hiệu suất (không giới hạn).\nThưởng lương tháng 13, thưởng sinh nhật, lễ, Tết định kỳ.\nĐãi ngộ hấp dẫn từ chế độ BHYT, BHXH, BHTN theo quy định Nhà nước.\nCó cơ hội tham gia các chương trình đào tạo toàn diện với lộ trình thăng tiến thu hút và rõ ràng.\nĐược hưởng các ưu đãi dịch vụ Ngân hàng dành riêng cho nhân viên.\nLàm việc từ Thứ Hai đến sáng Thứ Bảy hàng tuần.\nGửi CV về: career@topdev.vn\nVới tiêu đề: SCB - Data Admin\nCó thắc mắc cần được giải đáp, các mem đừng ngần ngại comment bên dưới cho mình biết nhé!!\nSee translation", "time": "2023-01-06 12:01:29", "timestamp": 1672981289, "likes": 1, "reaction_count": 1, "comments_full": "🥸 SCB tuyển dụng vị trí Data Administrator với OFFER và nhiều đãi ngộ HOT, chi tiết tại link https://\ntopdev.vn/s/\nh75GA8z0\n🥸 SCB tuyển dụng vị trí Data Administrator với OFFER và nhiều đãi ngộ HOT, chi tiết tại link https://\ntopdev.vn/s/\nh75GA8z0\n"},
{"original_request_url": "https://m.facebook.com/503340258352113", "post_url": "https://m.facebook.com/503340258352113", "post_id": 503340258352113, "text": "[HCM-Hybrid] HCL cần tuyển Big Data – Hadoop Engineer. KN từ 3 năm.Lương up 3500$", "post_text": "[HCM-Hybrid] HCL cần tuyển Big Data – Hadoop Engineer. KN từ 3 năm.Lương up 3500$", "shared_text": "", "time": "2023-01-06 16:04:01", "timestamp": 1672995841, "likes": 0, "reaction_count": 0, "comments_full": ""},
{"original_request_url": "https://m.facebook.com/502081668477972", "post_url": "https://m.facebook.com/502081668477972", "post_id": 502081668477972, "text": "Chào mọi người, The Datafi Vietnam đang tìm đồng đội R&D về cày cuốc phân tích on-chain crypto tại Landmark 81, chuẩn bị chiến cho năm 2023. Anh em nào hứng thú thì vào đọc JD trên web và apply nhé 😄\n\nhttps://thedatafi.com/blog/datafi-tim-dong-doi-vao-team-r-and-d\n\nCảm ơn mọi người rất nhiều. 😊", "post_text": "Chào mọi người, The Datafi Vietnam đang tìm đồng đội R&D về cày cuốc phân tích on-chain crypto tại Landmark 81, chuẩn bị chiến cho năm 2023. Anh em nào hứng thú thì vào đọc JD trên web và apply nhé 😄\n\nhttps://thedatafi.com/blog/datafi-tim-dong-doi-vao-team-r-and-d\n\nCảm ơn mọi người rất nhiều. 😊", "shared_text": "", "time": "2023-01-04 11:37:06", "timestamp": 1672807026, "likes": 1, "reaction_count": 1, "comments_full": "Em nổi k\n"},
{"original_request_url": "https://m.facebook.com/501692775183528", "post_url": "https://m.facebook.com/501692775183528", "post_id": 501692775183528, "text": "[Hoàn Kiếm-HN] CITIGO-KIOTVIET TÌM KIẾM TEST DATA\nDự án Product Discovery được thiết kế như 1 sản phẩm nằm trong phòng Dữ liệu với sứ mệnh khai thác khám phá, chuẩn hóa tất cả các dữ liệu gồm hàng trăm triệu sản phẩm trong hệ sinh thái của Citigo.\nYêu cầu:\nTừ 1 năm kinh nghiệm\nSử dụng thành thạo SQL và tool Power BI (hoặc Tableau)\nHiểu biết Test API\nQuyền lợi & Sách chính:\nMức lương: 15-20M\nThưởng hiệu quả công việc (lên đến 2 tháng lương)\nCơ hội thăng tiến rõ ràng.\nLàm việc từ Thứ 2 – Thứ 6, ca làm việc linh hoạt: 8h30-18h hoặc 9h-18h30\nĐịa điểm làm việc: 1A, Yết Kiêu, Hoàn Kiếm, Hà Nội.\nVui lòng gửi CV về mail: linh.vn1@kiotviet.com hoặc IB trực tiếp\nSee translation", "post_text": "[Hoàn Kiếm-HN] CITIGO-KIOTVIET TÌM KIẾM TEST DATA\nDự án Product Discovery được thiết kế như 1 sản phẩm nằm trong phòng Dữ liệu với sứ mệnh khai thác khám phá, chuẩn hóa tất cả các dữ liệu gồm hàng trăm triệu sản phẩm trong hệ sinh thái của Citigo.\nYêu cầu:\nTừ 1 năm kinh nghiệm\nSử dụng thành thạo SQL và tool Power BI (hoặc Tableau)\nHiểu biết Test API\nQuyền lợi & Sách chính:\nMức lương: 15-20M\nThưởng hiệu quả công việc (lên đến 2 tháng lương)\nCơ hội thăng tiến rõ ràng.\nLàm việc từ Thứ 2 – Thứ 6, ca làm việc linh hoạt: 8h30-18h hoặc 9h-18h30\nĐịa điểm làm việc: 1A, Yết Kiêu, Hoàn Kiếm, Hà Nội.\nVui lòng gửi CV về mail: linh.vn1@kiotviet.com hoặc IB trực tiếp\nSee translation", "time": "2023-01-03 21:13:12", "timestamp": 1672755192, "likes": 3, "reaction_count": 3, "comments_full": "Phỏng vấn trước tết ob sau tết\ncho xin bài test bên mình với\n.\n"},
{"original_request_url": "https://m.facebook.com/503183495034456", "post_url": "https://m.facebook.com/503183495034456", "post_id": 503183495034456, "text": "[REMOTE 100%]\nCông ty thời trang cần tuyển vị trí QA/QC\n- nhập số lượng đơn kho\n- kiểm kê hàng hoá\n\nkhông yêu cầu kinh nghiệm\n\nHoạt bát, năng động, cởi mở, vui vẻ thân thiện là lợi thế lớn.\n\nLương :10-12tr\nQuyền lợi:\n- Thời gian làm việc từ 9h - 17h (Thứ 2 - thứ 6)\n- Lương thưởng rõ ràng theo năng lực\n- Được hưởng các chế độ theo quy định của nhà nước. Yêu cầu : từ 23 tủi ạ\nCác bạn quan tâm IB nhận JD nhé\nThanks cả nhà! 🥰", "post_text": "[REMOTE 100%]\nCông ty thời trang cần tuyển vị trí QA/QC\n- nhập số lượng đơn kho\n- kiểm kê hàng hoá\n\nkhông yêu cầu kinh nghiệm\n\nHoạt bát, năng động, cởi mở, vui vẻ thân thiện là lợi thế lớn.\n\nLương :10-12tr\nQuyền lợi:\n- Thời gian làm việc từ 9h - 17h (Thứ 2 - thứ 6)\n- Lương thưởng rõ ràng theo năng lực\n- Được hưởng các chế độ theo quy định của nhà nước. Yêu cầu : từ 23 tủi ạ\nCác bạn quan tâm IB nhận JD nhé\nThanks cả nhà! 🥰", "shared_text": "", "time": "2023-01-06 08:29:03", "timestamp": 1672968543, "likes": 7, "reaction_count": 7, "comments_full": "Ib\nQuan tâm ib cho mình nhé\nIb\nCho mình xin jd\nNguyễn Tuấn Hùng b ib cho mình nhé\nMình xin jd\nLe Hong Hoa b ib cho mình nhé\nCho mình xin JD ạ\nThiều Thúy Huệ b ib cho mình nhé\nNguyễn Thị Hạnh bạn check inb nha\nMình xin jd ạ\nTrần Đức Hải b ib cho mình nhé\ncho mình xin jd ạ\nTram Katherine b ib cho mình nhé\nlàm onl thì cho em làm với\nDương Mịch b ib cho mình nhé\n"},
{"original_request_url": "https://m.facebook.com/502784311741041", "post_url": "https://m.facebook.com/502784311741041", "post_id": 502784311741041, "text": "[Xin phép Admin cho em/mình chia sẻ cơ hội việc làm đến với mọi người]\n🧐🧐🧐Hiện em/mình đang tìm kiếm ứng viên cho vị trí Data Analyst làm việc tại Quận 2 với 1 số yêu cầu nho nhỏ như sau:\n🍀Có khoảng 3 năm kinh nghiệm tại vị trí tương đương\n🍀Kỹ năng sử dụng các công cụ phân tích dữ liệu\n🍀 Thành thạo MS Excel & PowerPoint\n🍀 Tiếng Anh tốt\n-\\-\\-\\-\\-\\-\\-\\-\\-\\-\\-\\-\\-\\-\\-\\-\\-\\-\\-\\-\\-\\-\\-\\-\\-\\-\\-\\-\\\nĐĂNG KÝ ỨNG TUYỂN:\n📨Gửi CV về email: hieu.cao@manpower.com.vn\nLiên hệ em/mình để nhận JD chi tiết hoặc có thắc mắc về vị trí này ạ📲📲📲\nSee translation", "post_text": "[Xin phép Admin cho em/mình chia sẻ cơ hội việc làm đến với mọi người]\n🧐🧐🧐Hiện em/mình đang tìm kiếm ứng viên cho vị trí Data Analyst làm việc tại Quận 2 với 1 số yêu cầu nho nhỏ như sau:\n🍀Có khoảng 3 năm kinh nghiệm tại vị trí tương đương\n🍀Kỹ năng sử dụng các công cụ phân tích dữ liệu\n🍀 Thành thạo MS Excel & PowerPoint\n🍀 Tiếng Anh tốt\n-\\-\\-\\-\\-\\-\\-\\-\\-\\-\\-\\-\\-\\-\\-\\-\\-\\-\\-\\-\\-\\-\\-\\-\\-\\-\\-\\-\\\nĐĂNG KÝ ỨNG TUYỂN:\n📨Gửi CV về email: hieu.cao@manpower.com.vn\nLiên hệ em/mình để nhận JD chi tiết hoặc có thắc mắc về vị trí này ạ📲📲📲\nSee translation", "time": "2023-01-05 16:50:00", "timestamp": 1672912200, "likes": 1, "reaction_count": 1, "comments_full": ""},
{"original_request_url": "https://m.facebook.com/502131698472969", "post_url": "https://m.facebook.com/502131698472969", "post_id": 502131698472969, "text": "FSOFT ĐN cần 1 Data Engineer + ENG ổn cho dự án dầu khí, offer upto 2000 và cùng các chính sách hỗ trợ vay vốn", "post_text": "FSOFT ĐN cần 1 Data Engineer + ENG ổn cho dự án dầu khí, offer upto 2000 và cùng các chính sách hỗ trợ vay vốn", "shared_text": "", "time": "2023-01-04 14:06:07", "timestamp": 1672815967, "likes": 4, "reaction_count": 4, "comments_full": ""},
{"original_request_url": "https://m.facebook.com/493759845976821", "post_url": "https://m.facebook.com/493759845976821", "post_id": 493759845976821, "text": "Bạn là người thích làm việc với con số và dữ liệu?\nBạn là người thích khám phá mảng game?\nVậy thì đừng bỏ lỡ post này nhé!!\n[HN] Gamota - Một trong những nhà phát hành game hàng đầu tại Việt Nam chiêu mộ 1 bạn Business Intelligence\n📍Vị trí BI sẽ phù hợp với các bạn:\nCó tư duy phân tích và xử số liệu, lập báo cáo\nCó khả năng xử lý vấn đề nhạy bén\nCó đam mê và hiểu biết về Game là lợi thế lớn\nHam học hỏi và có thái độ cầu tiến trong công việc\n📍 Cùng với các quyền lợi có 1-0-2 tại Appota:\nMức lương cạnh tranh, tương xứng với kinh nghiệm; Review tăng lương 6 tháng/lần\nThưởng các ngày lễ tết, thưởng dự án, thưởng KPI, thưởng quý,...\nMôi trường làm việc siêu trẻ trung, năng động, nhiệt huyết. Nơi bạn luôn được support, trao quyền và phát triển bản thân bởi Leader có nhiều năm kinh nghiệm trong ngành\nTeambuilding, sinh nhật công ty, du lịch cực chất quanh năm\nĂn sáng, ăn chiều free tại công ty\nVà vô vàn quyền lợi hấp dẫn khác…\n-\\-\\-\\-\\-\\-\\-\\-\\-\\-\\-\\-\\\n🏣 Địa điểm làm việc: Tòa Appota, ngõ 71 Láng Hạ, Ba Đình, Hà Nội\n📩 Ứng viên quan tâm gửi CV về email: tuyendung@appota.com\nCác bạn hãy inbox cho An để được tư vấn chi tiết nha!\nSee translation", "post_text": "Bạn là người thích làm việc với con số và dữ liệu?\nBạn là người thích khám phá mảng game?\nVậy thì đừng bỏ lỡ post này nhé!!\n[HN] Gamota - Một trong những nhà phát hành game hàng đầu tại Việt Nam chiêu mộ 1 bạn Business Intelligence\n📍Vị trí BI sẽ phù hợp với các bạn:\nCó tư duy phân tích và xử số liệu, lập báo cáo\nCó khả năng xử lý vấn đề nhạy bén\nCó đam mê và hiểu biết về Game là lợi thế lớn\nHam học hỏi và có thái độ cầu tiến trong công việc\n📍 Cùng với các quyền lợi có 1-0-2 tại Appota:\nMức lương cạnh tranh, tương xứng với kinh nghiệm; Review tăng lương 6 tháng/lần\nThưởng các ngày lễ tết, thưởng dự án, thưởng KPI, thưởng quý,...\nMôi trường làm việc siêu trẻ trung, năng động, nhiệt huyết. Nơi bạn luôn được support, trao quyền và phát triển bản thân bởi Leader có nhiều năm kinh nghiệm trong ngành\nTeambuilding, sinh nhật công ty, du lịch cực chất quanh năm\nĂn sáng, ăn chiều free tại công ty\nVà vô vàn quyền lợi hấp dẫn khác…\n-\\-\\-\\-\\-\\-\\-\\-\\-\\-\\-\\-\\\n🏣 Địa điểm làm việc: Tòa Appota, ngõ 71 Láng Hạ, Ba Đình, Hà Nội\n📩 Ứng viên quan tâm gửi CV về email: tuyendung@appota.com\nCác bạn hãy inbox cho An để được tư vấn chi tiết nha!\nSee translation", "time": "2022-12-22 11:06:27", "timestamp": 1671681987, "likes": 19, "reaction_count": 19, "comments_full": "Em xin job ạ\nTuấn Anh Phan Võ check ib chị nhé\nBạn có tuyển remote k ah\nPhuong Le Hiện tại bên mình chưa tuyển Romote bạn ạ\nMình xin JD cụ thể với ạ\nHuyền Calla Check Ib mình nhé\nAn Nguyễn dạ bạn\nEm xin JD cụ thể ạ\nLê Huy check ib chị nhé\nem xin JD\nCho e xin jd vs ạ\nchị check ib em với ạ\nCho em xin Jd cụ thể với ạ\nEm xin JD cụ thể với ạ\nCho mình xin jd với\nCho e xin JD với ạ\nxin jd với ạ\n✅ Đăng ký vᴀʏ tại Ngân Hàng - Đăng ký online Ngân Hàng MBBANK\n👉 vᴀʏ vốn Online đơn giản - Đăng ký vᴀʏ vốn, nhận kết quả phê duyệt, được kiểm tra hợp đồng, hoàn toàn minh bạch\nĐăng ký liên hệ Zalo/Hotline : 0876688261\n📩 Ngân Hàng TMCP MBBank 📩\n✅ Tỉ lệ duyệt lên đến 95%\n✅ Bị N.ợ xấu, N.ợ Chú Ý\n✅ Không có tài sản t.h.ế c.h.ấ.p\n✅ Đang vᴀʏ nhiều bên\n🚫 Số lượng có hạn, chỉ ưu tiên cho cá nhân nào đăng ký trước 🚫\n👋 Các gói vᴀʏ 👉 𝑳𝒂̃𝒊 𝒔𝒖𝒂̂́𝒕 ưu đãi 0.8%/ tháng:\n🎯 vᴀʏ 20 triệu g.ó.p 24 tháng - Đóng 993k / 1 tháng\n🎯 vᴀʏ 30 triệu g.ó.p 24 tháng - Đóng 1tr490 / 1 tháng\n🎯 vᴀʏ 50 triệu g.ó.p 36 tháng - Đóng 1tr789 / 1 tháng\n🎯 vᴀʏ 70 triệu g.ó.p 36 tháng - Đóng 2tr504 / 1 tháng\n🎯 vᴀʏ 100 triệu g.ó.p 36 tháng - Đóng 3tr578 / 1 tháng\n🎯 vᴀʏ 200 triệu g.ó.p 36 tháng - Đóng 7tr156 / 1 tháng\n🎯 vᴀʏ 300 triệu g.ó.p 48 tháng - Đóng 8tr372 / 1 tháng\n🎯 vᴀʏ 500 triệu g.ó.p 60 tháng - Đóng 11tr938 / 1 tháng\n📕 Thủ tục đơn giản, dễ làm, Bảo mật tốt, G!ải Ngân trong ngày\nLiên hệ Zalo : 0876688261 để được tư vấn và nhận 𝒕.𝒊.𝒆̂̀.𝒏 ngay trong ngày nhé\nChị check in giúp em với ạ\nai có tệp khách mua hàng tpcn dược phẩm và đông y tháng mới ai có ib . em cần chuẩn lâu dài\n"},
{"original_request_url": "https://m.facebook.com/493732762646196", "post_url": "https://m.facebook.com/493732762646196", "post_id": 493732762646196, "text": "[#HN] #ZITGA_STUDIO VỊ TRÍ DATA ANALYTICS\nKiến thức tốt về xác suất và thống kê\nKinh nghiệm sử dụng truy vấn SQL, excel, visualize : Tableau, PowerBI, ... Làm việc với Python, R, là 1 lợi thế\nKhả năng tư duy, học hỏi nhanh, kỹ năng xử lý vấn đề, teamwork tốt.\nCó kiến thức về Machine Learning là 1 lợi thế\n✨Phúc lợi tại Zitga luôn nằm trong top thị trường với:\nMức lương upto 1000$\nReview lương 2 lần/ năm\nThưởng tết từ 2-4 tháng lương\n🏢 Địa chỉ làm việc tại Zitga VP HN Tòa 315 Trường Chinh, Hà Nội.\n💌 Email : tuyendung@zitga.com.vn HOẶC linhnt@zitga.com.vn\nSee translation", "post_text": "[#HN] #ZITGA_STUDIO VỊ TRÍ DATA ANALYTICS\nKiến thức tốt về xác suất và thống kê\nKinh nghiệm sử dụng truy vấn SQL, excel, visualize : Tableau, PowerBI, ... Làm việc với Python, R, là 1 lợi thế\nKhả năng tư duy, học hỏi nhanh, kỹ năng xử lý vấn đề, teamwork tốt.\nCó kiến thức về Machine Learning là 1 lợi thế\n✨Phúc lợi tại Zitga luôn nằm trong top thị trường với:\nMức lương upto 1000$\nReview lương 2 lần/ năm\nThưởng tết từ 2-4 tháng lương\n🏢 Địa chỉ làm việc tại Zitga VP HN Tòa 315 Trường Chinh, Hà Nội.\n💌 Email : tuyendung@zitga.com.vn HOẶC linhnt@zitga.com.vn\nSee translation", "time": "2022-12-22 10:10:00", "timestamp": 1671678600, "likes": 1, "reaction_count": 1, "comments_full": "em xin jd\nem xin jd với ạ\nCông ty cổ phần giáo dục trực tuyến funix tuyển dụng Mentor Data Analysis\nQuantity: 30 người\nThù lao: Theo khối lượng hỗ trợ học viên (Linh hoạt theo thời gian của Mentor)\nLocation: Làm việc online, linh hoạt\nJOB DESCRIPTIONS: Tiếp nhận và hỗ trợ, giải thích vướng mắc của học viên trong quá trình học.\nJOB QUALIFICATIONS:\n\nCó ít nhất 3 năm kinh nghiệm với Data Analysis\nĐang làm việc thực tế trong trong các doanh nghiệp công nghệ thông tin hoặc là lập trình viên freelancer.\nBENEFITS:\nĐược tham gia vào lĩnh vực đào tạo hỗ trợ học tập về chuyên môn và cũng như truyền cảm hứng cho các bạn trẻ học công nghệ thông tin hiệu quả.\nCó thêm thu nhập đáng kể, và các quyền lợi khác (Ví dụ: như được cấp tài khoản Udemy Business,…)\nĐược tham gia vào network hàng nghìn mentor của FUNiX.\nCó cơ hội tiếp cận sớm để tuyển dụng nhân lực công nghệ thông tin là học viên đang học tại FUNiX.\nỨng tuyển vui lòng gửi CV về mail: tranthuyduong22\n11@gmail.com hoặc IB mình ạ\nCho em xin jd với ạ\nai có tệp khách mua hàng tpcn dược phẩm và đông y tháng mới ai có ib . em cần chuẩn lâu dài\n"},
{"original_request_url": "https://m.facebook.com/502617818424357", "post_url": "https://m.facebook.com/502617818424357", "post_id": 502617818424357, "text": "[𝗗𝗧𝗟 𝗥𝗲𝗰] 𝗗𝗮𝘁𝗮 𝗘𝗻𝗴𝗶𝗻𝗲𝗲𝗿 𝗜𝗻𝘁𝗲𝗿𝗻𝘀𝗵𝗶𝗽 𝗶𝘀 𝗻𝗼𝘄 𝗼𝗽𝗲𝗻𝗲𝗱 𝗮𝗴𝗮𝗶𝗻 🎉🎉\n-\\-\\-\nOur Data Team is looking for a new face to join the A team in Hanoi! Apply Now to get the position right after LNY Holiday!!\n-\\-\\-\n𝗟𝗶𝘀𝘁 𝗼𝗳 𝗳𝘂𝗹𝗹 𝗼𝗽𝗲𝗻𝗶𝗻𝗴𝘀 (Intern/Fresher/ Senior):\n1. Full-stack Developer – Infrastructure (DevOps)\n2. Senior FPGA Engineer (𝗨𝗿𝗴𝗲𝗻𝘁!)\n3. Trade Operation Analyst (𝗨𝗿𝗴𝗲𝗻𝘁!)\n4. Quantitative Researcher\n5. Fundamental Quantitative Researcher (Finance/Business background preferred)\n6. C++ Developer (GPU)\n7. Trading Support Engineer (𝗨𝗿𝗴𝗲𝗻𝘁!)\n8. Full-stack Developer - Web Development\n9. Data Engineer Intern\n𝗪𝗼𝗿𝗸𝗶𝗻𝗴 𝗺𝗼𝗱𝗲:\nOfficial Full-time\nIntern Part-time/ Full-time\n𝗟𝗼𝗰𝗮𝘁𝗶𝗼𝗻:\nHanoi Office: no. 9 Dao Duy Anh st., Dong Da dist., Hanoi\nRemote for candidates not available in Hanoi\n𝗦𝗮𝗹𝗮𝗿𝘆 𝗿𝗮𝗻𝗴𝗲:\nFrom 700 USD for Intern / From 1800 USD for Official (Experienced). Contact for Senior range.\nWith an excellent crew with many having won ICPC, Informatics/ Physics/Math Olympiads and other national IT awards, Dytechlab offers autonomy and development opportunities as much as possible to its employees. Attractive benefit package with Bao Viet Health Insurance Gold Card.\nPlease follow our fanpage for more details.", "post_text": "[𝗗𝗧𝗟 𝗥𝗲𝗰] 𝗗𝗮𝘁𝗮 𝗘𝗻𝗴𝗶𝗻𝗲𝗲𝗿 𝗜𝗻𝘁𝗲𝗿𝗻𝘀𝗵𝗶𝗽 𝗶𝘀 𝗻𝗼𝘄 𝗼𝗽𝗲𝗻𝗲𝗱 𝗮𝗴𝗮𝗶𝗻 🎉🎉\n-\\-\\-\nOur Data Team is looking for a new face to join the A team in Hanoi! Apply Now to get the position right after LNY Holiday!!\n-\\-\\-\n𝗟𝗶𝘀𝘁 𝗼𝗳 𝗳𝘂𝗹𝗹 𝗼𝗽𝗲𝗻𝗶𝗻𝗴𝘀 (Intern/Fresher/ Senior):\n1. Full-stack Developer – Infrastructure (DevOps)\n2. Senior FPGA Engineer (𝗨𝗿𝗴𝗲𝗻𝘁!)\n3. Trade Operation Analyst (𝗨𝗿𝗴𝗲𝗻𝘁!)\n4. Quantitative Researcher\n5. Fundamental Quantitative Researcher (Finance/Business background preferred)\n6. C++ Developer (GPU)\n7. Trading Support Engineer (𝗨𝗿𝗴𝗲𝗻𝘁!)\n8. Full-stack Developer - Web Development\n9. Data Engineer Intern\n𝗪𝗼𝗿𝗸𝗶𝗻𝗴 𝗺𝗼𝗱𝗲:\nOfficial Full-time\nIntern Part-time/ Full-time\n𝗟𝗼𝗰𝗮𝘁𝗶𝗼𝗻:\nHanoi Office: no. 9 Dao Duy Anh st., Dong Da dist., Hanoi\nRemote for candidates not available in Hanoi\n𝗦𝗮𝗹𝗮𝗿𝘆 𝗿𝗮𝗻𝗴𝗲:\nFrom 700 USD for Intern / From 1800 USD for Official (Experienced). Contact for Senior range.\nWith an excellent crew with many having won ICPC, Informatics/ Physics/Math Olympiads and other national IT awards, Dytechlab offers autonomy and development opportunities as much as possible to its employees. Attractive benefit package with Bao Viet Health Insurance Gold Card.\nPlease follow our fanpage for more details.", "shared_text": "", "time": "2023-01-05 11:12:34", "timestamp": 1672891954, "likes": 17, "reaction_count": 17, "comments_full": "em xin jd DE intern vs ạ\nTrần Đức Tùng chào bạn, bạn qua website bên mình để xem full JD và apply nha https://\nwww.dytechlab.co\nm/careers\nDạ bạn check inbox mình nha, mình cám ơn nhiều ạ\ncheck ib ạ\n"},
{"original_request_url": "https://m.facebook.com/482280187124787", "post_url": "https://m.facebook.com/482280187124787", "post_id": 482280187124787, "text": "[Q10-Hybrid] Cơ hội việc làm siêu hấp dẫn đến từ Officience. Team Data đã sẵn sàng để chào đón thành viên mới #Fresher Data Analyst\nKhông yêu cầu kinh nghiệm – Được training từ a-z - môi trường quốc tế - rèn luyện tiếng anh - nhiều cơ hội phát triển\nTiêu chí cần có:\nSinh viên mới ra trường, và nắm kiến thức sau đây:\n- Python.\n- Django framework, thiết kế hướng đối tượng, cấu trúc dữ liệu\n- Kiến thức về Data Scraping là một lợi thế\n- Hiểu biết về microservices và docker container là một lợi thế\n- Tiếng Anh tốt (đọc và viết)\n👉 JD: http://bit.ly/3VLmODU\nĐiều gì khiến bạn chọn Officience, chúng mình có !!!\nHỗ trợ ăn trưa ngay tại pantry công ty\nĐược tham gia bảo hiểm sức khỏe cá nhân PVI, khám sức khỏe định kỳ hàng năm\nParty công ty , company trip hàng năm, phúc lợi, thưởng, quà cáp công đoàn\nĐược hướng dẫn training từ những anh chị Senior\nNghỉ lễ theo luật định, lương tháng 13\nMôi trường nước ngoài, thích hợp cho các bạn trau dồi kỹ năng ngoại ngữ của mình.\nThời gian làm việc thoải mái, linh động\nCÁCH THỨC ỨNG TUYỂN:\n📧Gửi CV về: baophuong.doantran@officience.com\nVới tiêu đề: Apply for Data Analyst from Facebook\nOur Website: https://officience.com/\nOur Facebook:https://www.facebook.com/Officience\nSee translation", "post_text": "[Q10-Hybrid] Cơ hội việc làm siêu hấp dẫn đến từ Officience. Team Data đã sẵn sàng để chào đón thành viên mới #Fresher Data Analyst\nKhông yêu cầu kinh nghiệm – Được training từ a-z - môi trường quốc tế - rèn luyện tiếng anh - nhiều cơ hội phát triển\nTiêu chí cần có:\nSinh viên mới ra trường, và nắm kiến thức sau đây:\n- Python.\n- Django framework, thiết kế hướng đối tượng, cấu trúc dữ liệu\n- Kiến thức về Data Scraping là một lợi thế\n- Hiểu biết về microservices và docker container là một lợi thế\n- Tiếng Anh tốt (đọc và viết)\n👉 JD: http://bit.ly/3VLmODU\nĐiều gì khiến bạn chọn Officience, chúng mình có !!!\nHỗ trợ ăn trưa ngay tại pantry công ty\nĐược tham gia bảo hiểm sức khỏe cá nhân PVI, khám sức khỏe định kỳ hàng năm\nParty công ty , company trip hàng năm, phúc lợi, thưởng, quà cáp công đoàn\nĐược hướng dẫn training từ những anh chị Senior\nNghỉ lễ theo luật định, lương tháng 13\nMôi trường nước ngoài, thích hợp cho các bạn trau dồi kỹ năng ngoại ngữ của mình.\nThời gian làm việc thoải mái, linh động\nCÁCH THỨC ỨNG TUYỂN:\n📧Gửi CV về: baophuong.doantran@officience.com\nVới tiêu đề: Apply for Data Analyst from Facebook\nOur Website: https://officience.com/\nOur Facebook:https://www.facebook.com/Officience\nSee translation", "time": "2022-12-06 09:01:10", "timestamp": 1670292070, "likes": 4, "reaction_count": 4, "comments_full": "Cho mình xin JD với ạ\nBạn ơi mình còn tuyển ko ha\nDat Nguyen job này closed rồi ạ\n"},
{"original_request_url": "https://m.facebook.com/502169128469226", "post_url": "https://m.facebook.com/502169128469226", "post_id": 502169128469226, "text": "[HCM] TAPTAP tung OFFER HOT cùng nhiều đãi ngộ cực hấp dẫn dành cho Product Analyst. Chần chờ gì mà không APPLY ngay để săn ngay OFFER HOT này nhé.\nBạn cần:\nCó 2 năm KN làm việc tại vị trí BI Analyst/ Data Analyst hoặc tương đương.\nĐãi ngộ tại TAPTAP:\nMức lương cạnh tranh, thỏa thuận theo năng lực.\nLương tháng 13+ thưởng thành tích.\nĐầy đủ chế độ phúc lợi, BHXH theo qui định.\nCó 15 ngày phép/ năm.\n-\\-\\-\\-\\-\\-\\-\\-\\-\\-\\-\\-\\-\\-\\-\\-\\-\\-\\-\\-\\-\\-\\-\\-\\-\\-\\-\\-\\-\\-\\-\\-\\-\\-\\-\\-\\-\\-\\-\\-\\-\\-\\-\\-\\-\\-\\-\\-\\-\\-\\-\\-\\-\\-\\-\\-\\-\\-\\-\\-\\-\\-\\-\\-\\-\\-\\-\\-\\-\\-\\-\\-\\-\\-\\-\\-\\-\\-\\-\\-\\-\\-\\-\\-\\-\\-\\-\\-\\-\\-\\-\\-\\-\\-\\-\\-\\-\\-\\-\\-\\-\\-\\-\\-\\-\\-\\-\nNếu có thắc mắc cần được giải đáp chi tiết, các bạn inbox hoặc comment trong bài viết của mình nhé!\nXem JD chi tiết và apply vào link sau: https://topdev.vn/s/VU6oqsfH\nCác bạn có thể apply CV về mail: career@topdev.vn\nVới tiêu đề: TAPTAP - Product Analyst\nSee translation", "post_text": "[HCM] TAPTAP tung OFFER HOT cùng nhiều đãi ngộ cực hấp dẫn dành cho Product Analyst. Chần chờ gì mà không APPLY ngay để săn ngay OFFER HOT này nhé.\nBạn cần:\nCó 2 năm KN làm việc tại vị trí BI Analyst/ Data Analyst hoặc tương đương.\nĐãi ngộ tại TAPTAP:\nMức lương cạnh tranh, thỏa thuận theo năng lực.\nLương tháng 13+ thưởng thành tích.\nĐầy đủ chế độ phúc lợi, BHXH theo qui định.\nCó 15 ngày phép/ năm.\n-\\-\\-\\-\\-\\-\\-\\-\\-\\-\\-\\-\\-\\-\\-\\-\\-\\-\\-\\-\\-\\-\\-\\-\\-\\-\\-\\-\\-\\-\\-\\-\\-\\-\\-\\-\\-\\-\\-\\-\\-\\-\\-\\-\\-\\-\\-\\-\\-\\-\\-\\-\\-\\-\\-\\-\\-\\-\\-\\-\\-\\-\\-\\-\\-\\-\\-\\-\\-\\-\\-\\-\\-\\-\\-\\-\\-\\-\\-\\-\\-\\-\\-\\-\\-\\-\\-\\-\\-\\-\\-\\-\\-\\-\\-\\-\\-\\-\\-\\-\\-\\-\\-\\-\\-\\-\\-\nNếu có thắc mắc cần được giải đáp chi tiết, các bạn inbox hoặc comment trong bài viết của mình nhé!\nXem JD chi tiết và apply vào link sau: https://topdev.vn/s/VU6oqsfH\nCác bạn có thể apply CV về mail: career@topdev.vn\nVới tiêu đề: TAPTAP - Product Analyst\nSee translation", "time": "2023-01-04 16:02:28", "timestamp": 1672822948, "likes": 0, "reaction_count": 0, "comments_full": ""},
{"original_request_url": "https://m.facebook.com/499796815373124", "post_url": "https://m.facebook.com/499796815373124", "post_id": 499796815373124, "text": "[Hoàn Kiếm-HN] CITIGO-KIOTVIET TÌM KIẾM TEST DATA\nDự án Product Discovery được thiết kế như 1 sản phẩm nằm trong phòng Dữ liệu với sứ mệnh khai thác khám phá, chuẩn hóa tất cả các dữ liệu gồm hàng trăm triệu sản phẩm trong hệ sinh thái của Citigo.\nYêu cầu:\nTừ 1 năm kinh nghiệm\nSử dụng thành thạo SQL và tool Power BI (hoặc Tableau)\nHiểu biết Test API\nQuyền lợi & Sách chính:\nMức lương: 15-20M\nThưởng hiệu quả công việc (lên đến 2 tháng lương)\nCơ hội thăng tiến rõ ràng.\nLàm việc từ Thứ 2 – Thứ 6, ca làm việc linh hoạt: 8h30-18h hoặc 9h-18h30\nĐịa điểm làm việc: 1A, Yết Kiêu, Hoàn Kiếm, Hà Nội.\nVui lòng gửi CV về mail: linh.vn1@kiotviet.com hoặc IB trực tiếp\nSee translation", "post_text": "[Hoàn Kiếm-HN] CITIGO-KIOTVIET TÌM KIẾM TEST DATA\nDự án Product Discovery được thiết kế như 1 sản phẩm nằm trong phòng Dữ liệu với sứ mệnh khai thác khám phá, chuẩn hóa tất cả các dữ liệu gồm hàng trăm triệu sản phẩm trong hệ sinh thái của Citigo.\nYêu cầu:\nTừ 1 năm kinh nghiệm\nSử dụng thành thạo SQL và tool Power BI (hoặc Tableau)\nHiểu biết Test API\nQuyền lợi & Sách chính:\nMức lương: 15-20M\nThưởng hiệu quả công việc (lên đến 2 tháng lương)\nCơ hội thăng tiến rõ ràng.\nLàm việc từ Thứ 2 – Thứ 6, ca làm việc linh hoạt: 8h30-18h hoặc 9h-18h30\nĐịa điểm làm việc: 1A, Yết Kiêu, Hoàn Kiếm, Hà Nội.\nVui lòng gửi CV về mail: linh.vn1@kiotviet.com hoặc IB trực tiếp\nSee translation", "time": "2022-12-31 21:07:44", "timestamp": 1672495664, "likes": 2, "reaction_count": 2, "comments_full": "Phỏng vấn trước tết đi làm sau tết\nInbox mình nhé\nUp\n"},
{"original_request_url": "https://m.facebook.com/501601475192658", "post_url": "https://m.facebook.com/501601475192658", "post_id": 501601475192658, "text": "📢 Khởi động năm mới 2023 bằng Job #Data #Analyst siêu xịn nhà transcosmos VN nhé!\n\n🔥Tham khảo chi tiết công việc theo link: https://lnkd.in/gkKdCnjd\n🔥 Và gửi CV về mail: chau.ntn@trans-cosmos.com.vn\n\n👉🏻 Tụi mình đang tìm kiếm thành viên với:\n- Từ 1-2 năm kinh nghiệm ở vị trí Data Analyst\n- Ưu tiên ứng viên có kinh nghiệm hoặc có kiến thức về xử lý dữ liệu trong lĩnh vực telesales\n- Sử dụng thành thạo SQL, Advanced Excel, có kiến thức về Power BI là lợi thế\n- Có kiến thức về phân tích dữ liệu và xác suất thống kê\n- Ưu tiên ứng viên có kinh nghiệm làm việc với Big Data, Data Warehouse\n- Tiếng anh đọc hiểu, report là lợi thế\n- Ưu tiên ứng viên có thể nhận việc ngay\n\n👉🏻 Ngoài mức lương cực kỳ cạnh tranh, thành viên nhà TCV còn được nhận những chế độ vô cùng hấp dẫn:\n- Thưởng Lễ Tết và Lương Tháng 13\n- Thưởng hiệu suất công việc 2 lần/năm\n- Chế độ bảo hiểm đầy đủ theo Luật lao động\n- Cơ hội thăng tiến cao\n- Môi trường làm việc chuyên nghiệp, năng động, sáng tạo\n- Tham gia các hoạt động team building gắn kết nhân viên\n\nHãy để TCV là nơi chắp cánh ước mơ cho bạn. APPLY ngay nhé ! 💝\n\nChọn việc HOT - chọn transcosmos Việt Nam\n\n#transcosmosvietnam #TCVcareers #hiring #jobhiring #jobopportunity #vacancy #data #dataanalyst #analystjobs #dataanalystjobs", "post_text": "📢 Khởi động năm mới 2023 bằng Job #Data #Analyst siêu xịn nhà transcosmos VN nhé!\n\n🔥Tham khảo chi tiết công việc theo link: https://lnkd.in/gkKdCnjd\n🔥 Và gửi CV về mail: chau.ntn@trans-cosmos.com.vn\n\n👉🏻 Tụi mình đang tìm kiếm thành viên với:\n- Từ 1-2 năm kinh nghiệm ở vị trí Data Analyst\n- Ưu tiên ứng viên có kinh nghiệm hoặc có kiến thức về xử lý dữ liệu trong lĩnh vực telesales\n- Sử dụng thành thạo SQL, Advanced Excel, có kiến thức về Power BI là lợi thế\n- Có kiến thức về phân tích dữ liệu và xác suất thống kê\n- Ưu tiên ứng viên có kinh nghiệm làm việc với Big Data, Data Warehouse\n- Tiếng anh đọc hiểu, report là lợi thế\n- Ưu tiên ứng viên có thể nhận việc ngay\n\n👉🏻 Ngoài mức lương cực kỳ cạnh tranh, thành viên nhà TCV còn được nhận những chế độ vô cùng hấp dẫn:\n- Thưởng Lễ Tết và Lương Tháng 13\n- Thưởng hiệu suất công việc 2 lần/năm\n- Chế độ bảo hiểm đầy đủ theo Luật lao động\n- Cơ hội thăng tiến cao\n- Môi trường làm việc chuyên nghiệp, năng động, sáng tạo\n- Tham gia các hoạt động team building gắn kết nhân viên\n\nHãy để TCV là nơi chắp cánh ước mơ cho bạn. APPLY ngay nhé ! 💝\n\nChọn việc HOT - chọn transcosmos Việt Nam\n\n#transcosmosvietnam #TCVcareers #hiring #jobhiring #jobopportunity #vacancy #data #dataanalyst #analystjobs #dataanalystjobs", "shared_text": "", "time": "2023-01-03 18:19:56", "timestamp": 1672744796, "likes": 2, "reaction_count": 2, "comments_full": "Ngọc Châu\n"},
{"original_request_url": "https://m.facebook.com/502088851810587", "post_url": "https://m.facebook.com/502088851810587", "post_id": 502088851810587, "text": "🔥🔥[Hồ Chí Minh] Việc làm ngon dành riêng cho ứng viên xịn tại Ngân hàng TMCP Sài Gòn (SCB) khi ứng tuyển vị trí Data Administrator, cơ hội bứt phá sự nghiệp trong tầm tay nè HCM-ers ơi.\nXem JD chi tiết tại link sau: https://topdev.vn/s/h75GA8z0\n🎁Tiêu chí cần có:\nCó 2 năm KN ở vị trí tương đương.\nCó kiến thức về Oracle Database, SQL Server, My SQL,...\n🎁Phúc lợi được hưởng:\nMức thu nhập hấp dẫn tương xứng với năng lực + thưởng hiệu suất (không giới hạn).\nThưởng lương tháng 13, thưởng sinh nhật, lễ, Tết định kỳ.\nĐãi ngộ hấp dẫn từ chế độ BHYT, BHXH, BHTN theo quy định Nhà nước.\nCó cơ hội tham gia các chương trình đào tạo toàn diện với lộ trình thăng tiến thu hút và rõ ràng.\nĐược hưởng các ưu đãi dịch vụ Ngân hàng dành riêng cho nhân viên.\nLàm việc từ Thứ Hai đến sáng Thứ Bảy hàng tuần.\nGửi CV về: career@topdev.vn\nVới tiêu đề: SCB - Data Admin\nCó thắc mắc cần được giải đáp, các mem đừng ngần ngại comment bên dưới cho mình biết nhé 🌻🌻\nSee translation", "post_text": "🔥🔥[Hồ Chí Minh] Việc làm ngon dành riêng cho ứng viên xịn tại Ngân hàng TMCP Sài Gòn (SCB) khi ứng tuyển vị trí Data Administrator, cơ hội bứt phá sự nghiệp trong tầm tay nè HCM-ers ơi.\nXem JD chi tiết tại link sau: https://topdev.vn/s/h75GA8z0\n🎁Tiêu chí cần có:\nCó 2 năm KN ở vị trí tương đương.\nCó kiến thức về Oracle Database, SQL Server, My SQL,...\n🎁Phúc lợi được hưởng:\nMức thu nhập hấp dẫn tương xứng với năng lực + thưởng hiệu suất (không giới hạn).\nThưởng lương tháng 13, thưởng sinh nhật, lễ, Tết định kỳ.\nĐãi ngộ hấp dẫn từ chế độ BHYT, BHXH, BHTN theo quy định Nhà nước.\nCó cơ hội tham gia các chương trình đào tạo toàn diện với lộ trình thăng tiến thu hút và rõ ràng.\nĐược hưởng các ưu đãi dịch vụ Ngân hàng dành riêng cho nhân viên.\nLàm việc từ Thứ Hai đến sáng Thứ Bảy hàng tuần.\nGửi CV về: career@topdev.vn\nVới tiêu đề: SCB - Data Admin\nCó thắc mắc cần được giải đáp, các mem đừng ngần ngại comment bên dưới cho mình biết nhé 🌻🌻\nSee translation", "time": "2023-01-04 11:59:14", "timestamp": 1672808354, "likes": 0, "reaction_count": 0, "comments_full": "🔥SCB tuyển dụng vị trí Data Administrator với OFFER và nhiều đãi ngộ HOT, chi tiết tại https://\ntopdev.vn/s/\nh75GA8z0\n"},
{"original_request_url": "https://m.facebook.com/502036448482494", "post_url": "https://m.facebook.com/502036448482494", "post_id": 502036448482494, "text": "[HCM] ESUHAI tuyển gấp Data Analyst 1 năm KN + Benefits hấp dẫn.\nCmt/ Ib nhận ngay JD nhé!", "post_text": "[HCM] ESUHAI tuyển gấp Data Analyst 1 năm KN + Benefits hấp dẫn.\nCmt/ Ib nhận ngay JD nhé!", "shared_text": "", "time": "2023-01-04 09:33:13", "timestamp": 1672799593, "likes": 1, "reaction_count": 1, "comments_full": "🌈🌈🌈Tham khảo JD và APPLY qua link hoặc IB để mình hỗ trợ nhé: https://\ntopdev.vn/s/\n6KYhlxmv\n"},
{"original_request_url": "https://m.facebook.com/445974194088720", "post_url": "https://m.facebook.com/445974194088720", "post_id": 445974194088720, "text": "[FiinGroup] Data Analytics Intern| 02- HN\n**Mô tả công việc: **\n• Theo dõi và xử lý các dữ liệu được công bố định kỳ bởi các doanh nghiệp niêm yết, Tổng cục Thống kê, Tổng cục Hải quan, EVN…\n• Khai thác thông tin dữ liệu để viết báo cáo phân tích bằng tiếng Việt\n• Thực hiện các công việc khác theo sự phân công của cấp quản lý khi có yêu cầu\n**Yêu cầu công việc: **\n• Ưu tiên chuyên ngành tài chính, kinh tế thương mại\n• Có kỹ năng đọc và phân tích báo cáo tài chính cơ bản\n• Thành thạo Excel, biết sử dụng SQL là một lợi thế\n• Cẩn thận, có trách nhiệm với công việc, có khả năng làm việc độc lập, làm việc nhóm\n• Kỹ năng giao tiếp tốt, xử lý tình huống linh hoạt\nLink ứng tuyển nhanh: https://forms.gle/u6dp76gEGqQyGQuD7\n📨 Mail ứng tuyển : Talents@fiingroup.vn\nSee translation", "post_text": "[FiinGroup] Data Analytics Intern| 02- HN\n**Mô tả công việc: **\n• Theo dõi và xử lý các dữ liệu được công bố định kỳ bởi các doanh nghiệp niêm yết, Tổng cục Thống kê, Tổng cục Hải quan, EVN…\n• Khai thác thông tin dữ liệu để viết báo cáo phân tích bằng tiếng Việt\n• Thực hiện các công việc khác theo sự phân công của cấp quản lý khi có yêu cầu\n**Yêu cầu công việc: **\n• Ưu tiên chuyên ngành tài chính, kinh tế thương mại\n• Có kỹ năng đọc và phân tích báo cáo tài chính cơ bản\n• Thành thạo Excel, biết sử dụng SQL là một lợi thế\n• Cẩn thận, có trách nhiệm với công việc, có khả năng làm việc độc lập, làm việc nhóm\n• Kỹ năng giao tiếp tốt, xử lý tình huống linh hoạt\nLink ứng tuyển nhanh: https://forms.gle/u6dp76gEGqQyGQuD7\n📨 Mail ứng tuyển : Talents@fiingroup.vn\nSee translation", "time": "2022-10-11 11:07:29", "timestamp": 1665461249, "likes": 7, "reaction_count": 7, "comments_full": "ib e với ạ\nchị check ib em ạ\nBên chị còn tuyển job này không ạ\nmình còn tuyển không ạ\nem mới vừa điền thêm vào form đăng ký nhanh ấy ạ\n"},
{"original_request_url": "https://m.facebook.com/501623951857077", "post_url": "https://m.facebook.com/501623951857077", "post_id": 501623951857077, "text": "🔥[HN] Chiêu mộ #DATA ENGINEER từ 3 năm kn\nThông thạo Spark, kafka, hadoop,…\nOFFER 2000$Net\nBHSK đặc biệt. Ib em gửi JD ạ!", "post_text": "🔥[HN] Chiêu mộ #DATA ENGINEER từ 3 năm kn\nThông thạo Spark, kafka, hadoop,…\nOFFER 2000$Net\nBHSK đặc biệt. Ib em gửi JD ạ!", "shared_text": "", "time": "2023-01-03 19:15:11", "timestamp": 1672748111, "likes": 1, "reaction_count": 1, "comments_full": "xin JD\n"},
{"original_request_url": "https://m.facebook.com/505974064755399", "post_url": "https://m.facebook.com/505974064755399", "post_id": 505974064755399, "text": "QUY ĐỊNH ĐĂNG BÀI:\n\n- Mỗi ngày chỉ đăng 1 bài\n- Nội dung chỉ được liên quan đến mảng dữ liệu\n- Không spam, không đăng các job partime, nhập liệu...\n\nCác trường hợp vi phạm sẽ bị ban 7 ngày và gỡ các bài đã đăng. Thanks", "post_text": "QUY ĐỊNH ĐĂNG BÀI:\n\n- Mỗi ngày chỉ đăng 1 bài\n- Nội dung chỉ được liên quan đến mảng dữ liệu\n- Không spam, không đăng các job partime, nhập liệu...\n\nCác trường hợp vi phạm sẽ bị ban 7 ngày và gỡ các bài đã đăng. Thanks", "shared_text": "", "time": "2023-01-11 11:25:30", "timestamp": 1673411130, "likes": 13, "reaction_count": 13, "comments_full": ""},
{"original_request_url": "https://m.facebook.com/501581711861301", "post_url": "https://m.facebook.com/501581711861301", "post_id": 501581711861301, "text": "GHN-HCM\nTuyển Data Engineer. YOE 4 năm\nRange: upto 2500$", "post_text": "GHN-HCM\nTuyển Data Engineer. YOE 4 năm\nRange: upto 2500$", "shared_text": "", "time": "2023-01-03 17:30:56", "timestamp": 1672741856, "likes": 4, "reaction_count": 4, "comments_full": "Anh chị tham khảo giúp em nha\nIB ạ\n"},
{"original_request_url": "https://m.facebook.com/501562835196522", "post_url": "https://m.facebook.com/501562835196522", "post_id": 501562835196522, "text": "[HCM] Cơ hội làm việc trong môi trường chuyên nghiệp tại Yes4All với nhiều đãi ngộ & OFFER Hấp dẫn dành cho Data Engineer (Python). Nhanh tay apply để nhận lịch PV sớm nhất nhé!\nTiêu chí cần có:\n✨Có từ 1 năm KN tại vị trí Data Engineer.\n✨Có khả năng lập trình Python.\nChế độ lương & phúc lơi:\n🥳Lương thưởng hấp dẫn, deal lương theo năng lực.\n🥳Lương tháng 13 + Share lợi nhuận của công ty.\n🥳Thưởng: Nhân viên được thưởng bằng tiền mặt vào các dịp Lễ, Tết/ Sinh nhật/ Cưới hỏi và các dịp đặc biệt trong năm từ 500.000 - 3.000.000 VNĐ/ dịp.\n🥳Tăng lương theo năng lực làm việc.\nCung cấp laptop/desktop.\n🥳Thời gian làm việc: T2-T6 | 08:30-12:00 & 13:00- 17:30.\n-\\-\\-\\-\\-\\-\\-\\-\\-\\-\\-\\-\\-\\-\\-\\-\\-\\-\\-\\-\\-\\-\\-\\-\\-\\-\\-\\-\\-\\-\\-\\-\\-\\-\\-\\-\\-\\-\\-\\-\\-\\-\\-\\-\\-\\-\\-\\-\\-\\-\\-\\-\\-\\-\\-\\-\\-\\-\\-\\-\\-\\-\\-\\-\\-\\-\\-\\-\\-\\-\\-\\-\\-\\-\\\nCó thắc mắc bạn có thể inbox hoặc comment em biết nhé!\nLink JD & Apply nhanh: https://topdev.vn/s/nqMyeC8I\nGửi CV về: career@topdev.vn\nVới tiêu đề: Yes4All - Data Engineer (Python)\nSee translation", "post_text": "[HCM] Cơ hội làm việc trong môi trường chuyên nghiệp tại Yes4All với nhiều đãi ngộ & OFFER Hấp dẫn dành cho Data Engineer (Python). Nhanh tay apply để nhận lịch PV sớm nhất nhé!\nTiêu chí cần có:\n✨Có từ 1 năm KN tại vị trí Data Engineer.\n✨Có khả năng lập trình Python.\nChế độ lương & phúc lơi:\n🥳Lương thưởng hấp dẫn, deal lương theo năng lực.\n🥳Lương tháng 13 + Share lợi nhuận của công ty.\n🥳Thưởng: Nhân viên được thưởng bằng tiền mặt vào các dịp Lễ, Tết/ Sinh nhật/ Cưới hỏi và các dịp đặc biệt trong năm từ 500.000 - 3.000.000 VNĐ/ dịp.\n🥳Tăng lương theo năng lực làm việc.\nCung cấp laptop/desktop.\n🥳Thời gian làm việc: T2-T6 | 08:30-12:00 & 13:00- 17:30.\n-\\-\\-\\-\\-\\-\\-\\-\\-\\-\\-\\-\\-\\-\\-\\-\\-\\-\\-\\-\\-\\-\\-\\-\\-\\-\\-\\-\\-\\-\\-\\-\\-\\-\\-\\-\\-\\-\\-\\-\\-\\-\\-\\-\\-\\-\\-\\-\\-\\-\\-\\-\\-\\-\\-\\-\\-\\-\\-\\-\\-\\-\\-\\-\\-\\-\\-\\-\\-\\-\\-\\-\\-\\-\\\nCó thắc mắc bạn có thể inbox hoặc comment em biết nhé!\nLink JD & Apply nhanh: https://topdev.vn/s/nqMyeC8I\nGửi CV về: career@topdev.vn\nVới tiêu đề: Yes4All - Data Engineer (Python)\nSee translation", "time": "2023-01-03 16:38:10", "timestamp": 1672738690, "likes": 0, "reaction_count": 0, "comments_full": []}]