[{"original_request_url": "https://m.facebook.com/509459947740144", "post_url": "https://m.facebook.com/509459947740144", "post_id": 509459947740144, "text": "🔥🔥[Hà Nội] Đến hẹn lại lên Ngân hàng hàng hải (MSB) tung OFFER đỉnh từ $1,000 lên đến $3,000 chiêu mộ thành viên tiềm năng Data Analyst về chung nhà.\n🌈Yêu cầu cần có:\nCó 2 năm KN ở vị trí Data Analyst (Database, SQL).\nƯu tiên ứng viên có khả năng sử dụng SQL,VBA, Python, R, SAS,....\n🌈Nhận về đãi ngộ:\nMức thu nhập cạnh tranh từ $1,000 lên đến $3,000 + thưởng dự án cực xịn sò tùy vị trí công việc.\nMôi trường làm việc trẻ trung, chuyên nghiệp được dẫn dắt bởi đội ngũ quản lý giỏi, cơ hội thăng tiến rõ ràng.\nCó cơ hội tham gia nhiều khóa đào tạo phong phú nâng cao kỹ năng chuyên môn.\nCơ sở vật chất tốt, cung cấp thiết bị hiện đại làm việc.\nGiờ làm việc hành chính từ thứ Hai đến thứ Sáu hàng tuần.\nMail nhận CV: career@topdev.vn\nTiêu đề: MSB - Data Analyst\nSee translation", "post_text": "🔥🔥[Hà Nội] Đến hẹn lại lên Ngân hàng hàng hải (MSB) tung OFFER đỉnh từ $1,000 lên đến $3,000 chiêu mộ thành viên tiềm năng Data Analyst về chung nhà.\n🌈Yêu cầu cần có:\nCó 2 năm KN ở vị trí Data Analyst (Database, SQL).\nƯu tiên ứng viên có khả năng sử dụng SQL,VBA, Python, R, SAS,....\n🌈Nhận về đãi ngộ:\nMức thu nhập cạnh tranh từ $1,000 lên đến $3,000 + thưởng dự án cực xịn sò tùy vị trí công việc.\nMôi trường làm việc trẻ trung, chuyên nghiệp được dẫn dắt bởi đội ngũ quản lý giỏi, cơ hội thăng tiến rõ ràng.\nCó cơ hội tham gia nhiều khóa đào tạo phong phú nâng cao kỹ năng chuyên môn.\nCơ sở vật chất tốt, cung cấp thiết bị hiện đại làm việc.\nGiờ làm việc hành chính từ thứ Hai đến thứ Sáu hàng tuần.\nMail nhận CV: career@topdev.vn\nTiêu đề: MSB - Data Analyst\nSee translation", "time": "2023-01-17 15:12:40", "timestamp": 1673943160, "likes": 1, "reaction_count": 1, "comments_full": "🎈🎈Data Analyst tiềm năng về chung nhà MSB nhận ngay OFFER xịn từ $1,000 lên đến $3,000, nhanh tay apply kẻo lỡ việc làm cực HOT\n"},
{"original_request_url": "https://m.facebook.com/509451921074280", "post_url": "https://m.facebook.com/509451921074280", "post_id": 509451921074280, "text": "𝗥𝗘𝗠𝗢𝗧𝗘 𝗜𝗧 𝗝𝗢𝗕\n......................................\n𝗬𝗘̂𝗨 𝗖𝗔̂̀𝗨\n𝟭. 𝗧𝗶𝗲̂́𝗻𝗴 𝗮𝗻𝗵 𝗙𝗹𝘂𝗹𝗲𝗻𝘁\n𝟮. 𝗧𝗲𝗰𝗵𝗻𝗶𝗰𝗮𝗹 𝗦𝗸𝗶𝗹𝗹 𝗸𝗵𝗮́\n..............................................\n𝗤𝗨𝗬𝗘̂̀𝗡 𝗟𝗢̛̣𝗜\n𝟭. 𝗟𝗮̀𝗺 𝘃𝗶𝗲̣̂𝗰 𝗥𝗲𝗺𝗼𝘁𝗲\n𝟮. 𝗦𝗮𝗿𝗮𝗹𝘆 ; 𝘂𝗽 𝘁𝗼 $𝟯𝟬𝟬𝟬\n𝟯. 𝗟𝗮̀𝗺 𝘃𝗶𝗲̣̂𝗰 𝘃𝗼̛́𝗶 đ𝗼̣̂𝗶 𝗻𝗴𝘂̃ 𝗰𝗵𝘂𝘆𝗲̂𝗻 𝗻𝗴𝗵𝗶𝗲̣̂𝗽 .........................................................\n𝗝𝗢𝗕 𝗟𝗜𝗦𝗧\n👇👇👇👇\n#Data\n#C++\n#Java\n#ReactNative\n#Kotlin\n#QA", "post_text": "𝗥𝗘𝗠𝗢𝗧𝗘 𝗜𝗧 𝗝𝗢𝗕\n......................................\n𝗬𝗘̂𝗨 𝗖𝗔̂̀𝗨\n𝟭. 𝗧𝗶𝗲̂́𝗻𝗴 𝗮𝗻𝗵 𝗙𝗹𝘂𝗹𝗲𝗻𝘁\n𝟮. 𝗧𝗲𝗰𝗵𝗻𝗶𝗰𝗮𝗹 𝗦𝗸𝗶𝗹𝗹 𝗸𝗵𝗮́\n..............................................\n𝗤𝗨𝗬𝗘̂̀𝗡 𝗟𝗢̛̣𝗜\n𝟭. 𝗟𝗮̀𝗺 𝘃𝗶𝗲̣̂𝗰 𝗥𝗲𝗺𝗼𝘁𝗲\n𝟮. 𝗦𝗮𝗿𝗮𝗹𝘆 ; 𝘂𝗽 𝘁𝗼 $𝟯𝟬𝟬𝟬\n𝟯. 𝗟𝗮̀𝗺 𝘃𝗶𝗲̣̂𝗰 𝘃𝗼̛́𝗶 đ𝗼̣̂𝗶 𝗻𝗴𝘂̃ 𝗰𝗵𝘂𝘆𝗲̂𝗻 𝗻𝗴𝗵𝗶𝗲̣̂𝗽 .........................................................\n𝗝𝗢𝗕 𝗟𝗜𝗦𝗧\n👇👇👇👇\n#Data\n#C++\n#Java\n#ReactNative\n#Kotlin\n#QA", "shared_text": "", "time": "2023-01-17 14:49:25", "timestamp": 1673941765, "likes": 0, "reaction_count": 0, "comments_full": ""},
{"original_request_url": "https://m.facebook.com/509390281080444", "post_url": "https://m.facebook.com/509390281080444", "post_id": 509390281080444, "text": "[HCM/Hybrid] Aventra Group mở ra cơ hội việc làm dành cho các Data Engineer / Data Senior Engineer / Team Lead cùng OFFER hấp dẫn, nhanh tay apply ngay kẻo lỡ!\nTiêu chí cần có:\n🔥Có từ 8 năm KN làm việc với một hoặc nhiều ngôn ngữ: SQL, Python, Scala và R.\n🔥Có kinh nghiệm làm việc với cơ sở dữ liệu như SQL Server, Oracle và MySQL.\nChế độ đãi ngộ hấp dẫn:\n✅Lương thỏa thuận cạnh tranh theo từng cấp độ + thưởng theo kết quả kinh doanh.\n✅Bảo hiểm chăm sóc sức khỏe cao cấp.\n✅Cung cấp laptop, màn hình.\n✅Cơ hội làm việc trong môi trường quốc tế như: Singapore, Malaysia, Ấn Độ, UAE,...\n✅Cơ hội tuyệt vời để nâng cao chuyên môn/kỹ năng và khả năng giao tiếp tiếng Anh của bạn thông qua tiếp xúc quốc tế.\n✅Thời gian làm việc: Thứ Hai - Thứ Sáu.\nCó thắc mắc cần được giải đáp, đừng ngần ngại comment bên dưới hoặc inbox cho mình biết nhé!\nLink JD & Apply nhanh: https://topdev.vn/s/QVev5hwP\nGửi CV về: career@topdev.vn\nVới tiêu đề: Aventra Group - Data Engineer / Data Senior Engineer / Team Lead\nSee translation", "post_text": "[HCM/Hybrid] Aventra Group mở ra cơ hội việc làm dành cho các Data Engineer / Data Senior Engineer / Team Lead cùng OFFER hấp dẫn, nhanh tay apply ngay kẻo lỡ!\nTiêu chí cần có:\n🔥Có từ 8 năm KN làm việc với một hoặc nhiều ngôn ngữ: SQL, Python, Scala và R.\n🔥Có kinh nghiệm làm việc với cơ sở dữ liệu như SQL Server, Oracle và MySQL.\nChế độ đãi ngộ hấp dẫn:\n✅Lương thỏa thuận cạnh tranh theo từng cấp độ + thưởng theo kết quả kinh doanh.\n✅Bảo hiểm chăm sóc sức khỏe cao cấp.\n✅Cung cấp laptop, màn hình.\n✅Cơ hội làm việc trong môi trường quốc tế như: Singapore, Malaysia, Ấn Độ, UAE,...\n✅Cơ hội tuyệt vời để nâng cao chuyên môn/kỹ năng và khả năng giao tiếp tiếng Anh của bạn thông qua tiếp xúc quốc tế.\n✅Thời gian làm việc: Thứ Hai - Thứ Sáu.\nCó thắc mắc cần được giải đáp, đừng ngần ngại comment bên dưới hoặc inbox cho mình biết nhé!\nLink JD & Apply nhanh: https://topdev.vn/s/QVev5hwP\nGửi CV về: career@topdev.vn\nVới tiêu đề: Aventra Group - Data Engineer / Data Senior Engineer / Team Lead\nSee translation", "time": "2023-01-17 11:39:34", "timestamp": 1673930374, "likes": 0, "reaction_count": 0, "comments_full": "Link JD & Apply nhanh: https://\ntopdev.vn/s/\nQVev5hwP\n"},
{"original_request_url": "https://m.facebook.com/505974064755399", "post_url": "https://m.facebook.com/505974064755399", "post_id": 505974064755399, "text": "QUY ĐỊNH ĐĂNG BÀI:\n\n- Mỗi ngày chỉ đăng 1 bài\n- Nội dung chỉ được liên quan đến mảng dữ liệu\n- Không spam, không đăng các job partime, nhập liệu...\n\nCác trường hợp vi phạm sẽ bị ban 7 ngày và gỡ các bài đã đăng. Thanks", "post_text": "QUY ĐỊNH ĐĂNG BÀI:\n\n- Mỗi ngày chỉ đăng 1 bài\n- Nội dung chỉ được liên quan đến mảng dữ liệu\n- Không spam, không đăng các job partime, nhập liệu...\n\nCác trường hợp vi phạm sẽ bị ban 7 ngày và gỡ các bài đã đăng. Thanks", "shared_text": "", "time": "2023-01-11 11:25:30", "timestamp": 1673411130, "likes": 13, "reaction_count": 13, "comments_full": ""},
{"original_request_url": "https://m.facebook.com/508891167797022", "post_url": "https://m.facebook.com/508891167797022", "post_id": 508891167797022, "text": "THÔNG BÁO TUYỂN DỤNG: 👉 [Q. Hoàn Kiếm, Hà Nội] 👈\nErnst & Young tung OFFER HẤP DẪN chào đón các Consultant | Data & Analytics chỉ từ 1 năm kinh nghiệm. Nhanh chóng apply CV để đồng hành cùng Ernst & Young nhé!!!\n\n\nCác yêu cầu cần thiết:\nCó từ 1 năm kinh nghiệm tư vấn, quản lý và phân tích dữ liệu.\nHiểu biết về ngôn ngữ lập trình, chẳng hạn như SQL là bắt buộc (máy chủ SQL, Oracle, IBM, v.v.).\nMức đãi ngộ tuyệt vời:\nMức lương được thỏa thuận theo năng lực.\nBảo hiểm y tế.\nCơ hội phát triển các kỹ năng mới và thăng tiến trong sự nghiệp của bạn.\nNghỉ thường niên.\nĐược cung cấp máy tính xách tay.\nHỗ trợ, huấn luyện và phản hồi từ các chuyên gia bảo mật.\nTự do và linh hoạt để xử lý vai trò của bạn theo cách phù hợp với bạn.\nCó được bằng MBA doanh nghiệp được công nhận hoàn toàn (EY Tech MBA) từ Trường Kinh doanh Quốc tế Hult.\nThời gian làm việc: T2 - T6 (8:00 -17:30).\n\n\nGửi CV tiếng Anh về: career@topdev.vn\nVới tiêu đề: [Ernst & Young - Data & Analytics Consultant]\nNếu có thắc mắc về công việc hãy cmt hoặc inbox cho mình nhé!\nSee translation", "post_text": "THÔNG BÁO TUYỂN DỤNG: 👉 [Q. Hoàn Kiếm, Hà Nội] 👈\nErnst & Young tung OFFER HẤP DẪN chào đón các Consultant | Data & Analytics chỉ từ 1 năm kinh nghiệm. Nhanh chóng apply CV để đồng hành cùng Ernst & Young nhé!!!\n\n\nCác yêu cầu cần thiết:\nCó từ 1 năm kinh nghiệm tư vấn, quản lý và phân tích dữ liệu.\nHiểu biết về ngôn ngữ lập trình, chẳng hạn như SQL là bắt buộc (máy chủ SQL, Oracle, IBM, v.v.).\nMức đãi ngộ tuyệt vời:\nMức lương được thỏa thuận theo năng lực.\nBảo hiểm y tế.\nCơ hội phát triển các kỹ năng mới và thăng tiến trong sự nghiệp của bạn.\nNghỉ thường niên.\nĐược cung cấp máy tính xách tay.\nHỗ trợ, huấn luyện và phản hồi từ các chuyên gia bảo mật.\nTự do và linh hoạt để xử lý vai trò của bạn theo cách phù hợp với bạn.\nCó được bằng MBA doanh nghiệp được công nhận hoàn toàn (EY Tech MBA) từ Trường Kinh doanh Quốc tế Hult.\nThời gian làm việc: T2 - T6 (8:00 -17:30).\n\n\nGửi CV tiếng Anh về: career@topdev.vn\nVới tiêu đề: [Ernst & Young - Data & Analytics Consultant]\nNếu có thắc mắc về công việc hãy cmt hoặc inbox cho mình nhé!\nSee translation", "time": "2023-01-16 14:01:12", "timestamp": 1673852472, "likes": 2, "reaction_count": 2, "comments_full": "Ernst & Young CẦN TUYỂN Chuyên viên Tư vấn, Quản lý Dữ liệu với OFFER HẤP DẪN https://\ntopdev.vn/s/\nIpjNagAp\n"},
{"original_request_url": "https://m.facebook.com/508959351123537", "post_url": "https://m.facebook.com/508959351123537", "post_id": 508959351123537, "text": "[HCM] ESUHAI chiêu mộ Data Analyst với OFFER cực xịn cũng loạt đãi ngộ siêu hấp dẫn. Tham khảo link JD và APPLY ngay để không bỏ lỡ OFFER cực xịn này nhé!\nEsuhai cần bạn:\nCó 1 năm KN làm việc với vị trí Data Analyst.\nĐãi ngộ tại Esuhai:\nMức lương cạnh tranh, thỏa thuận theo năng lực + review lương 2 lần/ năm.\nThưởng hiệu quả công việc 2 lần / năm và thưởng lễ (30/04, 02/09, 20/11, 01/01).\nĐầy đủ chế độ phúc lợi, BHXH-BHYT theo qui định.\nCó Phụ cấp ngoài giờ, Phụ cấp di chuyển chi nhánh, Phụ cấp công tác.\n-\\-\\-\\-\\-\\-\\-\\-\\-\\-\\-\\-\\-\\-\\-\\-\\-\\-\\-\\-\\-\\-\\-\\-\\-\\-\\-\\-\\-\\-\\-\\-\\-\\-\\-\\-\\-\\-\\-\\-\\-\\-\\-\\-\\-\\-\\-\\-\\-\\-\\-\\-\\-\\-\\-\\-\\-\\-\\-\\-\\-\\-\\-\\-\\-\\-\\-\\-\\-\\-\\-\\-\\-\\-\\-\\-\\-\\-\\-\\-\\-\\-\\-\\-\\-\\-\\-\\-\\-\\-\\-\\-\\-\\-\\-\\-\\-\\-\\-\\-\\-\\-\\-\\-\\-\\-\\-\\-\\-\\-\\-\\-\\\nNếu có thắc mắc cần được giải đáp chi tiết, các bạn inbox hoặc comment trong bài viết của mình nhé!\nXem JD chi tiết và apply vào link sau:https://topdev.vn/s/4lmVikJI\nCác bạn có thể apply CV về mail: career@topdev.vn\nVới tiêu đề: ESUHAI - Data Analyst\nSee translation", "post_text": "[HCM] ESUHAI chiêu mộ Data Analyst với OFFER cực xịn cũng loạt đãi ngộ siêu hấp dẫn. Tham khảo link JD và APPLY ngay để không bỏ lỡ OFFER cực xịn này nhé!\nEsuhai cần bạn:\nCó 1 năm KN làm việc với vị trí Data Analyst.\nĐãi ngộ tại Esuhai:\nMức lương cạnh tranh, thỏa thuận theo năng lực + review lương 2 lần/ năm.\nThưởng hiệu quả công việc 2 lần / năm và thưởng lễ (30/04, 02/09, 20/11, 01/01).\nĐầy đủ chế độ phúc lợi, BHXH-BHYT theo qui định.\nCó Phụ cấp ngoài giờ, Phụ cấp di chuyển chi nhánh, Phụ cấp công tác.\n-\\-\\-\\-\\-\\-\\-\\-\\-\\-\\-\\-\\-\\-\\-\\-\\-\\-\\-\\-\\-\\-\\-\\-\\-\\-\\-\\-\\-\\-\\-\\-\\-\\-\\-\\-\\-\\-\\-\\-\\-\\-\\-\\-\\-\\-\\-\\-\\-\\-\\-\\-\\-\\-\\-\\-\\-\\-\\-\\-\\-\\-\\-\\-\\-\\-\\-\\-\\-\\-\\-\\-\\-\\-\\-\\-\\-\\-\\-\\-\\-\\-\\-\\-\\-\\-\\-\\-\\-\\-\\-\\-\\-\\-\\-\\-\\-\\-\\-\\-\\-\\-\\-\\-\\-\\-\\-\\-\\-\\-\\-\\-\\\nNếu có thắc mắc cần được giải đáp chi tiết, các bạn inbox hoặc comment trong bài viết của mình nhé!\nXem JD chi tiết và apply vào link sau:https://topdev.vn/s/4lmVikJI\nCác bạn có thể apply CV về mail: career@topdev.vn\nVới tiêu đề: ESUHAI - Data Analyst\nSee translation", "time": "2023-01-16 17:08:18", "timestamp": 1673863698, "likes": 0, "reaction_count": 0, "comments_full": "Xem JD chi tiết và apply vào link sau:https://\ntopdev.vn/s/\n4lmVikJI\n"},
{"original_request_url": "https://m.facebook.com/508904231129049", "post_url": "https://m.facebook.com/508904231129049", "post_id": 508904231129049, "text": "HOT JOBS FROM SKY MAVIS 👋\n\n💻 Sky Mavis, the pioneer behind the blockchain game Axie Infinity, is revolutionizing the virtual gaming world with innovative technology and infrastructure. We are committed to fostering a dynamic and inclusive work culture where individuals can bring their authentic selves to the table. As a team of entrepreneurial disruptors and gamers, we are driven by a shared passion for making a meaningful impact and embracing the challenges and critiques that come with being at the forefront of technological advancement.\n-\\-\\-\\-\\\nIf you are interested in working on scalable products with millions of users, and exploring our variety and quality products, check these out:\n\n🔹 Growth Data Analyst (Expert level)\n🔹 Analytics Engineer (Senior)\n-\\-\\-\\-\\\nFor any other positions, feel free to ping me anytime!\n💬 Drop your resume at: phuong.tu@skymavis.com\n💬 LinkedIn Message\n💬 Zalo: 0332041290\n💬 Telegram: @phuongtu\nFollow more jobs and apply at: https://lnkd.in/gdq42x5M\nThank you & wish you all the best!!!\n#productanalyst #GrowthData #python #sql #golang #react", "post_text": "HOT JOBS FROM SKY MAVIS 👋\n\n💻 Sky Mavis, the pioneer behind the blockchain game Axie Infinity, is revolutionizing the virtual gaming world with innovative technology and infrastructure. We are committed to fostering a dynamic and inclusive work culture where individuals can bring their authentic selves to the table. As a team of entrepreneurial disruptors and gamers, we are driven by a shared passion for making a meaningful impact and embracing the challenges and critiques that come with being at the forefront of technological advancement.\n-\\-\\-\\-\\\nIf you are interested in working on scalable products with millions of users, and exploring our variety and quality products, check these out:\n\n🔹 Growth Data Analyst (Expert level)\n🔹 Analytics Engineer (Senior)\n-\\-\\-\\-\\\nFor any other positions, feel free to ping me anytime!\n💬 Drop your resume at: phuong.tu@skymavis.com\n💬 LinkedIn Message\n💬 Zalo: 0332041290\n💬 Telegram: @phuongtu\nFollow more jobs and apply at: https://lnkd.in/gdq42x5M\nThank you & wish you all the best!!!\n#productanalyst #GrowthData #python #sql #golang #react", "time": "2023-01-16 14:40:01", "timestamp": 1673854801, "likes": 1, "reaction_count": 1, "comments_full": ""},
{"original_request_url": "https://m.facebook.com/508881707797968", "post_url": "https://m.facebook.com/508881707797968", "post_id": 508881707797968, "text": "[Cầu Giấy - HN] Công ty CNTT 1200 nhân sự cần tìm 1 DA mạnh về Power BI có >3 YOE. offer upto 20M GM: ngaht1@vmogroup.com", "post_text": "[Cầu Giấy - HN] Công ty CNTT 1200 nhân sự cần tìm 1 DA mạnh về Power BI có >3 YOE. offer upto 20M GM: ngaht1@vmogroup.com", "shared_text": "", "time": "2023-01-16 13:34:18", "timestamp": 1673850858, "likes": 1, "reaction_count": 1, "comments_full": ""},
{"original_request_url": "https://m.facebook.com/508836904469115", "post_url": "https://m.facebook.com/508836904469115", "post_id": 508836904469115, "text": "MINDX TẶNG HỌC BỔNG 8.000.000Đ CHO HỌC VIÊN ĐĂNG KÝ LỘ TRÌNH HỌC DATA ANALYST\n→ Bạn có thể đăng ký trước Tết - Ra Tết MindX có lớp khai giảng.\nHọc bổng đánh dấu cột mốc “MindX ký đề án hợp tác với Bộ Giáo dục và Đào tạo hỗ trợ học sinh, sinh viên khởi nghiệp công nghệ”.\nTại sao bạn nên tham gia #khóa_học_Data_Analyst tại MindX?\n✅ Lộ trình được thiết kế từ cơ bản đến nâng cao, dựa trên quy trình làm việc thực tế của một data analyst tại doanh nghiệp, phù hợp với những người chưa có nền tảng về IT và phân tích dữ liệu.\n✅ Học viên được thực hành thành thạo bộ công cụ (Power BI, SQL, Python,..) giúp làm sạch, bóc tách và trực quan hóa hàng triệu dữ liệu dễ dàng, nhanh chóng. Ngoài ra còn được trang bị tư duy, trang bị bộ kỹ năng mềm để làm việc thực tế.\n✅ Sở hữu ít nhất 4 dự án cá nhân để cho vào CV. Học đến đâu, thực hành đến đó với hơn 50% thời gian học dưới sự hướng dẫn của giảng viên, mentor cực kỳ sát sao với học viên\n✅ Cam kết giới thiệu việc làm bằng văn bản, có chứng chỉ hoàn thành khóa học. MindX sẽ đồng hành cùng bạn cho tới khi có việc làm.\nĐăng ký tại link http://ldp.to/data-analyst\nHoặc inbox cho mình để được tư vấn chi tiết nhé.\nSee translation", "post_text": "MINDX TẶNG HỌC BỔNG 8.000.000Đ CHO HỌC VIÊN ĐĂNG KÝ LỘ TRÌNH HỌC DATA ANALYST\n→ Bạn có thể đăng ký trước Tết - Ra Tết MindX có lớp khai giảng.\nHọc bổng đánh dấu cột mốc “MindX ký đề án hợp tác với Bộ Giáo dục và Đào tạo hỗ trợ học sinh, sinh viên khởi nghiệp công nghệ”.\nTại sao bạn nên tham gia #khóa_học_Data_Analyst tại MindX?\n✅ Lộ trình được thiết kế từ cơ bản đến nâng cao, dựa trên quy trình làm việc thực tế của một data analyst tại doanh nghiệp, phù hợp với những người chưa có nền tảng về IT và phân tích dữ liệu.\n✅ Học viên được thực hành thành thạo bộ công cụ (Power BI, SQL, Python,..) giúp làm sạch, bóc tách và trực quan hóa hàng triệu dữ liệu dễ dàng, nhanh chóng. Ngoài ra còn được trang bị tư duy, trang bị bộ kỹ năng mềm để làm việc thực tế.\n✅ Sở hữu ít nhất 4 dự án cá nhân để cho vào CV. Học đến đâu, thực hành đến đó với hơn 50% thời gian học dưới sự hướng dẫn của giảng viên, mentor cực kỳ sát sao với học viên\n✅ Cam kết giới thiệu việc làm bằng văn bản, có chứng chỉ hoàn thành khóa học. MindX sẽ đồng hành cùng bạn cho tới khi có việc làm.\nĐăng ký tại link http://ldp.to/data-analyst\nHoặc inbox cho mình để được tư vấn chi tiết nhé.\nSee translation", "time": "2023-01-16 11:24:13", "timestamp": 1673843053, "likes": 2, "reaction_count": 2, "comments_full": "Đăng ký tại link http://ldp.to/\ndata-analyst\n"},
{"original_request_url": "https://m.facebook.com/508623327823806", "post_url": "https://m.facebook.com/508623327823806", "post_id": 508623327823806, "text": "Mình nhận crawl dữ liệu từ các website (tài chính, ecommerce…)\nI have received to crawl data from websites (finance, ecommerce…)\n\nAi có nhu cầu có thể inbox trực tiếp cho mình ạ!\nPlease leave direct messages to me if you need!\n\nMình cảm ơn.\nThank so much.", "post_text": "Mình nhận crawl dữ liệu từ các website (tài chính, ecommerce…)\nI have received to crawl data from websites (finance, ecommerce…)\n\nAi có nhu cầu có thể inbox trực tiếp cho mình ạ!\nPlease leave direct messages to me if you need!\n\nMình cảm ơn.\nThank so much.", "shared_text": "", "time": "2023-01-16 01:09:18", "timestamp": 1673806158, "likes": 1, "reaction_count": 1, "comments_full": ""},
{"original_request_url": "https://m.facebook.com/508598641159608", "post_url": "https://m.facebook.com/508598641159608", "post_id": 508598641159608, "text": "JOB REMOTE\nTUYỂN DỤNG VỊ TRÍ : HÀNH CHÍNH NHÂN SỰ\n\n• Công việc : Nhập dữ liệu, sửa chữa số liệu, lưu trữ,thống kê giấy tờ sổ sách,và các dữ liệu liên quan\n\n• Thu nhập : 10 -12M/tháng\n\n• Yêu cầu : không yêu cầu kinh nghiệm\n\n• Môi trường chuyên nghiệp , có cơ hội thăng tiến .\n\n• Thời gian làm việc: T2 - T7 ( off chiều t7, CN )\nCHỦ ĐỘNG IB NHẬN VIỆC NHÉ", "post_text": "JOB REMOTE\nTUYỂN DỤNG VỊ TRÍ : HÀNH CHÍNH NHÂN SỰ\n\n• Công việc : Nhập dữ liệu, sửa chữa số liệu, lưu trữ,thống kê giấy tờ sổ sách,và các dữ liệu liên quan\n\n• Thu nhập : 10 -12M/tháng\n\n• Yêu cầu : không yêu cầu kinh nghiệm\n\n• Môi trường chuyên nghiệp , có cơ hội thăng tiến .\n\n• Thời gian làm việc: T2 - T7 ( off chiều t7, CN )\nCHỦ ĐỘNG IB NHẬN VIỆC NHÉ", "shared_text": "", "time": "2023-01-16 00:15:43", "timestamp": 1673802943, "likes": 0, "reaction_count": 0, "comments_full": ""},
{"original_request_url": "https://m.facebook.com/508357461183726", "post_url": "https://m.facebook.com/508357461183726", "post_id": 508357461183726, "text": "⚡️ Bạn Có Tính Tỉ Mỉ Cao - VietJet Đang Cần Bạn\n✅ Cần: Các bạn có Điện Thoại, Siêng Năng\n=>> C.V cụ thể: Chỉnh sửa lỗi chính tả văn bản, nhập dữ diệu theo mẫu\n=>> - Lương: 200-350k/giờ - Làm không giới hạn\n💬 Nhắn tin để nhận J.D cụ thể và nộp H.S", "post_text": "⚡️ Bạn Có Tính Tỉ Mỉ Cao - VietJet Đang Cần Bạn\n✅ Cần: Các bạn có Điện Thoại, Siêng Năng\n=>> C.V cụ thể: Chỉnh sửa lỗi chính tả văn bản, nhập dữ diệu theo mẫu\n=>> - Lương: 200-350k/giờ - Làm không giới hạn\n💬 Nhắn tin để nhận J.D cụ thể và nộp H.S", "shared_text": "", "time": "2023-01-15 15:35:19", "timestamp": 1673771719, "likes": 0, "reaction_count": 0, "comments_full": ""},
{"original_request_url": "https://m.facebook.com/503215171697955", "post_url": "https://m.facebook.com/503215171697955", "post_id": 503215171697955, "text": "🔰🔰🔰[HCM] Cơ hội đồng hành cùng ESUHAI và ôm trọn OFFER siêu hời dành riêng cho DATA ANALYST đến rồi đây - Nhanh tay apply để không bỏ lỡ cơ hội nhé!\nLink JD và Apply ngay: https://topdev.vn/s/6KYhlxmv\n🔻Yêu cầu đơn giản:\nCó từ 1 năm KN về Data Analyst.\nThành thạo công cụ tích hợp dữ liệu ETL (Power BI, Tableau, Google Big-query).\nCó khả năng quản lý và vận hành large-scale dataset/ relational databases.\n🔻Phúc lợi:\nMức lương hấp dẫn + Review lương hàng năm.\nThưởng hiệu quả công việc (2 kỳ/năm) và các ngày lễ.\nPhụ cấp ngoài giờ, Phụ cấp di chuyển chi nhánh, Phụ cấp công tác.\nChế độ bảo hiểm đầy đủ, khám sức khỏe định kỳ.\nTrợ cấp nhà xa, Cơm trưa, Môi trường làm việc, Thai sản,..\nTrải nghiệm các hoạt động team building, du lịch.\nCÁCH THỨC ỨNG TUYỂN:\n📬Gửi CV về: career@topdev.vn\n📬Với tiêu đề: ESUHAI - Data Analyst\n-\\-\\-\\-\\-\\-\\-\\-\\-\\-\\-\\-\\-\\-\\-\\-\\-\\-\\-\\-\\-\\-\\-\\-\\-\\-\\-\\-\\-\\-\\-\\-\\-\\-\\-\\-\\-\\-\\-\\-\\-\\-\\-\\-\\-\\-\\-\\-\\-\\-\\-\\-\\-\\-\\-\\-\\-\\-\\-\\-\\-\nNếu có thắc mắc cần được giải đáp, đừng ngần ngại comment hoặc inbox cho mình biết nhé!\nSee translation", "post_text": "🔰🔰🔰[HCM] Cơ hội đồng hành cùng ESUHAI và ôm trọn OFFER siêu hời dành riêng cho DATA ANALYST đến rồi đây - Nhanh tay apply để không bỏ lỡ cơ hội nhé!\nLink JD và Apply ngay: https://topdev.vn/s/6KYhlxmv\n🔻Yêu cầu đơn giản:\nCó từ 1 năm KN về Data Analyst.\nThành thạo công cụ tích hợp dữ liệu ETL (Power BI, Tableau, Google Big-query).\nCó khả năng quản lý và vận hành large-scale dataset/ relational databases.\n🔻Phúc lợi:\nMức lương hấp dẫn + Review lương hàng năm.\nThưởng hiệu quả công việc (2 kỳ/năm) và các ngày lễ.\nPhụ cấp ngoài giờ, Phụ cấp di chuyển chi nhánh, Phụ cấp công tác.\nChế độ bảo hiểm đầy đủ, khám sức khỏe định kỳ.\nTrợ cấp nhà xa, Cơm trưa, Môi trường làm việc, Thai sản,..\nTrải nghiệm các hoạt động team building, du lịch.\nCÁCH THỨC ỨNG TUYỂN:\n📬Gửi CV về: career@topdev.vn\n📬Với tiêu đề: ESUHAI - Data Analyst\n-\\-\\-\\-\\-\\-\\-\\-\\-\\-\\-\\-\\-\\-\\-\\-\\-\\-\\-\\-\\-\\-\\-\\-\\-\\-\\-\\-\\-\\-\\-\\-\\-\\-\\-\\-\\-\\-\\-\\-\\-\\-\\-\\-\\-\\-\\-\\-\\-\\-\\-\\-\\-\\-\\-\\-\\-\\-\\-\\-\\-\nNếu có thắc mắc cần được giải đáp, đừng ngần ngại comment hoặc inbox cho mình biết nhé!\nSee translation", "time": "2023-01-06 09:56:07", "timestamp": 1672973767, "likes": 1, "reaction_count": 1, "comments_full": ""},
{"original_request_url": "https://m.facebook.com/497167042302768", "post_url": "https://m.facebook.com/497167042302768", "post_id": 497167042302768, "text": "[HCM] HOTDEAL LÊN ĐẾN $1,800 ĐANG RỘNG MỞ CHO CÁC CHUYÊN VIÊN CƠ SỞ DỮ LIỆU - TRUNG TÂM KỸ THUẬT HẠ TẦNG TẠI NGÂN HÀNG TMCP SÀI GÒN THƯƠNG TÍN (SACOMBANK). NHANH TAY ỨNG TUYỂN ĐỂ NHẬN DÀN ĐÃI NGỘ XỊN SÒ NHÉ!\nYêu cầu:\nCó từ 3 năm KN cài đặt, cấu hình, quản trị CSDL Oracle, SQL Server.\nĐãi ngộ:\nMức lương hấp dẫn lên đến $1,800.\nĐược đào tạo nghiệp vụ, kiến thức công việc liên quan.\nCơ hội nghề nghiệp & lộ trình thăng tiến rõ ràng.\nDu lịch nghỉ mát hàng năm.\nMôi trường làm việc chuyên nghiệp và thân thiện.\nCó thắc mắc cần được giải đáp các bạn đừng ngần ngại comment hoặc inbox để được giải đáp nhé!\nXem JD và apply tại link sau: https://topdev.vn/s/tbeO2nZM\nMail nhận CV: career@topdev.vn\nTiêu đề: Sacombank - CHUYÊN VIÊN CƠ SỞ DỮ LIỆU - TRUNG TÂM KỸ THUẬT HẠ TẦNG\nSee translation", "post_text": "[HCM] HOTDEAL LÊN ĐẾN $1,800 ĐANG RỘNG MỞ CHO CÁC CHUYÊN VIÊN CƠ SỞ DỮ LIỆU - TRUNG TÂM KỸ THUẬT HẠ TẦNG TẠI NGÂN HÀNG TMCP SÀI GÒN THƯƠNG TÍN (SACOMBANK). NHANH TAY ỨNG TUYỂN ĐỂ NHẬN DÀN ĐÃI NGỘ XỊN SÒ NHÉ!\nYêu cầu:\nCó từ 3 năm KN cài đặt, cấu hình, quản trị CSDL Oracle, SQL Server.\nĐãi ngộ:\nMức lương hấp dẫn lên đến $1,800.\nĐược đào tạo nghiệp vụ, kiến thức công việc liên quan.\nCơ hội nghề nghiệp & lộ trình thăng tiến rõ ràng.\nDu lịch nghỉ mát hàng năm.\nMôi trường làm việc chuyên nghiệp và thân thiện.\nCó thắc mắc cần được giải đáp các bạn đừng ngần ngại comment hoặc inbox để được giải đáp nhé!\nXem JD và apply tại link sau: https://topdev.vn/s/tbeO2nZM\nMail nhận CV: career@topdev.vn\nTiêu đề: Sacombank - CHUYÊN VIÊN CƠ SỞ DỮ LIỆU - TRUNG TÂM KỸ THUẬT HẠ TẦNG\nSee translation", "time": "2022-12-27 14:13:25", "timestamp": 1672125205, "likes": 0, "reaction_count": 0, "comments_full": ""},
{"original_request_url": "https://m.facebook.com/502674838418655", "post_url": "https://m.facebook.com/502674838418655", "post_id": 502674838418655, "text": "[HCM] Cơ hội làm việc trong môi trường chuyên nghiệp tại Yes4All với nhiều đãi ngộ & OFFER Hấp dẫn dành cho Data Engineer (Python). Nhanh tay apply để nhận lịch PV sớm nhất nhé!\nTiêu chí cần có:\n🥳Có từ 1 năm KN tại vị trí Data Engineer\n🥳Có khả năng lập trình Python\nChế độ lương & phúc lơi:\n🙋‍♀️Lương thưởng hấp dẫn, deal lương theo năng lực.\n🙋‍♀️Lương tháng 13 + Share lợi nhuận của công ty.\n🙋‍♀️Thưởng: Nhân viên được thưởng bằng tiền mặt vào các dịp Lễ, Tết/ Sinh nhật/ Cưới hỏi và các dịp đặc biệt trong năm từ 500.000 - 3.000.000 VNĐ/ dịp.\n🙋‍♀️Tăng lương theo năng lực làm việc.\n🙋‍♀️Cung cấp laptop/desktop.\n🙋‍♀️Thời gian làm việc: T2-T6 | 08:30-12:00 & 13:00- 17:30.\n-\\-\\-\\-\\-\\-\\-\\-\\-\\-\\-\\-\\-\\-\\-\\-\\-\\-\\-\\-\\-\\-\\-\\-\\-\\-\\-\\-\\-\\-\\-\\-\\-\\-\\-\\-\\-\\-\\-\\-\\-\\-\\-\\-\\-\\-\\-\\-\\-\\-\\-\\-\\-\\-\\-\\-\\-\\-\\-\\-\\-\\-\\-\\-\\-\\-\\-\\-\\-\\-\\-\\-\\-\\-\\\nCó thắc mắc bạn có thể inbox hoặc comment em biết nhé!\n😘Link JD & Apply nhanh: https://topdev.vn/s/nqMyeC8I\n😘Gửi CV về: career@topdev.vn\n😘Với tiêu đề: Yes4All - Data Engineer (Python)\nSee translation", "post_text": "[HCM] Cơ hội làm việc trong môi trường chuyên nghiệp tại Yes4All với nhiều đãi ngộ & OFFER Hấp dẫn dành cho Data Engineer (Python). Nhanh tay apply để nhận lịch PV sớm nhất nhé!\nTiêu chí cần có:\n🥳Có từ 1 năm KN tại vị trí Data Engineer\n🥳Có khả năng lập trình Python\nChế độ lương & phúc lơi:\n🙋‍♀️Lương thưởng hấp dẫn, deal lương theo năng lực.\n🙋‍♀️Lương tháng 13 + Share lợi nhuận của công ty.\n🙋‍♀️Thưởng: Nhân viên được thưởng bằng tiền mặt vào các dịp Lễ, Tết/ Sinh nhật/ Cưới hỏi và các dịp đặc biệt trong năm từ 500.000 - 3.000.000 VNĐ/ dịp.\n🙋‍♀️Tăng lương theo năng lực làm việc.\n🙋‍♀️Cung cấp laptop/desktop.\n🙋‍♀️Thời gian làm việc: T2-T6 | 08:30-12:00 & 13:00- 17:30.\n-\\-\\-\\-\\-\\-\\-\\-\\-\\-\\-\\-\\-\\-\\-\\-\\-\\-\\-\\-\\-\\-\\-\\-\\-\\-\\-\\-\\-\\-\\-\\-\\-\\-\\-\\-\\-\\-\\-\\-\\-\\-\\-\\-\\-\\-\\-\\-\\-\\-\\-\\-\\-\\-\\-\\-\\-\\-\\-\\-\\-\\-\\-\\-\\-\\-\\-\\-\\-\\-\\-\\-\\-\\-\\\nCó thắc mắc bạn có thể inbox hoặc comment em biết nhé!\n😘Link JD & Apply nhanh: https://topdev.vn/s/nqMyeC8I\n😘Gửi CV về: career@topdev.vn\n😘Với tiêu đề: Yes4All - Data Engineer (Python)\nSee translation", "time": "2023-01-05 14:06:24", "timestamp": 1672902384, "likes": 1, "reaction_count": 1, "comments_full": ""},
{"original_request_url": "https://m.facebook.com/505547541464718", "post_url": "https://m.facebook.com/505547541464718", "post_id": 505547541464718, "text": "[ JAPFA COMFEED VIỆT NAM]\n⭐Ưu tiên các bạn Fresher, team sẽ đào tạo thêm\n—————————\n⭐Yêu cầu nhỏ:\n- Tốt nghiệp chuyên ngành CNTT\n- Tiếng anh khá\n- Thời gian làm việc fulltime (Thứ 2-6) (8h-17h)\n- Có thể về nhà máy Japfa training từ 2-6 tháng\n➖➖➖➖➖\n🔥 .Net Dev\n🔥 Data Engineer\n🔥 Database Administrator\n🔥 IT Project Management Officer\n➖➖➖➖➖\nMọi người chỉ cần Ping em\nEm sẽ gửi JD siêu nhanh cho mọi người\n➖➖➖➖➖\nCó 3 địa điểm làm việc cho mọi người lựa chọn\n- HCM: Phổ Quang, Tân Bình\n- Long An: Bến Lức, Long An ( có xe đưa đón)\n- Đồng Nai: Đường Đồng Khởi, Biên Hoà, Đồng Nai. ( có xe đưa đón)\n➖➖➖➖➖\n✅Với chế độ\n➖15 ngày nghỉ phép/ năm, và các ngày nghỉ lễ khác\n➖Thưởng tháng 13 +++\n➖Phụ cấp điện thoại, phụ cấp cơm trưa\n➖Tham gia BHYT, BHXH theo quy định của pháp luật, BH tai nạn 24h\n➖Cơ hội được training kiến thức và kỹ năng để phát triển sự nghiệp\n➖Du lịch hằng năm\n➖➖➖➖➖\n☀️ Liên hệ:\n💌 ha.nguyenkhanh@japfa.com\n☎️ 0332174500 ( zalo)", "post_text": "[ JAPFA COMFEED VIỆT NAM]\n⭐Ưu tiên các bạn Fresher, team sẽ đào tạo thêm\n—————————\n⭐Yêu cầu nhỏ:\n- Tốt nghiệp chuyên ngành CNTT\n- Tiếng anh khá\n- Thời gian làm việc fulltime (Thứ 2-6) (8h-17h)\n- Có thể về nhà máy Japfa training từ 2-6 tháng\n➖➖➖➖➖\n🔥 .Net Dev\n🔥 Data Engineer\n🔥 Database Administrator\n🔥 IT Project Management Officer\n➖➖➖➖➖\nMọi người chỉ cần Ping em\nEm sẽ gửi JD siêu nhanh cho mọi người\n➖➖➖➖➖\nCó 3 địa điểm làm việc cho mọi người lựa chọn\n- HCM: Phổ Quang, Tân Bình\n- Long An: Bến Lức, Long An ( có xe đưa đón)\n- Đồng Nai: Đường Đồng Khởi, Biên Hoà, Đồng Nai. ( có xe đưa đón)\n➖➖➖➖➖\n✅Với chế độ\n➖15 ngày nghỉ phép/ năm, và các ngày nghỉ lễ khác\n➖Thưởng tháng 13 +++\n➖Phụ cấp điện thoại, phụ cấp cơm trưa\n➖Tham gia BHYT, BHXH theo quy định của pháp luật, BH tai nạn 24h\n➖Cơ hội được training kiến thức và kỹ năng để phát triển sự nghiệp\n➖Du lịch hằng năm\n➖➖➖➖➖\n☀️ Liên hệ:\n💌 ha.nguyenkhanh@japfa.com\n☎️ 0332174500 ( zalo)", "shared_text": "", "time": "2023-01-10 16:54:43", "timestamp": 1673344483, "likes": 2, "reaction_count": 2, "comments_full": "Chị ơi cho em xin jd DE với ạ\n"},
{"original_request_url": "https://m.facebook.com/506501751369297", "post_url": "https://m.facebook.com/506501751369297", "post_id": 506501751369297, "text": "Negaxy Studio – chiêu mộ nhân tài vị trí Data Engineer\n- Offer upto 3000$\nỨng viên được kỳ vọng là người có tư duy logic, giao tiếp tiếng anh tốt. Có ít nhất 3 năm kinh nghiệm trở lên tại vị trí tương đương, có thể làm việc theo múi giờ GMT +8\n- Làm việc theo hình thức remote\nBạn quan tâm đến vị trí này hãy nhanh tay inbox với mình hoặc gửi CV trực tiếp về địa chỉ email: uyen.le@negaxy.vn\nSee translation", "post_text": "Negaxy Studio – chiêu mộ nhân tài vị trí Data Engineer\n- Offer upto 3000$\nỨng viên được kỳ vọng là người có tư duy logic, giao tiếp tiếng anh tốt. Có ít nhất 3 năm kinh nghiệm trở lên tại vị trí tương đương, có thể làm việc theo múi giờ GMT +8\n- Làm việc theo hình thức remote\nBạn quan tâm đến vị trí này hãy nhanh tay inbox với mình hoặc gửi CV trực tiếp về địa chỉ email: uyen.le@negaxy.vn\nSee translation", "time": "2023-01-12 10:04:27", "timestamp": 1673492667, "likes": 6, "reaction_count": 6, "comments_full": "Quan tâm ib mình gửi jd cụ thể nhé\nHoặc gửi CV về địa chỉ email: uyen.le@negaxy.\nvn nha\nQuan tâm ạ\nĐào Phương Thảo check ib mình nhé\nUyên mình chưa thấy tin nhắn ạ\nMỗi ngày 1 niềm dui về DATA tại đây nhaa https://\nwww.facebook.com\n/groups/\ndataanalyticsmem\ne\nbạn cho mình xin JD nhé\nNguyễn Duy Long check ib mình nhé\nbạn ơi check inbox mình nhé\nNam Tran check ib mình nhé\n"},
{"original_request_url": "https://m.facebook.com/503229438363195", "post_url": "https://m.facebook.com/503229438363195", "post_id": 503229438363195, "text": "𝗥𝗘𝗠𝗢𝗧𝗘 𝗜𝗧 𝗝𝗢𝗕\n......................................\n𝗬𝗘̂𝗨 𝗖𝗔̂̀𝗨\n𝟭. 𝗧𝗶𝗲̂́𝗻𝗴 𝗮𝗻𝗵 𝗙𝗹𝘂𝗹𝗲𝗻𝘁\n𝟮. 𝗧𝗲𝗰𝗵𝗻𝗶𝗰𝗮𝗹 𝗦𝗸𝗶𝗹𝗹 𝗸𝗵𝗮́\n..............................................\n𝗤𝗨𝗬𝗘̂̀𝗡 𝗟𝗢̛̣𝗜\n𝟭. 𝗟𝗮̀𝗺 𝘃𝗶𝗲̣̂𝗰 𝗥𝗲𝗺𝗼𝘁𝗲\n𝟮. 𝗦𝗮𝗿𝗮𝗹𝘆 ; 𝘂𝗽 𝘁𝗼 $𝟯𝟬𝟬𝟬\n𝟯. 𝗟𝗮̀𝗺 𝘃𝗶𝗲̣̂𝗰 𝘃𝗼̛́𝗶 đ𝗼̣̂𝗶 𝗻𝗴𝘂̃ 𝗰𝗵𝘂𝘆𝗲̂𝗻 𝗻𝗴𝗵𝗶𝗲̣̂𝗽 .........................................................\n𝗝𝗢𝗕 𝗟𝗜𝗦𝗧\n👇👇👇👇\n#Data\n#C++\n#Java\n#FrontEnd\n#Kotlin\n#QA", "post_text": "𝗥𝗘𝗠𝗢𝗧𝗘 𝗜𝗧 𝗝𝗢𝗕\n......................................\n𝗬𝗘̂𝗨 𝗖𝗔̂̀𝗨\n𝟭. 𝗧𝗶𝗲̂́𝗻𝗴 𝗮𝗻𝗵 𝗙𝗹𝘂𝗹𝗲𝗻𝘁\n𝟮. 𝗧𝗲𝗰𝗵𝗻𝗶𝗰𝗮𝗹 𝗦𝗸𝗶𝗹𝗹 𝗸𝗵𝗮́\n..............................................\n𝗤𝗨𝗬𝗘̂̀𝗡 𝗟𝗢̛̣𝗜\n𝟭. 𝗟𝗮̀𝗺 𝘃𝗶𝗲̣̂𝗰 𝗥𝗲𝗺𝗼𝘁𝗲\n𝟮. 𝗦𝗮𝗿𝗮𝗹𝘆 ; 𝘂𝗽 𝘁𝗼 $𝟯𝟬𝟬𝟬\n𝟯. 𝗟𝗮̀𝗺 𝘃𝗶𝗲̣̂𝗰 𝘃𝗼̛́𝗶 đ𝗼̣̂𝗶 𝗻𝗴𝘂̃ 𝗰𝗵𝘂𝘆𝗲̂𝗻 𝗻𝗴𝗵𝗶𝗲̣̂𝗽 .........................................................\n𝗝𝗢𝗕 𝗟𝗜𝗦𝗧\n👇👇👇👇\n#Data\n#C++\n#Java\n#FrontEnd\n#Kotlin\n#QA", "shared_text": "", "time": "2023-01-06 10:34:58", "timestamp": 1672976098, "likes": 3, "reaction_count": 3, "comments_full": ".\n.\n.\n.\n"},
{"original_request_url": "https://m.facebook.com/507222024630603", "post_url": "https://m.facebook.com/507222024630603", "post_id": 507222024630603, "text": "WE ARE HIRING FOR GREAT JOBS IN DONG DA, HANOI\n⭐️ Good at English communication ⭐️\nQUANTITATIVE RESEARCHER\n✅ Requirements:\nSolid background in mathematics or relating nature sciences\nPrefer Master/ PhD or IMO/ IOI/ IPHO medallists\nNot require prior experience in Finance\nFUNDAMENTAL QUANTITATIVE RESEARCHER\n✅ Requirements:\nStrong background in Math or relating nature sciences (not as high as Quantitative Researcher)\nPrefer Master/ PhD or IMO/ IOI/ IPHO medallists\nRequire experience/ knowledge in Finance\nTRADE OPERATION ANALYST\n✅ Requirements:\nProficient in Python, Bash, SQL\nKnowledge in the financial markets and trading\nFamiliar with linux and software\n—-\\-\\-\\-\\-\\-\\-\\-\\-\\-\\-\\-\\-\\-\\-\\-\\-\\-\\-\\-\\-\nPlease send your CV via mail: recruitment@jt1.vn\nSubject: [CV] Name - Position\nFor JD or further information, please inbox or contact me via Skype: (+84) 764 883 126\n—-\\-\\-\\-\\-\\-\\-\\-\\-\\-\\-\\-\\-\\-\\-\\-\\-\\-\\-\\-\\-\nHave a nice day 🧡", "post_text": "WE ARE HIRING FOR GREAT JOBS IN DONG DA, HANOI\n⭐️ Good at English communication ⭐️\nQUANTITATIVE RESEARCHER\n✅ Requirements:\nSolid background in mathematics or relating nature sciences\nPrefer Master/ PhD or IMO/ IOI/ IPHO medallists\nNot require prior experience in Finance\nFUNDAMENTAL QUANTITATIVE RESEARCHER\n✅ Requirements:\nStrong background in Math or relating nature sciences (not as high as Quantitative Researcher)\nPrefer Master/ PhD or IMO/ IOI/ IPHO medallists\nRequire experience/ knowledge in Finance\nTRADE OPERATION ANALYST\n✅ Requirements:\nProficient in Python, Bash, SQL\nKnowledge in the financial markets and trading\nFamiliar with linux and software\n—-\\-\\-\\-\\-\\-\\-\\-\\-\\-\\-\\-\\-\\-\\-\\-\\-\\-\\-\\-\\-\nPlease send your CV via mail: recruitment@jt1.vn\nSubject: [CV] Name - Position\nFor JD or further information, please inbox or contact me via Skype: (+84) 764 883 126\n—-\\-\\-\\-\\-\\-\\-\\-\\-\\-\\-\\-\\-\\-\\-\\-\\-\\-\\-\\-\\-\nHave a nice day 🧡", "time": "2023-01-13 16:46:25", "timestamp": 1673603185, "likes": 1, "reaction_count": 1, "comments_full": ""},
{"original_request_url": "https://m.facebook.com/507194157966723", "post_url": "https://m.facebook.com/507194157966723", "post_id": 507194157966723, "text": "🔥🔥[Hà Nội] Đến hẹn lại lên Ngân hàng hàng hải (MSB) tung OFFER đỉnh từ $1,000 lên đến $3,000 chiêu mộ thành viên tiềm năng Data Analyst về chung nhà.\n🌈Yêu cầu cần có:\nCó 2 năm KN ở vị trí Data Analyst (Database, SQL).\nƯu tiên ứng viên có khả năng sử dụng SQL,VBA, Python, R, SAS,....\n🌈Nhận về đãi ngộ:\nMức thu nhập cạnh tranh từ $1,000 lên đến $3,000 + thưởng dự án cực xịn sò tùy vị trí công việc.\nMôi trường làm việc trẻ trung, chuyên nghiệp được dẫn dắt bởi đội ngũ quản lý giỏi, cơ hội thăng tiến rõ ràng.\nCó cơ hội tham gia nhiều khóa đào tạo phong phú nâng cao kỹ năng chuyên môn.\nCơ sở vật chất tốt, cung cấp thiết bị hiện đại làm việc.\nGiờ làm việc hành chính từ thứ Hai đến thứ Sáu hàng tuần.\nMail nhận CV: career@topdev.vn\nTiêu đề: MSB - Data Analyst\nTham khảo thêm JD tại https://topdev.vn/s/XLVf2xLo\nSee translation", "post_text": "🔥🔥[Hà Nội] Đến hẹn lại lên Ngân hàng hàng hải (MSB) tung OFFER đỉnh từ $1,000 lên đến $3,000 chiêu mộ thành viên tiềm năng Data Analyst về chung nhà.\n🌈Yêu cầu cần có:\nCó 2 năm KN ở vị trí Data Analyst (Database, SQL).\nƯu tiên ứng viên có khả năng sử dụng SQL,VBA, Python, R, SAS,....\n🌈Nhận về đãi ngộ:\nMức thu nhập cạnh tranh từ $1,000 lên đến $3,000 + thưởng dự án cực xịn sò tùy vị trí công việc.\nMôi trường làm việc trẻ trung, chuyên nghiệp được dẫn dắt bởi đội ngũ quản lý giỏi, cơ hội thăng tiến rõ ràng.\nCó cơ hội tham gia nhiều khóa đào tạo phong phú nâng cao kỹ năng chuyên môn.\nCơ sở vật chất tốt, cung cấp thiết bị hiện đại làm việc.\nGiờ làm việc hành chính từ thứ Hai đến thứ Sáu hàng tuần.\nMail nhận CV: career@topdev.vn\nTiêu đề: MSB - Data Analyst\nTham khảo thêm JD tại https://topdev.vn/s/XLVf2xLo\nSee translation", "time": "2023-01-13 15:31:40", "timestamp": 1673598700, "likes": 1, "reaction_count": 1, "comments_full": "💥💥Data Analyst tiềm năng về chung nhà MSB nhận ngay OFFER xịn từ $1,000 lên đến $3,000, tham khảo thêm tại https://\ntopdev.vn/s/\nXLVf2xLo\n"},
{"original_request_url": "https://m.facebook.com/507170084635797", "post_url": "https://m.facebook.com/507170084635797", "post_id": 507170084635797, "text": "[HCM] HotDeal lên đến $1,800 đang rộng mở cho các CHUYÊN VIÊN CƠ SỞ DỮ LIỆU - TRUNG TÂM KỸ THUẬT HẠ TẦNG tại Ngân hàng TMCP Sài Gòn Thương tín (Sacombank). Nhanh tay ứng tuyển để nhận dàn đãi ngộ xịn sò nhé!\nYêu cầu:\nCó từ 3 năm KN cài đặt, cấu hình, quản trị CSDL Oracle, SQL Server.\nĐãi ngộ:\nMức lương hấp dẫn lên đến $1,800.\nĐược đào tạo nghiệp vụ, kiến thức công việc liên quan.\nCơ hội nghề nghiệp & lộ trình thăng tiến rõ ràng.\nDu lịch nghỉ mát hàng năm.\nMôi trường làm việc chuyên nghiệp và thân thiện.\nCó thắc mắc cần được giải đáp các bạn đừng ngần ngại comment hoặc inbox để được giải đáp nhé!\nXem JD và apply tại link sau: https://topdev.vn/s/939H1tpN\nMail nhận CV: career@topdev.vn\nTiêu đề: Sacombank - CHUYÊN VIÊN CƠ SỞ DỮ LIỆU - TRUNG TÂM KỸ THUẬT HẠ TẦNG\nSee translation", "post_text": "[HCM] HotDeal lên đến $1,800 đang rộng mở cho các CHUYÊN VIÊN CƠ SỞ DỮ LIỆU - TRUNG TÂM KỸ THUẬT HẠ TẦNG tại Ngân hàng TMCP Sài Gòn Thương tín (Sacombank). Nhanh tay ứng tuyển để nhận dàn đãi ngộ xịn sò nhé!\nYêu cầu:\nCó từ 3 năm KN cài đặt, cấu hình, quản trị CSDL Oracle, SQL Server.\nĐãi ngộ:\nMức lương hấp dẫn lên đến $1,800.\nĐược đào tạo nghiệp vụ, kiến thức công việc liên quan.\nCơ hội nghề nghiệp & lộ trình thăng tiến rõ ràng.\nDu lịch nghỉ mát hàng năm.\nMôi trường làm việc chuyên nghiệp và thân thiện.\nCó thắc mắc cần được giải đáp các bạn đừng ngần ngại comment hoặc inbox để được giải đáp nhé!\nXem JD và apply tại link sau: https://topdev.vn/s/939H1tpN\nMail nhận CV: career@topdev.vn\nTiêu đề: Sacombank - CHUYÊN VIÊN CƠ SỞ DỮ LIỆU - TRUNG TÂM KỸ THUẬT HẠ TẦNG\nSee translation", "time": "2023-01-13 14:21:11", "timestamp": 1673594471, "likes": 0, "reaction_count": 0, "comments_full": ""},
{"original_request_url": "https://m.facebook.com/505502434802562", "post_url": "https://m.facebook.com/505502434802562", "post_id": 505502434802562, "text": "[District 1, HCMC] DATA ENGINEER\nJT1’S CLIENT - A SINGAPORE COMPANY LEVERAGE THEIR CUSTOM-BUILT PLATFORM TO PREDICT THE FUTURE AND SHAVE NANOSECONDS OFF EACH TRADE\n👉👉Salary range: 🌟Up to 50 million Gross🌟\n-\\-\\-\\-\\-\\-\\-\\-\\-\\-\\-\\-\\-\\-\\-\\-\\-\\-\\-\\-\\-\\-\\-\\-\\-\\-\\-\\-\\-\\-\\-\\-\\-\\-\\-\\-\\-\\-\\-\\-\\-\\-\\-\\-\\-\\-\\-\n📌Requirements:\n4 years experience as a Data Engineer\nExperience with databases and SQL\nExperience with stream processing\nGood at English skills\n📌Benefits:\n13th month salary & performance review\n15 days of annual leave\nGovernmental insurances based on labor law\nLaptop provided\n-\\-\\-\\-\\-\\-\\-\\-\\-\\-\\-\\-\\-\\-\\-\\-\\-\\-\\-\\-\\-\\-\\-\\-\\-\\-\\-\\-\\-\\-\\-\\-\\-\\-\\-\\-\\-\\-\\-\\-\\-\\-\\-\\-\\-\\-\\-\\-\\-\\-\\-\\-\\-\\-\\\nIf you have any questions, feel free to contact me via:\n🌟Mail: recruitment@jt1.vn\nTitle of mail: CV - [POSITION] - [NAME]\n🌟Skype: +84982479096\nThank you for reading and Have a nice day!\n#JT1 #python #developer #django #linux #batabases #SQL #itjobs #IT #jobs #hiring #tuyendung #hcmc #vietnam", "post_text": "[District 1, HCMC] DATA ENGINEER\nJT1’S CLIENT - A SINGAPORE COMPANY LEVERAGE THEIR CUSTOM-BUILT PLATFORM TO PREDICT THE FUTURE AND SHAVE NANOSECONDS OFF EACH TRADE\n👉👉Salary range: 🌟Up to 50 million Gross🌟\n-\\-\\-\\-\\-\\-\\-\\-\\-\\-\\-\\-\\-\\-\\-\\-\\-\\-\\-\\-\\-\\-\\-\\-\\-\\-\\-\\-\\-\\-\\-\\-\\-\\-\\-\\-\\-\\-\\-\\-\\-\\-\\-\\-\\-\\-\\-\n📌Requirements:\n4 years experience as a Data Engineer\nExperience with databases and SQL\nExperience with stream processing\nGood at English skills\n📌Benefits:\n13th month salary & performance review\n15 days of annual leave\nGovernmental insurances based on labor law\nLaptop provided\n-\\-\\-\\-\\-\\-\\-\\-\\-\\-\\-\\-\\-\\-\\-\\-\\-\\-\\-\\-\\-\\-\\-\\-\\-\\-\\-\\-\\-\\-\\-\\-\\-\\-\\-\\-\\-\\-\\-\\-\\-\\-\\-\\-\\-\\-\\-\\-\\-\\-\\-\\-\\-\\-\\\nIf you have any questions, feel free to contact me via:\n🌟Mail: recruitment@jt1.vn\nTitle of mail: CV - [POSITION] - [NAME]\n🌟Skype: +84982479096\nThank you for reading and Have a nice day!\n#JT1 #python #developer #django #linux #batabases #SQL #itjobs #IT #jobs #hiring #tuyendung #hcmc #vietnam", "time": "2023-01-10 14:39:35", "timestamp": 1673336375, "likes": 4, "reaction_count": 4, "comments_full": "Job vẫn tìm ứng viên phù hợp, contact với em để nhận JD 😊\nJob có nhiều benefits, mn contact để em hỗ trợ nhé 😊\n"},
{"original_request_url": "https://m.facebook.com/507086911310781", "post_url": "https://m.facebook.com/507086911310781", "post_id": 507086911310781, "text": "[HCM] 🔥🔥TAPTAP tung HOT JOB dành cho Product Analyst\nvới gói OFFER cực HẤP DẪN !!! Nhanh tay apply ngay thôi nào !!! 🔥🔥\n⚡️Tiêu chí cần có:\n2 năm KN tại vị trí BI Analyst/ Data Analyst.\n⚡️Mức đãi ngộ xịn xò:\nMức lương thưởng hấp dẫn + lương tháng 13.\nĐược hưởng chế độ BHXH, BHYT, BHTN, khám sức khỏe hằng năm.\nMôi trường làm việc quốc tế hiện đại, linh hoạt và đầy đủ tiện nghi.\nĐồng nghiệp vui vẻ, sẵn sàng giúp đỡ.\nParty vào các dịp: Noel, New Year, Women's Day + Teambuilding hằng năm vô cùng sôi nổi.\nĐược thưởng thức đồ ăn nhẹ, trà và cà phê đã mỗi ngày.\nGiờ làm việc linh hoạt từ thứ Hai đến thứ Sáu (09:00- 18:00).\nCó thắc mắc cần được giải đáp, các Dev đừng ngần ngại comment hoặc inbox cho mình biết nhé!\nLink JD: https://topdev.vn/s/kIHGssUi\nGửi CV về: 📩 career@topdev.vn\nVới tiêu đề: TAPTAP - Product Analyst\nSee translation", "post_text": "[HCM] 🔥🔥TAPTAP tung HOT JOB dành cho Product Analyst\nvới gói OFFER cực HẤP DẪN !!! Nhanh tay apply ngay thôi nào !!! 🔥🔥\n⚡️Tiêu chí cần có:\n2 năm KN tại vị trí BI Analyst/ Data Analyst.\n⚡️Mức đãi ngộ xịn xò:\nMức lương thưởng hấp dẫn + lương tháng 13.\nĐược hưởng chế độ BHXH, BHYT, BHTN, khám sức khỏe hằng năm.\nMôi trường làm việc quốc tế hiện đại, linh hoạt và đầy đủ tiện nghi.\nĐồng nghiệp vui vẻ, sẵn sàng giúp đỡ.\nParty vào các dịp: Noel, New Year, Women's Day + Teambuilding hằng năm vô cùng sôi nổi.\nĐược thưởng thức đồ ăn nhẹ, trà và cà phê đã mỗi ngày.\nGiờ làm việc linh hoạt từ thứ Hai đến thứ Sáu (09:00- 18:00).\nCó thắc mắc cần được giải đáp, các Dev đừng ngần ngại comment hoặc inbox cho mình biết nhé!\nLink JD: https://topdev.vn/s/kIHGssUi\nGửi CV về: 📩 career@topdev.vn\nVới tiêu đề: TAPTAP - Product Analyst\nSee translation", "time": "2023-01-13 10:22:58", "timestamp": 1673580178, "likes": 3, "reaction_count": 3, "comments_full": "ib mình apply th nào các b\n"},
{"original_request_url": "https://m.facebook.com/506642164688589", "post_url": "https://m.facebook.com/506642164688589", "post_id": 506642164688589, "text": "[SUN LIFE - HCM] - HIRING DATA DEVELOPER\n❗️❗️ URGENT ❗️❗️\n-\\-\\-\\-\\-\\-\\-\\-\\-\\-\\-\\-\\-\\-\\-\\-\\-\\-\\-\\-\\-\\-\\-\\-\\-\\-\\-\\-\\-\\-\\-\\-\\-\\-\\-\\-\\-\\-\\-\\-\\-\\-\\-\\-\\-\\-\\\n🔺REQUIREMENT:\nAt least 2 years of experience in Data Developer.\nProficient with some of the modern relational databases such as Oracle, DB2, and SQL Server\nStrong in writing T-SQL, PL/SQL\nHand-on experiences on designing and developing ETL solution by using SSIS or other ETL tools\nGood understanding of Data Modelling, processing and warehouse techniques\nSkilled at optimizing large complicated SQL statements\n🔺 BENEFITS\nHybrid Working\nPrivate health insurance\nFun staff activities every two months\nLearning opportunities\nTet Bonus (13 month) & other bonus\nSalary review (Once a year)\nAnnual Leave\nCompany trip & other internal events...\n🔥 Let your talents shine. Join our digital team today!\n🔥 Send your CV to: hieu.dt.nguyen@sunlife.com\nSUN LIFE VIETNAM 📍 Vietcombank Tower, 5 Mê Linh Square, Bến Nghé Ward, District 1, HCMC.\n🌐 Careers page: https://www.sunlife.com.vn/vn/ve-chung-toi/tro-thanh-nhan-vien/\n🌐 Facebook: https://www.facebook.com/SunLifeVietnam/\n🌐 Official website: https://www.sunlife.com.vn/vn/\n#SunLifeVietnam #hiring #ITjobs #DigitalJobs #LoveYourCareer #ShapeTheFuture", "post_text": "[SUN LIFE - HCM] - HIRING DATA DEVELOPER\n❗️❗️ URGENT ❗️❗️\n-\\-\\-\\-\\-\\-\\-\\-\\-\\-\\-\\-\\-\\-\\-\\-\\-\\-\\-\\-\\-\\-\\-\\-\\-\\-\\-\\-\\-\\-\\-\\-\\-\\-\\-\\-\\-\\-\\-\\-\\-\\-\\-\\-\\-\\-\\\n🔺REQUIREMENT:\nAt least 2 years of experience in Data Developer.\nProficient with some of the modern relational databases such as Oracle, DB2, and SQL Server\nStrong in writing T-SQL, PL/SQL\nHand-on experiences on designing and developing ETL solution by using SSIS or other ETL tools\nGood understanding of Data Modelling, processing and warehouse techniques\nSkilled at optimizing large complicated SQL statements\n🔺 BENEFITS\nHybrid Working\nPrivate health insurance\nFun staff activities every two months\nLearning opportunities\nTet Bonus (13 month) & other bonus\nSalary review (Once a year)\nAnnual Leave\nCompany trip & other internal events...\n🔥 Let your talents shine. Join our digital team today!\n🔥 Send your CV to: hieu.dt.nguyen@sunlife.com\nSUN LIFE VIETNAM 📍 Vietcombank Tower, 5 Mê Linh Square, Bến Nghé Ward, District 1, HCMC.\n🌐 Careers page: https://www.sunlife.com.vn/vn/ve-chung-toi/tro-thanh-nhan-vien/\n🌐 Facebook: https://www.facebook.com/SunLifeVietnam/\n🌐 Official website: https://www.sunlife.com.vn/vn/\n#SunLifeVietnam #hiring #ITjobs #DigitalJobs #LoveYourCareer #ShapeTheFuture", "time": "2023-01-12 16:47:34", "timestamp": 1673516854, "likes": 1, "reaction_count": 1, "comments_full": "Bảo Lâm Mai Phan Đoan Thảo\n"},
{"original_request_url": "https://m.facebook.com/505974064755399", "post_url": "https://m.facebook.com/505974064755399", "post_id": 505974064755399, "text": "QUY ĐỊNH ĐĂNG BÀI:\n\n- Mỗi ngày chỉ đăng 1 bài\n- Nội dung chỉ được liên quan đến mảng dữ liệu\n- Không spam, không đăng các job partime, nhập liệu...\n\nCác trường hợp vi phạm sẽ bị ban 7 ngày và gỡ các bài đã đăng. Thanks", "post_text": "QUY ĐỊNH ĐĂNG BÀI:\n\n- Mỗi ngày chỉ đăng 1 bài\n- Nội dung chỉ được liên quan đến mảng dữ liệu\n- Không spam, không đăng các job partime, nhập liệu...\n\nCác trường hợp vi phạm sẽ bị ban 7 ngày và gỡ các bài đã đăng. Thanks", "shared_text": "", "time": "2023-01-11 11:25:30", "timestamp": 1673411130, "likes": 13, "reaction_count": 13, "comments_full": ""},
{"original_request_url": "https://m.facebook.com/507057871313685", "post_url": "https://m.facebook.com/507057871313685", "post_id": 507057871313685, "text": "Phỏng vấn hiện tại, onboard sau Tết\nSynodus bên em đang tìm kiếm ứng viên Data Analyst (từ 2+ yoe, tiếng Anh giao tiếp tốt vì sẽ làm việc trực tiếp với KH nước ngoài) làm việc tại Cầu Giấy, Hà Nội.\nMọi người quan tâm inbox em liền ạ\nSkype: tranthimen207\n-\\-\\-\n👉 Thu nhập hấp dẫn, 13 tháng lương, thưởng các ngày Lễ/Tết...\n👉 Có cơ hội join các domain thú vị như finance, banking,...\n👉 Được trao quyền\n👉 Gói bảo hiểm sức khỏe BIC\n👉 Du lịch hàng năm, teambuilding tháng/quý\n👉 Môi trường flat, trẻ trung, năng động, nhiều cơ hội phát triển\n👉 Công ty sẵn sàng lắng nghe ý kiến của nhân viên\n👉 Công ty đề cao trao đổi thẳng thắn, tập trung vào giải quyết vấn đề vì mục tiêu chung...\nSee translation", "post_text": "Phỏng vấn hiện tại, onboard sau Tết\nSynodus bên em đang tìm kiếm ứng viên Data Analyst (từ 2+ yoe, tiếng Anh giao tiếp tốt vì sẽ làm việc trực tiếp với KH nước ngoài) làm việc tại Cầu Giấy, Hà Nội.\nMọi người quan tâm inbox em liền ạ\nSkype: tranthimen207\n-\\-\\-\n👉 Thu nhập hấp dẫn, 13 tháng lương, thưởng các ngày Lễ/Tết...\n👉 Có cơ hội join các domain thú vị như finance, banking,...\n👉 Được trao quyền\n👉 Gói bảo hiểm sức khỏe BIC\n👉 Du lịch hàng năm, teambuilding tháng/quý\n👉 Môi trường flat, trẻ trung, năng động, nhiều cơ hội phát triển\n👉 Công ty sẵn sàng lắng nghe ý kiến của nhân viên\n👉 Công ty đề cao trao đổi thẳng thắn, tập trung vào giải quyết vấn đề vì mục tiêu chung...\nSee translation", "time": "2023-01-13 09:10:25", "timestamp": 1673575825, "likes": 4, "reaction_count": 4, "comments_full": ""},
{"original_request_url": "https://m.facebook.com/503234058362733", "post_url": "https://m.facebook.com/503234058362733", "post_id": 503234058362733, "text": "HN.VCCorp tìm kiếm Data Engineer từ 1 năm kn, Lương 10-25M. Tech Stack mà dự án đang dùng: Linux, Apache, Java/Scala, NoSQL", "post_text": "HN.VCCorp tìm kiếm Data Engineer từ 1 năm kn, Lương 10-25M. Tech Stack mà dự án đang dùng: Linux, Apache, Java/Scala, NoSQL", "shared_text": "", "time": "2023-01-06 10:48:12", "timestamp": 1672976892, "likes": 0, "reaction_count": 0, "comments_full": ""},
{"original_request_url": "https://m.facebook.com/503245571694915", "post_url": "https://m.facebook.com/503245571694915", "post_id": 503245571694915, "text": "[87 Lĩnh Nam, Hoàng Mai, Hà Nội]\nHOPLONGTECH TUYỂN DỤNG VỊ TRÍ 02 CHUYÊN VIÊN PHÂN TÍCH DỮ LIỆU\nPV luôn, Đi làm ngay hoặc sau Tết 🔥\n⏰ Thời gian làm việc:\nThứ 2 - Thứ 6: 08h00 - 17h15\nThứ 7: 08h00 - 15h15\n💸 Thu nhập: 10-12tr (LC+Thưởng+PC)\n🚩 Yêu cầu:\nĐộ tuổi 9x, có tối thiểu 6 tháng - 1 năm ở vị trí tương đương\nBiết sử dụng phần mềm Misa và ERP\n📩 Liên hệ Ms. Linh: 0961.366.640 (có dùng zalo) để được tư vấn trực tiếp hoặc gửi CV qua mail: hr.tuyendung@hoplong.com\nSee translation", "post_text": "[87 Lĩnh Nam, Hoàng Mai, Hà Nội]\nHOPLONGTECH TUYỂN DỤNG VỊ TRÍ 02 CHUYÊN VIÊN PHÂN TÍCH DỮ LIỆU\nPV luôn, Đi làm ngay hoặc sau Tết 🔥\n⏰ Thời gian làm việc:\nThứ 2 - Thứ 6: 08h00 - 17h15\nThứ 7: 08h00 - 15h15\n💸 Thu nhập: 10-12tr (LC+Thưởng+PC)\n🚩 Yêu cầu:\nĐộ tuổi 9x, có tối thiểu 6 tháng - 1 năm ở vị trí tương đương\nBiết sử dụng phần mềm Misa và ERP\n📩 Liên hệ Ms. Linh: 0961.366.640 (có dùng zalo) để được tư vấn trực tiếp hoặc gửi CV qua mail: hr.tuyendung@hoplong.com\nSee translation", "time": "2023-01-06 11:22:43", "timestamp": 1672978963, "likes": 2, "reaction_count": 2, "comments_full": ""},
{"original_request_url": "https://m.facebook.com/503308551688617", "post_url": "https://m.facebook.com/503308551688617", "post_id": 503308551688617, "text": "[VCCORP_HN] Bên mình tuyển 2 Data engineer từ 1 năm kinh nghiệm. Offer: 10-30M\nĐ/c: Thanh Xuân, HN\nIb/telegram: anhbp2709", "post_text": "[VCCORP_HN] Bên mình tuyển 2 Data engineer từ 1 năm kinh nghiệm. Offer: 10-30M\nĐ/c: Thanh Xuân, HN\nIb/telegram: anhbp2709", "shared_text": "", "time": "2023-01-06 14:28:32", "timestamp": 1672990112, "likes": 1, "reaction_count": 1, "comments_full": ""},
{"original_request_url": "https://m.facebook.com/503309185021887", "post_url": "https://m.facebook.com/503309185021887", "post_id": 503309185021887, "text": "[HN] Tuyển Java và .Net có từ 1 năm KN\nUpto 30Tr. Phụ cấp ăn trưa, xăng xe,điện thoại, tập Gym free, du lịch nước ngoài\nLàm T2-T6", "post_text": "[HN] Tuyển Java và .Net có từ 1 năm KN\nUpto 30Tr. Phụ cấp ăn trưa, xăng xe,điện thoại, tập Gym free, du lịch nước ngoài\nLàm T2-T6", "shared_text": "", "original_text": null, "time": "2023-01-06 14:30:39", "timestamp": 1672990239, "likes": 1, "reaction_count": 1, "comments_full": []}]