[{"original_request_url": "https://m.facebook.com/501790661840406", "post_url": "https://m.facebook.com/501790661840406", "post_id": 501790661840406, "text": "🐬[Pegasi] - [IT Recruitment] - [HCM/HN]\n🌈Attractive salary\n🎄 YOE: 3+\n💼Remote, Hybrid, or Onsite\n🥳Please feel free to contact me via FB or Skype for further information: live:.cid.151904df9cc63cc2\n☎️Phone/Zalo: 0847387508\n📬Email: hanh.nguyen@pegasi.com.vn", "post_text": "🐬[Pegasi] - [IT Recruitment] - [HCM/HN]\n🌈Attractive salary\n🎄 YOE: 3+\n💼Remote, Hybrid, or Onsite\n🥳Please feel free to contact me via FB or Skype for further information: live:.cid.151904df9cc63cc2\n☎️Phone/Zalo: 0847387508\n📬Email: hanh.nguyen@pegasi.com.vn", "shared_text": "", "time": "2023-01-03 22:52:56", "timestamp": 1672761176, "likes": 0, "reaction_count": 0, "comments_full": ""},
{"original_request_url": "https://m.facebook.com/501512828534856", "post_url": "https://m.facebook.com/501512828534856", "post_id": 501512828534856, "text": "Negaxy Studio – chiêu mộ nhân tài vị trí Data Engineer\n- Offer upto 3000$\nỨng viên được kỳ vọng là người có tư duy logic, giao tiếp tiếng anh tốt. Có ít nhất 3 năm kinh nghiệm trở lên tại vị trí tương đương, có thể làm việc theo múi giờ GMT +8\n- Làm việc theo hình thức remote\nBạn quan tâm đến vị trí này hãy nhanh tay inbox với mình hoặc gửi CV trực tiếp về địa chỉ email: uyen.le@negaxy.vn\nSee translation", "post_text": "Negaxy Studio – chiêu mộ nhân tài vị trí Data Engineer\n- Offer upto 3000$\nỨng viên được kỳ vọng là người có tư duy logic, giao tiếp tiếng anh tốt. Có ít nhất 3 năm kinh nghiệm trở lên tại vị trí tương đương, có thể làm việc theo múi giờ GMT +8\n- Làm việc theo hình thức remote\nBạn quan tâm đến vị trí này hãy nhanh tay inbox với mình hoặc gửi CV trực tiếp về địa chỉ email: uyen.le@negaxy.vn\nSee translation", "time": "2023-01-03 14:12:16", "timestamp": 1672729936, "likes": 1, "reaction_count": 1, "comments_full": "Quan tâm ib mình gửi jd cụ thể nhé\nHoặc gửi CV về địa chỉ email: uyen.le@negaxy.\nvn nha\n"},
{"original_request_url": "https://m.facebook.com/496572662362206", "post_url": "https://m.facebook.com/496572662362206", "post_id": 496572662362206, "text": "[THANH XUÂN, HN] TUYỂN DỤNG DA, DE MỌI LEVEL, ĐÃI NGỘ HẤP DẪN, UP TO 1000$", "post_text": "[THANH XUÂN, HN] TUYỂN DỤNG DA, DE MỌI LEVEL, ĐÃI NGỘ HẤP DẪN, UP TO 1000$", "shared_text": "", "time": "2022-12-26 15:12:07", "timestamp": 1672042327, "likes": 3, "reaction_count": 3, "comments_full": "Mình xin jd của DA với ạ\nCho e xin jd DE vs ạ.\nNguyễn Huy b check ib nhé\nMình xin jd DE với ạ\nLinh NQ b check ib nhé\nCho mình xin JD DA với ạ\nCho mình xin JD DA với ạ\nEm xin JD DA với ạ\n"},
{"original_request_url": "https://m.facebook.com/497182818967857", "post_url": "https://m.facebook.com/497182818967857", "post_id": 497182818967857, "text": "[HN] VCCorp tìm kiếm DE từ 6 tháng kinh nghiệm. Y/c biết về Java, Python. Lương từ 7-15 Triệu. Inbox mình gửi JD chi tiết nhé", "post_text": "[HN] VCCorp tìm kiếm DE từ 6 tháng kinh nghiệm. Y/c biết về Java, Python. Lương từ 7-15 Triệu. Inbox mình gửi JD chi tiết nhé", "shared_text": "", "time": "2022-12-27 14:58:07", "timestamp": 1672127887, "likes": 4, "reaction_count": 4, "comments_full": ""},
{"original_request_url": "https://m.facebook.com/491632209522918", "post_url": "https://m.facebook.com/491632209522918", "post_id": 491632209522918, "text": "✓ BẠN ĐANG CHUYỂN VIỆC?\n✓ BẠN ĐANG TÌM MỘT MÔI TRƯỜNG MỚI ĐỂ PHÁT TRIỂN?\n✓ BẠN CẦN MỘT CÔNG VIỆC ỔN ĐỊNH, LƯƠNG CAO?\n✓ BẠN CẦN MÔI TRƯỜNG NĂNG ĐỘNG, TÍCH CỰC?\n✓ HÃY ĐẾN VỚI 3TIT!\nCông ty cổ phần công nghệ thông tin 3T đang bổ sung nhân sự đợt cuối cùng năm 2022.😝\nVị trí cần tuyển dụng: Data Engineer 🤖\n1. Với các tiêu chí sauu:\n⇨ Trên 1 năm kinh nghiệm\n⇨ Tốt nghiệp chuyên ngành CNTT\n⇨ Có tinh thần làm việc nhóm, trách nhiệm cao trong công việc.\n2. Quyền lợi:\n⇨ Mức lương thỏa thuận\n⇨ Các mức thưởng tết, dịp lễ, hoàn thành dự án,...\n⇨ Hỗ trợ, tư vấn lộ trình phát triển\n⇨ Môi trường công ty năng động, tích cực, đoàn kết cao.\n⇨ Thoải mái tinh thần với các buổi sinh hoạt chung, tea break, teambuilding xa gần,...\n3. Yêu cầu công việc:\n⇨ Thực hiện xử lý dữ liệu đáp ứng theo yêu cầu của các bài toán phân tích dữ liệu.\n⇨ Triển khai, nâng cấp, tối ưu các giải pháp lưu trữ, phân tích và xử lý dữ liệu.\n⇨ Nghiên cứu và đề xuất các giải pháp công nghệ cho các bài toán khai thác và phân tích dữ liệu.\n-\\-\\-\\-\\-\\-\\-\\-\\-\\-\\-\\-\\-\\-\\-\\-\\-\\-\\-\\-\\-\\-\\-\\-\\-\\-\\-\\-\\-\\-\\-\\-\\-\\-\\-\\-\\-\\-\\-\\-\\-\\-\\-\\-\\-\\-\\-\\-\\-\\-\\-\\-\\-\\-\\-\\-\\-\\-\\-\\-\\-\\-\\-\\-\\-\\-\\-\nGửi trực tiếp CV tại: hr@3tit.vn\nMọi thắc mắc liên hệ ngay facebook: Phương Thảo\nFanpage chính thức của 3T: 3T Tuyển dụng\nSee translation", "post_text": "✓ BẠN ĐANG CHUYỂN VIỆC?\n✓ BẠN ĐANG TÌM MỘT MÔI TRƯỜNG MỚI ĐỂ PHÁT TRIỂN?\n✓ BẠN CẦN MỘT CÔNG VIỆC ỔN ĐỊNH, LƯƠNG CAO?\n✓ BẠN CẦN MÔI TRƯỜNG NĂNG ĐỘNG, TÍCH CỰC?\n✓ HÃY ĐẾN VỚI 3TIT!\nCông ty cổ phần công nghệ thông tin 3T đang bổ sung nhân sự đợt cuối cùng năm 2022.😝\nVị trí cần tuyển dụng: Data Engineer 🤖\n1. Với các tiêu chí sauu:\n⇨ Trên 1 năm kinh nghiệm\n⇨ Tốt nghiệp chuyên ngành CNTT\n⇨ Có tinh thần làm việc nhóm, trách nhiệm cao trong công việc.\n2. Quyền lợi:\n⇨ Mức lương thỏa thuận\n⇨ Các mức thưởng tết, dịp lễ, hoàn thành dự án,...\n⇨ Hỗ trợ, tư vấn lộ trình phát triển\n⇨ Môi trường công ty năng động, tích cực, đoàn kết cao.\n⇨ Thoải mái tinh thần với các buổi sinh hoạt chung, tea break, teambuilding xa gần,...\n3. Yêu cầu công việc:\n⇨ Thực hiện xử lý dữ liệu đáp ứng theo yêu cầu của các bài toán phân tích dữ liệu.\n⇨ Triển khai, nâng cấp, tối ưu các giải pháp lưu trữ, phân tích và xử lý dữ liệu.\n⇨ Nghiên cứu và đề xuất các giải pháp công nghệ cho các bài toán khai thác và phân tích dữ liệu.\n-\\-\\-\\-\\-\\-\\-\\-\\-\\-\\-\\-\\-\\-\\-\\-\\-\\-\\-\\-\\-\\-\\-\\-\\-\\-\\-\\-\\-\\-\\-\\-\\-\\-\\-\\-\\-\\-\\-\\-\\-\\-\\-\\-\\-\\-\\-\\-\\-\\-\\-\\-\\-\\-\\-\\-\\-\\-\\-\\-\\-\\-\\-\\-\\-\\-\\-\nGửi trực tiếp CV tại: hr@3tit.vn\nMọi thắc mắc liên hệ ngay facebook: Phương Thảo\nFanpage chính thức của 3T: 3T Tuyển dụng\nSee translation", "time": "2022-12-19 09:27:18", "timestamp": 1671416838, "likes": 0, "reaction_count": 0, "comments_full": ""},
{"original_request_url": "https://m.facebook.com/498995835453222", "post_url": "https://m.facebook.com/498995835453222", "post_id": 498995835453222, "text": "[Láng Hạ-HN] Cần gấp Chuyên viên quản lý sản phẩm #PO\nLĩnh vực: CNTT\nSalary: Upto 50M\nExp: 2 năm kinh nghiệm\nChế độ:\nThu nhập: từ 300 đến 650 triệu / năm (min/max).\nHưởng phụ cấp ăn ca 730,000 VNĐ/tháng\nThưởng các dịp lễ (30/04-1/5; 2/9; Tết; …), sinh nhật, hiếu hỷ …;\nCác chế độ BHXH, BHYT, BHTN theo quy định\nThời gian làm việc: từ thứ 2 đến thứ 6 hàng tuần, từ 8 đến 17h.\nMail: duongngoca1998@gmail.com\nZalo/Tele/Whatssap: 0973725006\nSee translation", "post_text": "[Láng Hạ-HN] Cần gấp Chuyên viên quản lý sản phẩm #PO\nLĩnh vực: CNTT\nSalary: Upto 50M\nExp: 2 năm kinh nghiệm\nChế độ:\nThu nhập: từ 300 đến 650 triệu / năm (min/max).\nHưởng phụ cấp ăn ca 730,000 VNĐ/tháng\nThưởng các dịp lễ (30/04-1/5; 2/9; Tết; …), sinh nhật, hiếu hỷ …;\nCác chế độ BHXH, BHYT, BHTN theo quy định\nThời gian làm việc: từ thứ 2 đến thứ 6 hàng tuần, từ 8 đến 17h.\nMail: duongngoca1998@gmail.com\nZalo/Tele/Whatssap: 0973725006\nSee translation", "time": "2022-12-30 13:26:10", "timestamp": 1672381570, "likes": 1, "reaction_count": 1, "comments_full": ""},
{"original_request_url": "https://m.facebook.com/501578621861610", "post_url": "https://m.facebook.com/501578621861610", "post_id": 501578621861610, "text": "Hi cả nhà, mình đang tìm ứng viên cho vị trí SYSTEM & NETWORK ADMINISTRATOR (LƯƠNG 25 - 30M GROSS)\nYÊU CẦU:\nTốt nghiệp chuyên ngành Computer Science hoặc các ngành khác liên quan.\nÍt nhất 3 năm kinh nghiệm vị trí System & Network Administrator, với kinh nghiệm hệ thống Virtualization, Linux, Windows, Shell Script, AD, Exchange, IIS, Backup Exec, Mail gateway, and Cisco\nCó thể giao tiếp được tiếng anh\nĐịa chỉ làm việc: Quận 2 - HCM.\nAnh chị quan tâm ib em nhận JD or gửi CV về:\nEmail: huy.nguyen@hr1vietnam.com\nZalo/Phone: 0703314869\nSee translation", "post_text": "Hi cả nhà, mình đang tìm ứng viên cho vị trí SYSTEM & NETWORK ADMINISTRATOR (LƯƠNG 25 - 30M GROSS)\nYÊU CẦU:\nTốt nghiệp chuyên ngành Computer Science hoặc các ngành khác liên quan.\nÍt nhất 3 năm kinh nghiệm vị trí System & Network Administrator, với kinh nghiệm hệ thống Virtualization, Linux, Windows, Shell Script, AD, Exchange, IIS, Backup Exec, Mail gateway, and Cisco\nCó thể giao tiếp được tiếng anh\nĐịa chỉ làm việc: Quận 2 - HCM.\nAnh chị quan tâm ib em nhận JD or gửi CV về:\nEmail: huy.nguyen@hr1vietnam.com\nZalo/Phone: 0703314869\nSee translation", "time": "2023-01-03 17:22:26", "timestamp": 1672741346, "likes": 1, "reaction_count": 1, "comments_full": "04/01/2023: Vẫn còn nhận CV nhé mọi người\n"},
{"original_request_url": "https://m.facebook.com/497413622278110", "post_url": "https://m.facebook.com/497413622278110", "post_id": 497413622278110, "text": "#dataanalysts #product #hoankiem\nCitigo - KiotViet tìm kiếm 4 Data Analyst (15-30M) tham gia phân tích dữ liệu và đưa ra các insight có giá trị cho stakeholder với nhiều domain: retail, finance, shipping,...\n-> Từ 2 năm kinh nghiệm trở lên\n-> Sử dụng tốt SQL, Data Visualization (PowerBI/Tableau)\n-> Kỹ năng mềm làm việc với các stakeholder\n-> Tư duy phân tích, logic, xác suất thống kê tốt\n-> Ưu tiên nếu có thể code Python/R\n-\\-\\-\\-\\-\\-\\-\\-\\-\\-\\-\\-\\-\\-\\-\\-\\-\\-\\-\\-\\-\\-\\\nNếu bạn quan tâm job inbox mình tìm hiểu hơn về product bên mình nhé!\nEmail: dung.nt@citigo.com.vn", "post_text": "#dataanalysts #product #hoankiem\nCitigo - KiotViet tìm kiếm 4 Data Analyst (15-30M) tham gia phân tích dữ liệu và đưa ra các insight có giá trị cho stakeholder với nhiều domain: retail, finance, shipping,...\n-> Từ 2 năm kinh nghiệm trở lên\n-> Sử dụng tốt SQL, Data Visualization (PowerBI/Tableau)\n-> Kỹ năng mềm làm việc với các stakeholder\n-> Tư duy phân tích, logic, xác suất thống kê tốt\n-> Ưu tiên nếu có thể code Python/R\n-\\-\\-\\-\\-\\-\\-\\-\\-\\-\\-\\-\\-\\-\\-\\-\\-\\-\\-\\-\\-\\-\\\nNếu bạn quan tâm job inbox mình tìm hiểu hơn về product bên mình nhé!\nEmail: dung.nt@citigo.com.vn", "shared_text": "", "time": "2022-12-27 23:07:22", "timestamp": 1672157242, "likes": 5, "reaction_count": 5, "comments_full": "bên mình làm việc ở đâu vậy\n"},
{"original_request_url": "https://m.facebook.com/482465563772916", "post_url": "https://m.facebook.com/482465563772916", "post_id": 482465563772916, "text": "[Mễ Trì - Hà Nội] Open vị trí Senior Data Engineer từ 3 năm kinh nghiệm, lương MIN 30M net, làm thiên về On-preme, có cơ hội thăng tiến. Quan tâm ib em gửi JD ạ", "post_text": "[Mễ Trì - Hà Nội] Open vị trí Senior Data Engineer từ 3 năm kinh nghiệm, lương MIN 30M net, làm thiên về On-preme, có cơ hội thăng tiến. Quan tâm ib em gửi JD ạ", "shared_text": "", "time": "2022-12-06 17:11:28", "timestamp": 1670321488, "likes": 3, "reaction_count": 3, "comments_full": ".\n.\n.\n.\n"},
{"original_request_url": "https://m.facebook.com/498912082128264", "post_url": "https://m.facebook.com/498912082128264", "post_id": 498912082128264, "text": "🐬[Pegasi] - [IT Recruitment] - [HCM/HN]\n🌈Attractive salary\n🎄 YOE: 3+\n💼Remote, Hybrid, or Onsite\n🥳Please feel free to contact me via FB or Skype for further information: live:.cid.151904df9cc63cc2\n☎️Phone/Zalo: 0847387508\n📬Email: hanh.nguyen@pegasi.com.vn", "post_text": "🐬[Pegasi] - [IT Recruitment] - [HCM/HN]\n🌈Attractive salary\n🎄 YOE: 3+\n💼Remote, Hybrid, or Onsite\n🥳Please feel free to contact me via FB or Skype for further information: live:.cid.151904df9cc63cc2\n☎️Phone/Zalo: 0847387508\n📬Email: hanh.nguyen@pegasi.com.vn", "shared_text": "", "time": "2022-12-30 10:20:49", "timestamp": 1672370449, "likes": 0, "reaction_count": 0, "comments_full": ""},
{"original_request_url": "https://m.facebook.com/499041052115367", "post_url": "https://m.facebook.com/499041052115367", "post_id": 499041052115367, "text": "[HCM] HotDeal lên đến $1,800 đang rộng mở cho các CHUYÊN VIÊN CƠ SỞ DỮ LIỆU - TRUNG TÂM KỸ THUẬT HẠ TẦNG tại Ngân hàng TMCP Sài Gòn Thương tín (Sacombank). Nhanh tay ứng tuyển để nhận dàn đãi ngộ xịn sò nhé!\nYêu cầu:\nCó từ 3 năm KN cài đặt, cấu hình, quản trị CSDL Oracle, SQL Server.\nĐãi ngộ:\nMức lương hấp dẫn lên đến $1,800.\nĐược đào tạo nghiệp vụ, kiến thức công việc liên quan.\nCơ hội nghề nghiệp & lộ trình thăng tiến rõ ràng.\nDu lịch nghỉ mát hàng năm.\nMôi trường làm việc chuyên nghiệp và thân thiện.\nCó thắc mắc cần được giải đáp các bạn đừng ngần ngại comment hoặc inbox để được giải đáp nhé!\nXem JD và apply tại link sau: https://topdev.vn/s/tbeO2nZM\nMail nhận CV: career@topdev.vn\nTiêu đề: Sacombank - CHUYÊN VIÊN CƠ SỞ DỮ LIỆU - TRUNG TÂM KỸ THUẬT HẠ TẦNG\nSee translation", "post_text": "[HCM] HotDeal lên đến $1,800 đang rộng mở cho các CHUYÊN VIÊN CƠ SỞ DỮ LIỆU - TRUNG TÂM KỸ THUẬT HẠ TẦNG tại Ngân hàng TMCP Sài Gòn Thương tín (Sacombank). Nhanh tay ứng tuyển để nhận dàn đãi ngộ xịn sò nhé!\nYêu cầu:\nCó từ 3 năm KN cài đặt, cấu hình, quản trị CSDL Oracle, SQL Server.\nĐãi ngộ:\nMức lương hấp dẫn lên đến $1,800.\nĐược đào tạo nghiệp vụ, kiến thức công việc liên quan.\nCơ hội nghề nghiệp & lộ trình thăng tiến rõ ràng.\nDu lịch nghỉ mát hàng năm.\nMôi trường làm việc chuyên nghiệp và thân thiện.\nCó thắc mắc cần được giải đáp các bạn đừng ngần ngại comment hoặc inbox để được giải đáp nhé!\nXem JD và apply tại link sau: https://topdev.vn/s/tbeO2nZM\nMail nhận CV: career@topdev.vn\nTiêu đề: Sacombank - CHUYÊN VIÊN CƠ SỞ DỮ LIỆU - TRUNG TÂM KỸ THUẬT HẠ TẦNG\nSee translation", "time": "2022-12-30 15:23:07", "timestamp": 1672388587, "likes": 0, "reaction_count": 0, "comments_full": ""},
{"original_request_url": "https://m.facebook.com/499047745448031", "post_url": "https://m.facebook.com/499047745448031", "post_id": 499047745448031, "text": "[HCM/ Part-time/Remote] Thu nhập cực hấp dẫn dành cho Data Science Mentor tại CoderSchool. Nhanh tay thả CV để nhận được lịch PV sớm nhất nhé!\nBạn cần :\nCó 1 năm KN làm việc về Data.\nĐãi ngộ:\nMức lương cạnh tranh, thỏa thuận theo chính năng lực của bạn.\nReview lương hằng năm, Thưởng lương tháng 13,...\nCó 14 ngày nghỉ lễ và 2 ngày nghỉ Lễ Giáng Sinh.\nCơ hội học hỏi và nâng cao kiến thức về công nghệ.\nMôi trường làm việc trẻ trung, thân thiện, năng động, phát triển bản thân.\nNếu có thắc mắc cần được giải đáp chi tiết, các bạn inbox hoặc comment trong bài viết của mình nhé!\nXem JD chi tiết và apply vào link sau: https://topdev.vn/s/Ju4ZxS8k\nCác bạn có thể apply CV về mail: career@topdev.vn\nVới tiêu đề: CoderSchool - Data\nSee translation", "post_text": "[HCM/ Part-time/Remote] Thu nhập cực hấp dẫn dành cho Data Science Mentor tại CoderSchool. Nhanh tay thả CV để nhận được lịch PV sớm nhất nhé!\nBạn cần :\nCó 1 năm KN làm việc về Data.\nĐãi ngộ:\nMức lương cạnh tranh, thỏa thuận theo chính năng lực của bạn.\nReview lương hằng năm, Thưởng lương tháng 13,...\nCó 14 ngày nghỉ lễ và 2 ngày nghỉ Lễ Giáng Sinh.\nCơ hội học hỏi và nâng cao kiến thức về công nghệ.\nMôi trường làm việc trẻ trung, thân thiện, năng động, phát triển bản thân.\nNếu có thắc mắc cần được giải đáp chi tiết, các bạn inbox hoặc comment trong bài viết của mình nhé!\nXem JD chi tiết và apply vào link sau: https://topdev.vn/s/Ju4ZxS8k\nCác bạn có thể apply CV về mail: career@topdev.vn\nVới tiêu đề: CoderSchool - Data\nSee translation", "time": "2022-12-30 15:38:53", "timestamp": 1672389533, "likes": 0, "reaction_count": 0, "comments_full": ""},
{"original_request_url": "https://m.facebook.com/499073358778803", "post_url": "https://m.facebook.com/499073358778803", "post_id": 499073358778803, "text": "[Quận 5/HCM] Góc việc làm ngon tìm ứng viên xịn!\n🎁🎁Cơn mưa đãi ngộ dành tặng riêng cho vị trí Data Administrator (Oracle DBA) tại gia đình SCB, nhanh tay apply về cùng nhà SCB để cùng nhau bứt phá nhiều dự án trong tương lai nào.\nXem JD chi tiết tại link sau: https://topdev.vn/s/F848CRXo\n🔥Tiêu chí cần có:\nCó 2 năm KN ở vị trí tương đương.\nCó kiến thức về Oracle Database, Postresql, MongoDB, SQL Server, MySQL…\n🔥Phúc lợi được hưởng:\nMức thu nhập hấp dẫn tương xứng với năng lực + thưởng hiệu suất (không giới hạn).\nThưởng lương tháng 13, thưởng sinh nhật, lễ, Tết định kỳ.\nĐãi ngộ hấp dẫn từ chế độ BHYT, BHXH, BHTN theo quy định Nhà nước.\nCó cơ hội tham gia các chương trình đào tạo toàn diện với lộ trình thăng tiến thu hút và rõ ràng.\nĐược hưởng các ưu đãi dịch vụ Ngân hàng dành riêng cho nhân viên.\nLàm việc từ Thứ Hai đến sáng Thứ Bảy hàng tuần.\nGửi CV về: career@topdev.vn\nVới tiêu đề: SCB - Data Admin\nCó thắc mắc cần được giải đáp, các mem đừng ngần ngại comment bên dưới cho mình biết nhé 👇👇\nSee translation", "post_text": "[Quận 5/HCM] Góc việc làm ngon tìm ứng viên xịn!\n🎁🎁Cơn mưa đãi ngộ dành tặng riêng cho vị trí Data Administrator (Oracle DBA) tại gia đình SCB, nhanh tay apply về cùng nhà SCB để cùng nhau bứt phá nhiều dự án trong tương lai nào.\nXem JD chi tiết tại link sau: https://topdev.vn/s/F848CRXo\n🔥Tiêu chí cần có:\nCó 2 năm KN ở vị trí tương đương.\nCó kiến thức về Oracle Database, Postresql, MongoDB, SQL Server, MySQL…\n🔥Phúc lợi được hưởng:\nMức thu nhập hấp dẫn tương xứng với năng lực + thưởng hiệu suất (không giới hạn).\nThưởng lương tháng 13, thưởng sinh nhật, lễ, Tết định kỳ.\nĐãi ngộ hấp dẫn từ chế độ BHYT, BHXH, BHTN theo quy định Nhà nước.\nCó cơ hội tham gia các chương trình đào tạo toàn diện với lộ trình thăng tiến thu hút và rõ ràng.\nĐược hưởng các ưu đãi dịch vụ Ngân hàng dành riêng cho nhân viên.\nLàm việc từ Thứ Hai đến sáng Thứ Bảy hàng tuần.\nGửi CV về: career@topdev.vn\nVới tiêu đề: SCB - Data Admin\nCó thắc mắc cần được giải đáp, các mem đừng ngần ngại comment bên dưới cho mình biết nhé 👇👇\nSee translation", "time": "2022-12-30 16:45:59", "timestamp": 1672393559, "likes": 0, "reaction_count": 0, "comments_full": ""},
{"original_request_url": "https://m.facebook.com/501435998542539", "post_url": "https://m.facebook.com/501435998542539", "post_id": 501435998542539, "text": "📣📣📣[HCM] Cơ hội đồng hành cùng ESUHAI và ôm trọn OFFER siêu hời dành riêng cho DATA ANALYST đến rồi đây - Nhanh tay apply để không bỏ lỡ cơ hội nhé!\nLink JD và Apply ngay: https://topdev.vn/s/6KYhlxmv\n🔻Yêu cầu đơn giản:\nCó từ 1 năm KN về Data Analyst.\nThành thạo công cụ tích hợp dữ liệu ETL (Power BI, Tableau, Google Big-query).\nCó khả năng quản lý và vận hành large-scale dataset/ relational databases.\n🔻Phúc lợi:\nMức lương hấp dẫn + Review lương hàng năm.\nThưởng hiệu quả công việc (2 kỳ/năm) và các ngày lễ.\nPhụ cấp ngoài giờ, Phụ cấp di chuyển chi nhánh, Phụ cấp công tác.\nChế độ bảo hiểm đầy đủ, khám sức khỏe định kỳ.\nTrợ cấp nhà xa, Cơm trưa, Môi trường làm việc, Thai sản,..\nTrải nghiệm các hoạt động team building, du lịch.\nCÁCH THỨC ỨNG TUYỂN:\n🔰Gửi CV về: career@topdev.vn\n🔰Với tiêu đề: ESUHAI - Data Analyst\n-\\-\\-\\-\\-\\-\\-\\-\\-\\-\\-\\-\\-\\-\\-\\-\\-\\-\\-\\-\\-\\-\\-\\-\\-\\-\\-\\-\\-\\-\\-\\-\\-\\-\\-\\-\\-\\-\\-\\-\\-\\-\\-\\-\\-\\-\\-\\-\\-\\-\\-\\-\\-\\-\\-\\-\\-\\-\\-\\-\\-\nNếu có thắc mắc cần được giải đáp, đừng ngần ngại comment hoặc inbox cho mình biết nhé!\nSee translation", "post_text": "📣📣📣[HCM] Cơ hội đồng hành cùng ESUHAI và ôm trọn OFFER siêu hời dành riêng cho DATA ANALYST đến rồi đây - Nhanh tay apply để không bỏ lỡ cơ hội nhé!\nLink JD và Apply ngay: https://topdev.vn/s/6KYhlxmv\n🔻Yêu cầu đơn giản:\nCó từ 1 năm KN về Data Analyst.\nThành thạo công cụ tích hợp dữ liệu ETL (Power BI, Tableau, Google Big-query).\nCó khả năng quản lý và vận hành large-scale dataset/ relational databases.\n🔻Phúc lợi:\nMức lương hấp dẫn + Review lương hàng năm.\nThưởng hiệu quả công việc (2 kỳ/năm) và các ngày lễ.\nPhụ cấp ngoài giờ, Phụ cấp di chuyển chi nhánh, Phụ cấp công tác.\nChế độ bảo hiểm đầy đủ, khám sức khỏe định kỳ.\nTrợ cấp nhà xa, Cơm trưa, Môi trường làm việc, Thai sản,..\nTrải nghiệm các hoạt động team building, du lịch.\nCÁCH THỨC ỨNG TUYỂN:\n🔰Gửi CV về: career@topdev.vn\n🔰Với tiêu đề: ESUHAI - Data Analyst\n-\\-\\-\\-\\-\\-\\-\\-\\-\\-\\-\\-\\-\\-\\-\\-\\-\\-\\-\\-\\-\\-\\-\\-\\-\\-\\-\\-\\-\\-\\-\\-\\-\\-\\-\\-\\-\\-\\-\\-\\-\\-\\-\\-\\-\\-\\-\\-\\-\\-\\-\\-\\-\\-\\-\\-\\-\\-\\-\\-\\-\nNếu có thắc mắc cần được giải đáp, đừng ngần ngại comment hoặc inbox cho mình biết nhé!\nSee translation", "time": "2023-01-03 10:32:43", "timestamp": 1672716763, "likes": 2, "reaction_count": 2, "comments_full": ""},
{"original_request_url": "https://m.facebook.com/497778355574970", "post_url": "https://m.facebook.com/497778355574970", "post_id": 497778355574970, "text": "[HN] Tuyển #Java & #.Net 1 năm KN.\n💲upto 40Tr. Phụ cấp ăn trưa, xăng xe, điện thoại, tập Gym free,du lịch nước ngoài,..\nLàm T2-T6", "post_text": "[HN] Tuyển #Java & #.Net 1 năm KN.\n💲upto 40Tr. Phụ cấp ăn trưa, xăng xe, điện thoại, tập Gym free,du lịch nước ngoài,..\nLàm T2-T6", "shared_text": "", "time": "2022-12-28 14:13:08", "timestamp": 1672211588, "likes": 0, "reaction_count": 0, "comments_full": ""},
{"original_request_url": "https://m.facebook.com/384708363548637", "post_url": "https://m.facebook.com/384708363548637", "post_id": 384708363548637, "text": "[Cầu giấy -HN] cần tuyển gấp vị trí :\nData Analytics (game)\nLương : 2000$\nYêu cầu :\nCó 1-2 năm kinh nghiệm ở ví trí tương đương\nCó kinh nghiệm với Toán học và thống kê\nSử dụng thành thao một số công cụ SQL, Python,...\nƯu tiên ứng viên có hiểu biết về lĩnh vực game\nChế độ :\nThưởng linh hoạt & hấp dẫn: Thưởng nóng + Thưởng kinh doanh theo% lợi nhuận toàn đội và toàn công ty + Thưởng lễ\nMiễn phí bữa trưa+ bữa tối tại công ty\nHỗ trợ miễn phí các gói tập yoga, gym sau giờ làm việc.\nVăn phòng mới hoàn thiện, cực kỳ hiện đại, đầy đủ tính năng.\nKhông gian xanh mát, tạo nhiều cảm hứng sáng tạo.\nTrang thiết bị chuyên nghiệp đầy đủ,\nThời gian làm việc : T2-T6\nỨng viên quan tâm gửi CV về địa chỉ :\n📩Mail: tran.thuydung@prosworks.vn\n📞Phone/zalo : 0375 791 468\nSee translation", "post_text": "[Cầu giấy -HN] cần tuyển gấp vị trí :\nData Analytics (game)\nLương : 2000$\nYêu cầu :\nCó 1-2 năm kinh nghiệm ở ví trí tương đương\nCó kinh nghiệm với Toán học và thống kê\nSử dụng thành thao một số công cụ SQL, Python,...\nƯu tiên ứng viên có hiểu biết về lĩnh vực game\nChế độ :\nThưởng linh hoạt & hấp dẫn: Thưởng nóng + Thưởng kinh doanh theo% lợi nhuận toàn đội và toàn công ty + Thưởng lễ\nMiễn phí bữa trưa+ bữa tối tại công ty\nHỗ trợ miễn phí các gói tập yoga, gym sau giờ làm việc.\nVăn phòng mới hoàn thiện, cực kỳ hiện đại, đầy đủ tính năng.\nKhông gian xanh mát, tạo nhiều cảm hứng sáng tạo.\nTrang thiết bị chuyên nghiệp đầy đủ,\nThời gian làm việc : T2-T6\nỨng viên quan tâm gửi CV về địa chỉ :\n📩Mail: tran.thuydung@prosworks.vn\n📞Phone/zalo : 0375 791 468\nSee translation", "time": "2022-07-08 10:32:13", "timestamp": 1657251133, "likes": 5, "reaction_count": 5, "comments_full": "Ib ngay để nhận JD\ncho mình xin jd bạn nhé. thanks bạn\nThuan Xuan Check ib m nhé\nThuỳ Dungtks bạn\nCó remote đc ko bạn? Mình đang học PhD toán ở Mĩ\n"},
{"original_request_url": "https://m.facebook.com/497219825630823", "post_url": "https://m.facebook.com/497219825630823", "post_id": 497219825630823, "text": "[HN] Tuyển BA (từ 4y exp)\nOffer 2000$, thử việc full lương, công ty product của Mỹ.", "post_text": "[HN] Tuyển BA (từ 4y exp)\nOffer 2000$, thử việc full lương, công ty product của Mỹ.", "shared_text": "", "time": "2022-12-27 16:34:07", "timestamp": 1672133647, "likes": 1, "reaction_count": 1, "comments_full": "Offer 2000$\ntừ 4y exp\n✅ Đăng ký vᴀʏ tại Ngân Hàng - Đăng ký online Ngân Hàng Techcombank\n👉 vᴀʏ vốn Online đơn giản - Đăng ký vᴀʏ vốn, nhận kết quả phê duyệt, được kiểm tra hợp đồng, hoàn toàn minh bạch\nĐăng ký liên hệ Zalo/Hotline : 0389562315\n📩 Ngân Hàng TMCP Techcombank 📩\n✅ Tỉ lệ duyệt lên đến 95%\n✅ Bị N.ợ xấu, N.ợ Chú Ý\n✅ Không có tài sản t.h.ế c.h.ấ.p\n✅ Đang vᴀʏ nhiều bên\n🚫 Số lượng có hạn, chỉ ưu tiên cho cá nhân nào đăng ký trước 🚫\n👋 Các gói vᴀʏ 👉 𝑳𝒂̃𝒊 𝒔𝒖𝒂̂́𝒕 ưu đãi 0.8%/ tháng:\n🎯 vᴀʏ 20 triệu g.ó.p 24 tháng - Đóng 993k / 1 tháng\n🎯 vᴀʏ 30 triệu g.ó.p 24 tháng - Đóng 1tr490 / 1 tháng\n🎯 vᴀʏ 50 triệu g.ó.p 36 tháng - Đóng 1tr789 / 1 tháng\n🎯 vᴀʏ 70 triệu g.ó.p 36 tháng - Đóng 2tr504 / 1 tháng\n🎯 vᴀʏ 100 triệu g.ó.p 36 tháng - Đóng 3tr578 / 1 tháng\n🎯 vᴀʏ 200 triệu g.ó.p 36 tháng - Đóng 7tr156 / 1 tháng\n🎯 vᴀʏ 300 triệu g.ó.p 48 tháng - Đóng 8tr372 / 1 tháng\n🎯 vᴀʏ 500 triệu g.ó.p 60 tháng - Đóng 11tr938 / 1 tháng\n📕 Thủ tục đơn giản, dễ làm, Bảo mật tốt, G!ải Ngân trong 90 phút\nLiên hệ Zalo : 0389562315 để được tư vấn và nhận 𝒕.𝒊.𝒆̂̀.𝒏 ngay trong ngày nhé !\n"},
{"original_request_url": "https://m.facebook.com/497840048902134", "post_url": "https://m.facebook.com/497840048902134", "post_id": 497840048902134, "text": "👉[HCM] 🔥🔥 CÔNG TY TNHH ESUHAI mở HOT JOB dành cho Data Analyst với mức OFFER XỨNG TẦM. Đừng bỏ lỡ cơ hội săn chiếc Job XỊN này nhé!!! 👈🔥🔥\n⚡️Tiêu chí cần có:\n1 năm kinh nghiệm tại vị trí Data Analyst.\n⚡️Mức đãi ngộ xịn xò:\nMức lương cạnh tranh + thưởng hiệu quả công việc: 2 kỳ/ năm & các kỳ thưởng lễ.\nĐược hưởng chế độ BHXH, BHYT, BHTN, khám sức khỏe hằng năm.\nCó phụ cấp ngoài giờ, phụ cấp di chuyển chi nhánh, phụ cấp công tác.\nĐược hỗ trợ về cơm trưa, có trợ cấp nhà xa, môi trường làm việc, thai sản.\nĐược hưởng phúc lợi vào các dịp: sinh nhật, đám cưới, sinh con.\nCơ hội tham gia gắn kết với tập thể, tổ chức với các hoạt động team building thú vị.\nCó thắc mắc cần được giải đáp, các Dev đừng ngần ngại comment hoặc inbox cho mình biết nhé!\nLink JD & Apply nhanh: https://topdev.vn/s/XLfFpk24\nGửi CV về: 📩 career@topdev.vn\nVới tiêu đề: CÔNG TY TNHH ESUHAI - Data Analyst\nSee translation", "post_text": "👉[HCM] 🔥🔥 CÔNG TY TNHH ESUHAI mở HOT JOB dành cho Data Analyst với mức OFFER XỨNG TẦM. Đừng bỏ lỡ cơ hội săn chiếc Job XỊN này nhé!!! 👈🔥🔥\n⚡️Tiêu chí cần có:\n1 năm kinh nghiệm tại vị trí Data Analyst.\n⚡️Mức đãi ngộ xịn xò:\nMức lương cạnh tranh + thưởng hiệu quả công việc: 2 kỳ/ năm & các kỳ thưởng lễ.\nĐược hưởng chế độ BHXH, BHYT, BHTN, khám sức khỏe hằng năm.\nCó phụ cấp ngoài giờ, phụ cấp di chuyển chi nhánh, phụ cấp công tác.\nĐược hỗ trợ về cơm trưa, có trợ cấp nhà xa, môi trường làm việc, thai sản.\nĐược hưởng phúc lợi vào các dịp: sinh nhật, đám cưới, sinh con.\nCơ hội tham gia gắn kết với tập thể, tổ chức với các hoạt động team building thú vị.\nCó thắc mắc cần được giải đáp, các Dev đừng ngần ngại comment hoặc inbox cho mình biết nhé!\nLink JD & Apply nhanh: https://topdev.vn/s/XLfFpk24\nGửi CV về: 📩 career@topdev.vn\nVới tiêu đề: CÔNG TY TNHH ESUHAI - Data Analyst\nSee translation", "time": "2022-12-28 16:53:12", "timestamp": 1672221192, "likes": 1, "reaction_count": 1, "comments_full": "Nhanh tay Ib mình để nhận ngay JD công việc ạ\nMức OFFER hấp dẫn chần chờ j mà ko Apply nữa ạ\n"},
{"original_request_url": "https://m.facebook.com/505974064755399", "post_url": "https://m.facebook.com/505974064755399", "post_id": 505974064755399, "text": "QUY ĐỊNH ĐĂNG BÀI:\n\n- Mỗi ngày chỉ đăng 1 bài\n- Nội dung chỉ được liên quan đến mảng dữ liệu\n- Không spam, không đăng các job partime, nhập liệu...\n\nCác trường hợp vi phạm sẽ bị ban 7 ngày và gỡ các bài đã đăng. Thanks", "post_text": "QUY ĐỊNH ĐĂNG BÀI:\n\n- Mỗi ngày chỉ đăng 1 bài\n- Nội dung chỉ được liên quan đến mảng dữ liệu\n- Không spam, không đăng các job partime, nhập liệu...\n\nCác trường hợp vi phạm sẽ bị ban 7 ngày và gỡ các bài đã đăng. Thanks", "shared_text": "", "time": "2023-01-11 11:25:30", "timestamp": 1673411130, "likes": 13, "reaction_count": 13, "comments_full": ""},
{"original_request_url": "https://m.facebook.com/497661545586651", "post_url": "https://m.facebook.com/497661545586651", "post_id": 497661545586651, "text": "Phỏng vấn hiện tại, onboard sau Tết\nSynodus bên em đang tìm kiếm ứng viên Data Engineer (từ 1+ yoe, ưu tiên đã từng làm về cloud) và Data Analyst (từ 2+ yoe, tiếng Anh giao tiếp tốt vì sẽ làm việc trực tiếp với KH nước ngoài) làm việc tại Cầu Giấy, Hà Nội.\nMọi người quan tâm inbox em liền ạ\nSkype: tranthimen207\n-\\-\\-\n👉 Thu nhập hấp dẫn, 13 tháng lương, thưởng các ngày Lễ/Tết...\n👉 Có cơ hội join các domain thú vị như finance, banking,...\n👉 Được trao quyền\n👉 Gói bảo hiểm sức khỏe BIC\n👉 Du lịch hàng năm, teambuilding tháng/quý\n👉 Môi trường flat, trẻ trung, năng động, nhiều cơ hội phát triển\n👉 Công ty sẵn sàng lắng nghe ý kiến của nhân viên\n👉 Công ty đề cao trao đổi thẳng thắn, tập trung vào giải quyết vấn đề vì mục tiêu chung...\nSee translation", "post_text": "Phỏng vấn hiện tại, onboard sau Tết\nSynodus bên em đang tìm kiếm ứng viên Data Engineer (từ 1+ yoe, ưu tiên đã từng làm về cloud) và Data Analyst (từ 2+ yoe, tiếng Anh giao tiếp tốt vì sẽ làm việc trực tiếp với KH nước ngoài) làm việc tại Cầu Giấy, Hà Nội.\nMọi người quan tâm inbox em liền ạ\nSkype: tranthimen207\n-\\-\\-\n👉 Thu nhập hấp dẫn, 13 tháng lương, thưởng các ngày Lễ/Tết...\n👉 Có cơ hội join các domain thú vị như finance, banking,...\n👉 Được trao quyền\n👉 Gói bảo hiểm sức khỏe BIC\n👉 Du lịch hàng năm, teambuilding tháng/quý\n👉 Môi trường flat, trẻ trung, năng động, nhiều cơ hội phát triển\n👉 Công ty sẵn sàng lắng nghe ý kiến của nhân viên\n👉 Công ty đề cao trao đổi thẳng thắn, tập trung vào giải quyết vấn đề vì mục tiêu chung...\nSee translation", "time": "2022-12-28 09:24:25", "timestamp": 1672194265, "likes": 6, "reaction_count": 6, "comments_full": ""},
{"original_request_url": "https://m.facebook.com/497686295584176", "post_url": "https://m.facebook.com/497686295584176", "post_id": 497686295584176, "text": "[HN] Bên em đang tìm kiếm ứng viên (có thể on job ngay)\n\n1. Data Scientist: Có từ +1 yoe trở lên, giỏi toán là một lợi thế\n\n2. Data Engineer: Có từ +1 yoe trở lên, thông thạo các công cụ, nền tảng lưu trữ và xử lý dữ liệu.\n\n-\\-\\-\\-\\-\\-\\-\\-\\-\\-\\-\\-\\-\\-\\-\\-\\-\\-\\-\\-\\-\\-\\-\\-\\-\\-\\-\\-\\-\\-\\-\\-\\-\\-\\-\\-\\-\\-\\-\\-\\-\\-\\-\\-\\-\\-\\-\\-\\-\\-\\-\\-\\-\\-\\-\\-\\-\\-\\-\\-\\-\\-\\\nCơ chế:\n\n- Thu nhập cực kì hấp dẫn\n\n- Làm việc chủ yếu với các domain banking,...\n\n- Thưởng tháng lương 13, nghỉ lễ/Tết\n\n- Du lịch hằng năm, mỗi thứ 3,5 có tiệc Tea break,...\n\n- Môi trường trẻ, năng động, tích cực, được hỗ trợ nhiệt tình,...\n\n- Sẵn sàng lắng nghe góp ý từ nhân viên một cách tinh tế, khách quan.\n\nĐịa chỉ làm việc: Tháp C, toà Central Point, 219 Trung Kính, Cầu Giấy, Hà Nội.\n\nMọi thắc mắc vui lòng ib hoặc gửi thông tin CV vào email: hr@3tit.vn\n\n\n\nSee translation", "post_text": "[HN] Bên em đang tìm kiếm ứng viên (có thể on job ngay)\n\n1. Data Scientist: Có từ +1 yoe trở lên, giỏi toán là một lợi thế\n\n2. Data Engineer: Có từ +1 yoe trở lên, thông thạo các công cụ, nền tảng lưu trữ và xử lý dữ liệu.\n\n-\\-\\-\\-\\-\\-\\-\\-\\-\\-\\-\\-\\-\\-\\-\\-\\-\\-\\-\\-\\-\\-\\-\\-\\-\\-\\-\\-\\-\\-\\-\\-\\-\\-\\-\\-\\-\\-\\-\\-\\-\\-\\-\\-\\-\\-\\-\\-\\-\\-\\-\\-\\-\\-\\-\\-\\-\\-\\-\\-\\-\\-\\\nCơ chế:\n\n- Thu nhập cực kì hấp dẫn\n\n- Làm việc chủ yếu với các domain banking,...\n\n- Thưởng tháng lương 13, nghỉ lễ/Tết\n\n- Du lịch hằng năm, mỗi thứ 3,5 có tiệc Tea break,...\n\n- Môi trường trẻ, năng động, tích cực, được hỗ trợ nhiệt tình,...\n\n- Sẵn sàng lắng nghe góp ý từ nhân viên một cách tinh tế, khách quan.\n\nĐịa chỉ làm việc: Tháp C, toà Central Point, 219 Trung Kính, Cầu Giấy, Hà Nội.\n\nMọi thắc mắc vui lòng ib hoặc gửi thông tin CV vào email: hr@3tit.vn\n\n\n\nSee translation", "time": "2022-12-28 10:19:04", "timestamp": 1672197544, "likes": 0, "reaction_count": 0, "comments_full": "Có remote đc ko bạn? Mình đang học PhD toán ở Mĩ.\nNguyen Dang Son Dạ bên mình hiện tại chỉ tuyển dụng ứng viên làm việc tại VP thôi ạ! Cảm ơn bạn đã quan tâm đến vị trí!\n"},
{"original_request_url": "https://m.facebook.com/497704995582306", "post_url": "https://m.facebook.com/497704995582306", "post_id": 497704995582306, "text": "[Online] TUYỂN DỤNG MENTOR DATA ANALYSIS\nYêu cầu:\nCó ít nhất 3 năm kinh nghiệm với Data Analysis\nĐang làm việc thực tế trong trong các doanh nghiệp công nghệ thông tin hoặc là lập trình viên freelancer.\nMô tả công việc: Tiếp nhận và hỗ trợ, giải thích vướng mắc của học viên trong quá trình học.\nBenefits: hấp dẫn, có thêm thu nhập đáng kể, và các quyền lợi khác (Ví dụ: như được cấp tài khoản Udemy Business,…)\nThời gian làm việc: linh hoạt theo thời gian của Mentor, Online 100%.\nQuan tâm ib mình gửi JD chi tiết nhé!\nSee translation", "post_text": "[Online] TUYỂN DỤNG MENTOR DATA ANALYSIS\nYêu cầu:\nCó ít nhất 3 năm kinh nghiệm với Data Analysis\nĐang làm việc thực tế trong trong các doanh nghiệp công nghệ thông tin hoặc là lập trình viên freelancer.\nMô tả công việc: Tiếp nhận và hỗ trợ, giải thích vướng mắc của học viên trong quá trình học.\nBenefits: hấp dẫn, có thêm thu nhập đáng kể, và các quyền lợi khác (Ví dụ: như được cấp tài khoản Udemy Business,…)\nThời gian làm việc: linh hoạt theo thời gian của Mentor, Online 100%.\nQuan tâm ib mình gửi JD chi tiết nhé!\nSee translation", "time": "2022-12-28 11:04:16", "timestamp": 1672200256, "likes": 3, "reaction_count": 3, "comments_full": "ib m gửi JD nhe\nIb m\nLan Hoàng check ib c nhé\nGui ID cho minh nh, minh gui resume\nKris Lin bạn check tin nhắn chờ nha\ncho mình xin jd bạn nhé\nThuan Xuan Bạn check tin nhắn chờ nhé\ngửi mình JD nhé ah\nNguyễn Yên Bạn check tin nhắn chờ nhé\nMình inbox bạn rồi á, bạn check tn chờ của mình nha\n"},
{"original_request_url": "https://m.facebook.com/498380872181385", "post_url": "https://m.facebook.com/498380872181385", "post_id": 498380872181385, "text": "🌈🌈🌈[HN] Chào đón nhân tài Data Analyst đến với đại gia đình Ngân hàng Quốc tế VIB - Nhanh tay ứng tuyển để ôm trọn OFFER từ $1,000 - $2,000 và rất nhiều những đãi ngộ xịn sò khác nữa nhé!\n🌵Yêu cầu:\nCó từ 3 năm KN về quản trị datawarehouse, tích hợp dữ liệu, xây dựng báo cáo.\nCó KN xây dựng báo cáo bằng BI tool: BI Tableau, Jasper.\n🌵Đãi ngộ xịn sò:\nLương hấp dẫn từ $1,000 - $2,000 + Thưởng.\nĐược xét tăng lương định kỳ và phụ cấp thâm niên.\nChế độ bảo hiểm và chăm sóc sức khỏe định kỳ.\nNghỉ phép năm theo quy định nhà nước.\nĐược cấp đầy đủ các thiết bị : màn hình, laptop làm việc.\nThời gian làm việc: 8h-17h30 từ thứ 2 đến thứ 6.\nCÁCH THỨC ỨNG TUYỂN:\n🔥Gửi CV về: career@topdev.vn\n🔥Với tiêu đề: VIB - Data Analyst\n-\\-\\-\\-\\-\\-\\-\\-\\-\\-\\-\\-\\-\\-\\-\\-\\-\\-\\-\\-\\-\\-\\-\\-\\-\\-\\-\\-\\-\\-\\-\\-\\-\\-\\-\\-\\-\\-\\-\\-\\-\\-\\-\\-\\-\\-\\-\\-\\-\\-\\-\\-\\-\\-\\-\\-\\-\\-\\-\\-\\-\nNếu có thắc mắc cần được giải đáp, đừng ngần ngại comment hoặc inbox cho mình biết nhé!\nSee translation", "post_text": "🌈🌈🌈[HN] Chào đón nhân tài Data Analyst đến với đại gia đình Ngân hàng Quốc tế VIB - Nhanh tay ứng tuyển để ôm trọn OFFER từ $1,000 - $2,000 và rất nhiều những đãi ngộ xịn sò khác nữa nhé!\n🌵Yêu cầu:\nCó từ 3 năm KN về quản trị datawarehouse, tích hợp dữ liệu, xây dựng báo cáo.\nCó KN xây dựng báo cáo bằng BI tool: BI Tableau, Jasper.\n🌵Đãi ngộ xịn sò:\nLương hấp dẫn từ $1,000 - $2,000 + Thưởng.\nĐược xét tăng lương định kỳ và phụ cấp thâm niên.\nChế độ bảo hiểm và chăm sóc sức khỏe định kỳ.\nNghỉ phép năm theo quy định nhà nước.\nĐược cấp đầy đủ các thiết bị : màn hình, laptop làm việc.\nThời gian làm việc: 8h-17h30 từ thứ 2 đến thứ 6.\nCÁCH THỨC ỨNG TUYỂN:\n🔥Gửi CV về: career@topdev.vn\n🔥Với tiêu đề: VIB - Data Analyst\n-\\-\\-\\-\\-\\-\\-\\-\\-\\-\\-\\-\\-\\-\\-\\-\\-\\-\\-\\-\\-\\-\\-\\-\\-\\-\\-\\-\\-\\-\\-\\-\\-\\-\\-\\-\\-\\-\\-\\-\\-\\-\\-\\-\\-\\-\\-\\-\\-\\-\\-\\-\\-\\-\\-\\-\\-\\-\\-\\-\\-\nNếu có thắc mắc cần được giải đáp, đừng ngần ngại comment hoặc inbox cho mình biết nhé!\nSee translation", "time": "2022-12-29 14:30:52", "timestamp": 1672299052, "likes": 0, "reaction_count": 0, "comments_full": ""},
{"original_request_url": "https://m.facebook.com/498438355508970", "post_url": "https://m.facebook.com/498438355508970", "post_id": 498438355508970, "text": "[HCM] TAPTAP mở ra cơ hội dành cho các Product Analyst với vô vàn những đãi ngộ HOT, nhanh tay apply ngay kẻo lỡ nhé!\nTiêu chí cần có:\n⭐️Có 2 năm KN ở vị trí Chuyên viên phân tích BI, Chuyên viên phân tích dữ liệu.\nChế độ đãi ngộ hấp dẫn:\n⚡️Mức lương thỏa thuận theo năng lực.\n⚡️Thời gian làm việc: Thứ Hai đến Thứ Sáu (09:00- 18:00).\n⚡️Cơ hội phát triển lớn và sự hỗ trợ mạnh mẽ từ hai tổ chức.\n⚡️Lương tháng 13 và thưởng hiệu quả công việc.\n⚡️Bảo hiểm xã hội 100%.\n⚡️Bảo hiểm y tế tư nhân, khám sức khỏe định kỳ hàng năm.\n⚡️Các hoạt động trong các dịp đặc biệt (Noel, New Year, Women's Day, v.v.).\n⚡️Du lịch công ty và các hoạt động xây dựng đội nhóm.\n⚡️Một môi trường linh hoạt với những đồng nghiệp cực kỳ vui vẻ và nhiệt tình.\nCó thắc mắc cần được giải đáp, đừng ngần ngại comment bên dưới hoặc inbox cho mình biết nhé!\nLink JD & Apply nhanh: https://topdev.vn/s/u90IM8OC\nGửi CV về: career@topdev.vn\nVới tiêu đề: TAPTAP - Product Analyst\nSee translation", "post_text": "[HCM] TAPTAP mở ra cơ hội dành cho các Product Analyst với vô vàn những đãi ngộ HOT, nhanh tay apply ngay kẻo lỡ nhé!\nTiêu chí cần có:\n⭐️Có 2 năm KN ở vị trí Chuyên viên phân tích BI, Chuyên viên phân tích dữ liệu.\nChế độ đãi ngộ hấp dẫn:\n⚡️Mức lương thỏa thuận theo năng lực.\n⚡️Thời gian làm việc: Thứ Hai đến Thứ Sáu (09:00- 18:00).\n⚡️Cơ hội phát triển lớn và sự hỗ trợ mạnh mẽ từ hai tổ chức.\n⚡️Lương tháng 13 và thưởng hiệu quả công việc.\n⚡️Bảo hiểm xã hội 100%.\n⚡️Bảo hiểm y tế tư nhân, khám sức khỏe định kỳ hàng năm.\n⚡️Các hoạt động trong các dịp đặc biệt (Noel, New Year, Women's Day, v.v.).\n⚡️Du lịch công ty và các hoạt động xây dựng đội nhóm.\n⚡️Một môi trường linh hoạt với những đồng nghiệp cực kỳ vui vẻ và nhiệt tình.\nCó thắc mắc cần được giải đáp, đừng ngần ngại comment bên dưới hoặc inbox cho mình biết nhé!\nLink JD & Apply nhanh: https://topdev.vn/s/u90IM8OC\nGửi CV về: career@topdev.vn\nVới tiêu đề: TAPTAP - Product Analyst\nSee translation", "time": "2022-12-29 17:07:17", "timestamp": 1672308437, "likes": 0, "reaction_count": 0, "comments_full": "Link JD & Apply nhanh: https://\ntopdev.vn/s/\nu90IM8OC\n"},
{"original_request_url": "https://m.facebook.com/498893178796821", "post_url": "https://m.facebook.com/498893178796821", "post_id": 498893178796821, "text": "[Quận 3 -FPT Software] Tuyển Business Analyst IT - 3-4 năm kinh nghiệm BA,Finance + Tiếng anh giao tiếp- Offer upto 2000$ Gross.", "post_text": "[Quận 3 -FPT Software] Tuyển Business Analyst IT - 3-4 năm kinh nghiệm BA,Finance + Tiếng anh giao tiếp- Offer upto 2000$ Gross.", "shared_text": "", "time": "2022-12-30 09:36:14", "timestamp": 1672367774, "likes": 0, "reaction_count": 0, "comments_full": "Skype: domymy9898\n"},
{"original_request_url": "https://m.facebook.com/497187375634068", "post_url": "https://m.facebook.com/497187375634068", "post_id": 497187375634068, "text": "[HCM] Business Analyst / Project Manager\n*Salary: upto $2500\n\n*Requirements:\n- Fluency in Japanese (N2 higher level)\n- 2-3 years of experience in IT Development field\n- Good English skills\n\n*Benefits:\n- 13th-month salary and Summer bonus (up to the company's ability)\n- Pay raise review: 2 times/year\n- Holiday: 14 annual leave days based on Vietnam Government regulations and 1 special day.\n- Check heath 1 time/year\n- Compulsory insurance full salary (Social Insurance, Health Insurance, Unemployment Insurance).\n- Lunch allowance 700,000VND/month\n- Gasoline allowance 300,000VND/month\n- Quarterly and Yearly awards for excellent employees\n- Company trip every year.\n- Company activities such as sports, dining/drinking.\n- Opportunity to work in Japan, Thailand, Malaysia..\n\n*Contact: 0366810313 (Call/Zalo)\n*Or send your CV to: recruiter2@adiconsulting.vn\n*If any question, please do not hesitate to contact me.\n#businessanalyst #projectmanager #hiringnow #hcm\n#japanese", "post_text": "[HCM] Business Analyst / Project Manager\n*Salary: upto $2500\n\n*Requirements:\n- Fluency in Japanese (N2 higher level)\n- 2-3 years of experience in IT Development field\n- Good English skills\n\n*Benefits:\n- 13th-month salary and Summer bonus (up to the company's ability)\n- Pay raise review: 2 times/year\n- Holiday: 14 annual leave days based on Vietnam Government regulations and 1 special day.\n- Check heath 1 time/year\n- Compulsory insurance full salary (Social Insurance, Health Insurance, Unemployment Insurance).\n- Lunch allowance 700,000VND/month\n- Gasoline allowance 300,000VND/month\n- Quarterly and Yearly awards for excellent employees\n- Company trip every year.\n- Company activities such as sports, dining/drinking.\n- Opportunity to work in Japan, Thailand, Malaysia..\n\n*Contact: 0366810313 (Call/Zalo)\n*Or send your CV to: recruiter2@adiconsulting.vn\n*If any question, please do not hesitate to contact me.\n#businessanalyst #projectmanager #hiringnow #hcm\n#japanese", "time": "2022-12-27 15:10:42", "timestamp": 1672128642, "likes": 0, "reaction_count": 0, "comments_full": ""},
{"original_request_url": "https://m.facebook.com/497121122307360", "post_url": "https://m.facebook.com/497121122307360", "post_id": 497121122307360, "text": "**[HN] VIETTEL CONSTRUCTION **\nTuyển dụng Kỹ sư An toàn thông tin và Data Engineer\n-\\-\\-\\-\\-\nRange thu nhập: 300-400M Gross/ năm\nĐược hỗ trợ đào tạo và thi chứng chỉ CNTT hàng năm\nTham gia chế độ BHXH, BHYT, BHTN theo đúng quy định của Pháp luật và Tổng Công ty.\nĐược hưởng chế độ nghỉ mát, nghỉ phép, khám sức khỏe hằng năm và các chế độ phúc lợi khác.\n🟢LIÊN HỆ:\nLinkedin: Trần Ngân Ngân\nZalo/SĐT: 035 602 4043\nEmail: ngantt72@viettel.com.vn\nSee translation", "post_text": "**[HN] VIETTEL CONSTRUCTION **\nTuyển dụng Kỹ sư An toàn thông tin và Data Engineer\n-\\-\\-\\-\\-\nRange thu nhập: 300-400M Gross/ năm\nĐược hỗ trợ đào tạo và thi chứng chỉ CNTT hàng năm\nTham gia chế độ BHXH, BHYT, BHTN theo đúng quy định của Pháp luật và Tổng Công ty.\nĐược hưởng chế độ nghỉ mát, nghỉ phép, khám sức khỏe hằng năm và các chế độ phúc lợi khác.\n🟢LIÊN HỆ:\nLinkedin: Trần Ngân Ngân\nZalo/SĐT: 035 602 4043\nEmail: ngantt72@viettel.com.vn\nSee translation", "time": "2022-12-27 12:18:55", "timestamp": 1672118335, "likes": 1, "reaction_count": 1, "comments_full": "Mình nhận thêm hồ sơ DE nhé cả nhà ơi💖💖💖💖\nhttps://\nwww.topcv.vn/\nviec-lam/\ndata-engineer-up\nto-50m/\n900070.html?ta_s\nource=JobListIn\nNormalCompany\nCác bạn tham khảo JD nhé\nPV 1 vòng nhận việc sau tết nhé các bác\n..\n"},
{"original_request_url": "https://m.facebook.com/496060339080105", "post_url": "https://m.facebook.com/496060339080105", "post_id": 496060339080105, "text": "🐬[Pegasi] - [IT Recruitment] - [HCM/HN]\n🌈Attractive salary\n💼Remote, Hybrid, or Onsite\n🥳Please feel free to contact me via FB or Skype for further information: live:.cid.151904df9cc63cc2\n☎️Phone/Zalo: 0847387508\n📬Email: hanh.nguyen@pegasi.com.vn", "post_text": "🐬[Pegasi] - [IT Recruitment] - [HCM/HN]\n🌈Attractive salary\n💼Remote, Hybrid, or Onsite\n🥳Please feel free to contact me via FB or Skype for further information: live:.cid.151904df9cc63cc2\n☎️Phone/Zalo: 0847387508\n📬Email: hanh.nguyen@pegasi.com.vn", "shared_text": "", "time": "2022-12-25 20:45:30", "timestamp": 1671975930, "likes": 2, "reaction_count": 2, "comments_full": "em xin jd backend\nChang Chang bạn check ib mình nha\n"},
{"original_request_url": "https://m.facebook.com/498228302196642", "post_url": "https://m.facebook.com/498228302196642", "post_id": 498228302196642, "text": "🔥[HN] Chiêu mộ #DATA ENGINEER từ 3 năm kn\nThông thạo Spark, kafka, hadoop,…\nOFFER 2000$Net\nBHSK đặc biệt. Ib em gửi JD ạ!", "post_text": "🔥[HN] Chiêu mộ #DATA ENGINEER từ 3 năm kn\nThông thạo Spark, kafka, hadoop,…\nOFFER 2000$Net\nBHSK đặc biệt. Ib em gửi JD ạ!", "shared_text": "", "time": "2022-12-29 07:48:34", "timestamp": 1672274914, "likes": 2, "reaction_count": 2, "comments_full": ".\n.\n.\n.\n"},
{"original_request_url": "https://m.facebook.com/484980970188042", "post_url": "https://m.facebook.com/484980970188042", "post_id": 484980970188042, "text": "[THANH XUÂN - HÀ NỘI] Tuyển gấp FRESHER & JUNIOR DE. Được đào tạo bài bản, lương thỏa thuận. IB mình nhận JD chi tiết nhé", "post_text": "[THANH XUÂN - HÀ NỘI] Tuyển gấp FRESHER & JUNIOR DE. Được đào tạo bài bản, lương thỏa thuận. IB mình nhận JD chi tiết nhé", "shared_text": "", "original_text": null, "time": "2022-12-10 10:49:21", "timestamp": 1670644161, "likes": 1, "reaction_count": 1, "comments_full": ["cho mình xin JD của DE ạ\nb check ib mình nha\n"]}]