[{"original_request_url": "https://m.facebook.com/503312595021546", "post_url": "https://m.facebook.com/503312595021546", "post_id": 503312595021546, "text": "Hello các bạn HR, hiện tại mình đang support 10 bạn intern/ fresher Data Analyst tìm việc, e shareCV free ạ,\nA/c HR ib e nhé ạ!", "post_text": "Hello các bạn HR, hiện tại mình đang support 10 bạn intern/ fresher Data Analyst tìm việc, e shareCV free ạ,\nA/c HR ib e nhé ạ!", "shared_text": "", "time": "2023-01-06 14:41:40", "timestamp": 1672990900, "likes": 4, "reaction_count": 4, "comments_full": ""},
{"original_request_url": "https://m.facebook.com/505969984755807", "post_url": "https://m.facebook.com/505969984755807", "post_id": 505969984755807, "text": "-HCM- Data Analyst hốt ngay job xịn tại ESUHAI với nhiều đãi ngộ HOT. Cmt nhận ngay JD nào!", "post_text": "-HCM- Data Analyst hốt ngay job xịn tại ESUHAI với nhiều đãi ngộ HOT. Cmt nhận ngay JD nào!", "shared_text": "", "time": "2023-01-11 11:14:50", "timestamp": 1673410490, "likes": 0, "reaction_count": 0, "comments_full": ""},
{"original_request_url": "https://m.facebook.com/506662554686550", "post_url": "https://m.facebook.com/506662554686550", "post_id": 506662554686550, "text": "[Sharing] Ebook Microsoft Power BI Quick Start Guide – Second Edition\nChia sẻ với mọi người một ebook cực hay từ Microsoft hướng dẫn chi tiết về Power BI. Chia sẻ cho anh em cùng tham khảo.\nTại sao nói đây là cuốn sách “gối đầu” người muốn bước chân vào lĩnh vực Phân tích dữ liệu?\nEbook này sẽ giúp bạn hiểu cách thức ứng dụng Power BI trong doanh nghiệp và cách tận dụng tối đa Power BI để thực hiện nghiệp vụ thông minh hiệu quả.\nBẠN SẼ HỌC ĐƯỢC GÌ\nKết nối với các nguồn dữ liệu bằng các tùy chọn import and DirectQuery\nSử dụng Query Editor cho các quy trình chuyển đổi dữ liệu và làm sạch dữ liệu\nThiết kế các mô hình dữ liệu được tối ưu hóa bằng cách thiết kế các mối quan hệ và tính toán DAX\nThiết kế báo cáo hiệu quả với hình ảnh tích hợp và tùy chỉnh\nÁp dụng Power BI Desktop và Service để triển khai bảo mật row-level\nQuản lý đối tượng sử dụng đám mây Power BI cho tổ chức của bạn\nSử dụng các chức năng AI tích hợp để nâng cao các kỹ thuật chuyển đổi dữ liệu Power BI\nTriển khai các tệp máy tính Power BI của bạn vào Power BI Report Server\nHọc xong cuốn này mà bác nào vẫn chưa thành thạo Power BI thì cứ nhắn tôi 🙂\nMọi người download ebook trong group zalo này nhé: https://zalo.me/g/gvchhw020\nSee translation", "post_text": "[Sharing] Ebook Microsoft Power BI Quick Start Guide – Second Edition\nChia sẻ với mọi người một ebook cực hay từ Microsoft hướng dẫn chi tiết về Power BI. Chia sẻ cho anh em cùng tham khảo.\nTại sao nói đây là cuốn sách “gối đầu” người muốn bước chân vào lĩnh vực Phân tích dữ liệu?\nEbook này sẽ giúp bạn hiểu cách thức ứng dụng Power BI trong doanh nghiệp và cách tận dụng tối đa Power BI để thực hiện nghiệp vụ thông minh hiệu quả.\nBẠN SẼ HỌC ĐƯỢC GÌ\nKết nối với các nguồn dữ liệu bằng các tùy chọn import and DirectQuery\nSử dụng Query Editor cho các quy trình chuyển đổi dữ liệu và làm sạch dữ liệu\nThiết kế các mô hình dữ liệu được tối ưu hóa bằng cách thiết kế các mối quan hệ và tính toán DAX\nThiết kế báo cáo hiệu quả với hình ảnh tích hợp và tùy chỉnh\nÁp dụng Power BI Desktop và Service để triển khai bảo mật row-level\nQuản lý đối tượng sử dụng đám mây Power BI cho tổ chức của bạn\nSử dụng các chức năng AI tích hợp để nâng cao các kỹ thuật chuyển đổi dữ liệu Power BI\nTriển khai các tệp máy tính Power BI của bạn vào Power BI Report Server\nHọc xong cuốn này mà bác nào vẫn chưa thành thạo Power BI thì cứ nhắn tôi 🙂\nMọi người download ebook trong group zalo này nhé: https://zalo.me/g/gvchhw020\nSee translation", "time": "2023-01-12 17:44:40", "timestamp": 1673520280, "likes": 1, "reaction_count": 1, "comments_full": ""},
{"original_request_url": "https://m.facebook.com/506610771358395", "post_url": "https://m.facebook.com/506610771358395", "post_id": 506610771358395, "text": "[Thanh Xuan, Ha Noi] DATA ENGINEER\nJT1’S CLIENT - Vietnamese Technology Company\n🎊🎊🎊REQUIREMENTS\n-6+ months of experience in working this field\n-Experience in working on Cloud Computer platform\n-Proficiency in SQL, designing data pipelines and processing ETL\n🎉🎉🎉BENEFITS\n-Salary range: up to USD 1,200 gross\n-Supply insurance\n-Vacation leave and sick leave\n-\\-\\-\\-\\-\\-\\-\\-\\-\\-\\-\\-\\-\\-\\-\\-\\-\\-\\-\\-\\-\\-\\-\\-\\-\\-\\-\\-\\-\\-\\-\\-\\-\\-\\-\\-\\-\\-\\-\\-\\-\\-\\-\\-\\-\\-\\-\\-\\-\\-\\\nFor further information, feel free to contact me!\n📩📩📩Mail: recruitment@jt1.vn\nTitle mail: [Position] - [Name]\nSkype/Zalo: +84357441845\nThanks for reading! Have a nice day\n#dataengineer #data #thanhxuan #hanoi", "post_text": "[Thanh Xuan, Ha Noi] DATA ENGINEER\nJT1’S CLIENT - Vietnamese Technology Company\n🎊🎊🎊REQUIREMENTS\n-6+ months of experience in working this field\n-Experience in working on Cloud Computer platform\n-Proficiency in SQL, designing data pipelines and processing ETL\n🎉🎉🎉BENEFITS\n-Salary range: up to USD 1,200 gross\n-Supply insurance\n-Vacation leave and sick leave\n-\\-\\-\\-\\-\\-\\-\\-\\-\\-\\-\\-\\-\\-\\-\\-\\-\\-\\-\\-\\-\\-\\-\\-\\-\\-\\-\\-\\-\\-\\-\\-\\-\\-\\-\\-\\-\\-\\-\\-\\-\\-\\-\\-\\-\\-\\-\\-\\-\\-\\\nFor further information, feel free to contact me!\n📩📩📩Mail: recruitment@jt1.vn\nTitle mail: [Position] - [Name]\nSkype/Zalo: +84357441845\nThanks for reading! Have a nice day\n#dataengineer #data #thanhxuan #hanoi", "time": "2023-01-12 15:16:23", "timestamp": 1673511383, "likes": 8, "reaction_count": 8, "comments_full": "Job còn open, ib mình nhận JD nhé\nIb mình để được hỗ trợ về job nhé\n"},
{"original_request_url": "https://m.facebook.com/506516598034479", "post_url": "https://m.facebook.com/506516598034479", "post_id": 506516598034479, "text": "Khách hàng của Persolkelly là công ty công nghệ quốc tế đang tìm kiếm Big Data Engineer làm việc hybrid tại văn phòng Hà Nội và Hồ Chí Minh.\nMức lương: up to 60 mil, package min 14 tháng lương/năm.\nYêu cầu: tốt nghiệp ĐH/CĐ, từ 4 năm kinh nghiệm Data Enginner, kĩ năng tốt với Python, có kiến thức Java, tiếng Anh giao tiếp tốt.\nLàm việc hybrid (lên văn phòng 2-3 ngày/tuần).\nBảo hiểm full lương, bảo hiểm cao cấp cho nhân viên + gia đình.\nChi phí học tập ngoại ngữ + kĩ năng chuyên môn.\nỨng viên quan tâm vui lòng contact qua message hoặc gửi CV tiếng Anh về email huyentrang_pham@persolkelly.com. Em sẽ hỗ trợ tư vấn chi tiết hơn.\nSee translation", "post_text": "Khách hàng của Persolkelly là công ty công nghệ quốc tế đang tìm kiếm Big Data Engineer làm việc hybrid tại văn phòng Hà Nội và Hồ Chí Minh.\nMức lương: up to 60 mil, package min 14 tháng lương/năm.\nYêu cầu: tốt nghiệp ĐH/CĐ, từ 4 năm kinh nghiệm Data Enginner, kĩ năng tốt với Python, có kiến thức Java, tiếng Anh giao tiếp tốt.\nLàm việc hybrid (lên văn phòng 2-3 ngày/tuần).\nBảo hiểm full lương, bảo hiểm cao cấp cho nhân viên + gia đình.\nChi phí học tập ngoại ngữ + kĩ năng chuyên môn.\nỨng viên quan tâm vui lòng contact qua message hoặc gửi CV tiếng Anh về email huyentrang_pham@persolkelly.com. Em sẽ hỗ trợ tư vấn chi tiết hơn.\nSee translation", "time": "2023-01-12 10:44:45", "timestamp": 1673495085, "likes": 1, "reaction_count": 1, "comments_full": ".\n.\n.\n.\n.\n.\n.\n.\n"},
{"original_request_url": "https://m.facebook.com/501690475183758", "post_url": "https://m.facebook.com/501690475183758", "post_id": 501690475183758, "text": "PRODUCT KIOTVIET TÌM KIẾM DATA ANALYST OFFER 15-35M\nCitigo Software - công ty chủ quản của sản phẩm phần mềm quản lý bán hàng KiotViet, hiện có 150.000 khách hàng, quy mô khoảng 1800 nhân sự trên toàn quốc.\nBên mình đang tìm kiếm Data Analyst:\nTừ 2 năm kinh nghiệm trở lên\nSử dụng tốt SQL, Data Visualization (PowerBI/Tableau)\nKỹ năng mềm làm việc với các stakeholder\nTư duy phân tích, logic, xác suất thống kê tốt\nƯu tiên nếu có thể code Python/R\nVề với chúng mình, bạn nhận được:\nLàm việc với team size lớn, đồng nghiệp trẻ trung và giúp đỡ nhau trong công việc.\nReview định kỳ 2 lần/năm\nPerformance bonus + Thưởng kpi + Thưởng kinh doanh (13-16 tháng/năm)\nLàm việc từ Thứ 2 – Thứ 6, ca làm việc linh hoạt: 8h30-18h hoặc 9h-18h30\nApply: linh.vn1@kiotviet.com\nInb để biết thêm thông tin\n1A Yết Kiêu, Hoàn Kiếm, Hà Nội\n#DA #Hiring #Data #Dataanalyst #Tuyendung\nSee translation", "post_text": "PRODUCT KIOTVIET TÌM KIẾM DATA ANALYST OFFER 15-35M\nCitigo Software - công ty chủ quản của sản phẩm phần mềm quản lý bán hàng KiotViet, hiện có 150.000 khách hàng, quy mô khoảng 1800 nhân sự trên toàn quốc.\nBên mình đang tìm kiếm Data Analyst:\nTừ 2 năm kinh nghiệm trở lên\nSử dụng tốt SQL, Data Visualization (PowerBI/Tableau)\nKỹ năng mềm làm việc với các stakeholder\nTư duy phân tích, logic, xác suất thống kê tốt\nƯu tiên nếu có thể code Python/R\nVề với chúng mình, bạn nhận được:\nLàm việc với team size lớn, đồng nghiệp trẻ trung và giúp đỡ nhau trong công việc.\nReview định kỳ 2 lần/năm\nPerformance bonus + Thưởng kpi + Thưởng kinh doanh (13-16 tháng/năm)\nLàm việc từ Thứ 2 – Thứ 6, ca làm việc linh hoạt: 8h30-18h hoặc 9h-18h30\nApply: linh.vn1@kiotviet.com\nInb để biết thêm thông tin\n1A Yết Kiêu, Hoàn Kiếm, Hà Nội\n#DA #Hiring #Data #Dataanalyst #Tuyendung\nSee translation", "time": "2023-01-03 21:11:31", "timestamp": 1672755091, "likes": 3, "reaction_count": 3, "comments_full": "Inbox nhận JD\nPhỏng vấn trước tết onboard sau tết\nNgọc Linh Vũ Có tuyển intern không bạn ạ?\n.\nUp\n"},
{"original_request_url": "https://m.facebook.com/504578308228308", "post_url": "https://m.facebook.com/504578308228308", "post_id": 504578308228308, "text": "PRODUCT KIOTVIET TÌM KIẾM DATA ANALYST OFFER 15-35M\nCitigo Software - công ty chủ quản của sản phẩm phần mềm quản lý bán hàng KiotViet, hiện có 150.000 khách hàng, quy mô khoảng 1800 nhân sự trên toàn quốc.\nBên mình đang tìm kiếm Data Analyst:\nTừ 2 năm kinh nghiệm trở lên\nSử dụng tốt SQL, Data Visualization (PowerBI/Tableau)\nKỹ năng mềm làm việc với các stakeholder\nTư duy phân tích, logic, xác suất thống kê tốt\nƯu tiên nếu có thể code Python/R\nVề với chúng mình, bạn nhận được:\nLàm việc với team size lớn, đồng nghiệp trẻ trung và giúp đỡ nhau trong công việc.\nReview định kỳ 2 lần/năm\nPerformance bonus + Thưởng kpi + Thưởng kinh doanh (13-16 tháng/năm)\nLàm việc từ Thứ 2 – Thứ 6, ca làm việc linh hoạt: 8h30-18h hoặc 9h-18h30\nApply: linh.vn1@kiotviet.com\nInb để biết thêm thông tin\n1A Yết Kiêu, Hoàn Kiếm, Hà Nội\n#DA #Hiring #Data #Dataanalyst #Tuyendung\nSee translation", "post_text": "PRODUCT KIOTVIET TÌM KIẾM DATA ANALYST OFFER 15-35M\nCitigo Software - công ty chủ quản của sản phẩm phần mềm quản lý bán hàng KiotViet, hiện có 150.000 khách hàng, quy mô khoảng 1800 nhân sự trên toàn quốc.\nBên mình đang tìm kiếm Data Analyst:\nTừ 2 năm kinh nghiệm trở lên\nSử dụng tốt SQL, Data Visualization (PowerBI/Tableau)\nKỹ năng mềm làm việc với các stakeholder\nTư duy phân tích, logic, xác suất thống kê tốt\nƯu tiên nếu có thể code Python/R\nVề với chúng mình, bạn nhận được:\nLàm việc với team size lớn, đồng nghiệp trẻ trung và giúp đỡ nhau trong công việc.\nReview định kỳ 2 lần/năm\nPerformance bonus + Thưởng kpi + Thưởng kinh doanh (13-16 tháng/năm)\nLàm việc từ Thứ 2 – Thứ 6, ca làm việc linh hoạt: 8h30-18h hoặc 9h-18h30\nApply: linh.vn1@kiotviet.com\nInb để biết thêm thông tin\n1A Yết Kiêu, Hoàn Kiếm, Hà Nội\n#DA #Hiring #Data #Dataanalyst #Tuyendung\nSee translation", "time": "2023-01-08 21:03:00", "timestamp": 1673186580, "likes": 1, "reaction_count": 1, "comments_full": "Inbox nhận JD ạ\n"},
{"original_request_url": "https://m.facebook.com/506486251370847", "post_url": "https://m.facebook.com/506486251370847", "post_id": 506486251370847, "text": "#Remotefulltime\nData Engineer , 4 +YoE, Good English, Salary 5000$", "post_text": "#Remotefulltime\nData Engineer , 4 +YoE, Good English, Salary 5000$", "shared_text": "", "time": "2023-01-12 09:26:00", "timestamp": 1673490360, "likes": 1, "reaction_count": 1, "comments_full": ""},
{"original_request_url": "https://m.facebook.com/506479218038217", "post_url": "https://m.facebook.com/506479218038217", "post_id": 506479218038217, "text": "[Hoàng Mai – Hà Nội] CÔNG TY TNHH PNK TUYỂN DỤNG:\nGiám đốc Dự Án (Kinh doanh Dự Án);\nTrưởng phòng phát triển sản phẩm;\nChuyên viên Phát triển sản phẩm;\nChuyên viên Phát triển dự án.\n* IB để nhận JD\n* Yêu cầu: Đã có kinh nghiệm làm thị trường, dự án. Tốt nghiệp đại học chuyên ngành CNTT, Điện Tử Viễn Thông, Tự Động Hóa,Điện Tử,…\n* Tiếng anh giao tiếp thành thạo.\n-\\-\\-\\-\\-\\-\\-\\-\\-\\-\\-\\-\\-\\-\\-\\-\\-\\-\\-\\-\\-\\-\\-\\-\\-\\-\\-\\-\\-\\-\\-\\-\\-\\-\\-\\-\\-\\-\\-\\-\\-\\-\\-\\-\\-\\-\\-\\-\\-\\-\\\n- Tháng lương 13, xét tăng lương hàng năm, tăng lương đột xuất, Hoa hồng dự án, sản phẩm….\n- Chế độ phép tháng, năm\n- Tham gia đầy đủ các chế độ BHXH,BHYT,BHTN..., các ngày nghỉ lễ tết...\n- Tham gia các hoạt động nghỉ mát, gala, teambuilding\n- Môi trường thân thiện, chuyên nghiệp.\n-\\-\\-\\-\\-\\-\\-\\-\\-\\-\\-\\-\\-\\-\\-\\-\\-\\-\\-\\-\\-\\-\\-\\-\\-\\-\\-\\-\\-\\-\\-\\-\\-\\-\\-\\-\\-\\-\\-\\-\\-\\-\\-\\-\\-\\-\\\n☎️Liên hệ: 034 999 8050\n📩Email: nglinh10061995@gmail.com\n* Địa chỉ: Kim Đồng, Giáp Bát, Hoàng Mai, Hà Nội.🍀\nSee translation", "post_text": "[Hoàng Mai – Hà Nội] CÔNG TY TNHH PNK TUYỂN DỤNG:\nGiám đốc Dự Án (Kinh doanh Dự Án);\nTrưởng phòng phát triển sản phẩm;\nChuyên viên Phát triển sản phẩm;\nChuyên viên Phát triển dự án.\n* IB để nhận JD\n* Yêu cầu: Đã có kinh nghiệm làm thị trường, dự án. Tốt nghiệp đại học chuyên ngành CNTT, Điện Tử Viễn Thông, Tự Động Hóa,Điện Tử,…\n* Tiếng anh giao tiếp thành thạo.\n-\\-\\-\\-\\-\\-\\-\\-\\-\\-\\-\\-\\-\\-\\-\\-\\-\\-\\-\\-\\-\\-\\-\\-\\-\\-\\-\\-\\-\\-\\-\\-\\-\\-\\-\\-\\-\\-\\-\\-\\-\\-\\-\\-\\-\\-\\-\\-\\-\\-\\\n- Tháng lương 13, xét tăng lương hàng năm, tăng lương đột xuất, Hoa hồng dự án, sản phẩm….\n- Chế độ phép tháng, năm\n- Tham gia đầy đủ các chế độ BHXH,BHYT,BHTN..., các ngày nghỉ lễ tết...\n- Tham gia các hoạt động nghỉ mát, gala, teambuilding\n- Môi trường thân thiện, chuyên nghiệp.\n-\\-\\-\\-\\-\\-\\-\\-\\-\\-\\-\\-\\-\\-\\-\\-\\-\\-\\-\\-\\-\\-\\-\\-\\-\\-\\-\\-\\-\\-\\-\\-\\-\\-\\-\\-\\-\\-\\-\\-\\-\\-\\-\\-\\-\\-\\\n☎️Liên hệ: 034 999 8050\n📩Email: nglinh10061995@gmail.com\n* Địa chỉ: Kim Đồng, Giáp Bát, Hoàng Mai, Hà Nội.🍀\nSee translation", "time": "2023-01-12 09:07:23", "timestamp": 1673489243, "likes": 1, "reaction_count": 1, "comments_full": ""},
{"original_request_url": "https://m.facebook.com/503354665017339", "post_url": "https://m.facebook.com/503354665017339", "post_id": 503354665017339, "text": "[HCM] Hãy săn ngay cơ hội việc làm cùng offer hấp dẫn tại KPMG Việt Nam, các Junior/Senior Microsoft Technical Consultant nhanh tay apply ngay kẻo lỡ nhé!\nTiêu chí cần có:\n🍁Có 1 năm kinh nghiệm về Microsoft Dynamic AX, Database, SSRS.\nChế độ đãi ngộ hấp dẫn:\n🌻Mức lương deal theo năng lực.\n🌻Thưởng lương tháng 13 + Thưởng hiệu quả công việc.\n🌻Được hưởng gói Bảo hiểm sức khỏe.\n🌻Nghỉ sinh nhật và nghỉ Giáng sinh.\n🌻Đào tạo nâng cao trình độ chuyên môn/ kỹ thuật & kỹ năng mềm.\n🌻Quà tặng vào các dịp lễ.\n🌻Thời gian làm việc: Thứ 2 - Thứ 6 (8h-12h, 13h-17h).\nCó thắc mắc cần được giải đáp, đừng ngần ngại comment bên dưới hoặc inbox cho mình biết nhé!\nLink JD & Apply nhanh: https://topdev.vn/s/8Z2g6a0T\nGửi CV về: career@topdev.vn\nVới tiêu đề: KPMG Việt Nam - Microsoft Technical Consultant\nSee translation", "post_text": "[HCM] Hãy săn ngay cơ hội việc làm cùng offer hấp dẫn tại KPMG Việt Nam, các Junior/Senior Microsoft Technical Consultant nhanh tay apply ngay kẻo lỡ nhé!\nTiêu chí cần có:\n🍁Có 1 năm kinh nghiệm về Microsoft Dynamic AX, Database, SSRS.\nChế độ đãi ngộ hấp dẫn:\n🌻Mức lương deal theo năng lực.\n🌻Thưởng lương tháng 13 + Thưởng hiệu quả công việc.\n🌻Được hưởng gói Bảo hiểm sức khỏe.\n🌻Nghỉ sinh nhật và nghỉ Giáng sinh.\n🌻Đào tạo nâng cao trình độ chuyên môn/ kỹ thuật & kỹ năng mềm.\n🌻Quà tặng vào các dịp lễ.\n🌻Thời gian làm việc: Thứ 2 - Thứ 6 (8h-12h, 13h-17h).\nCó thắc mắc cần được giải đáp, đừng ngần ngại comment bên dưới hoặc inbox cho mình biết nhé!\nLink JD & Apply nhanh: https://topdev.vn/s/8Z2g6a0T\nGửi CV về: career@topdev.vn\nVới tiêu đề: KPMG Việt Nam - Microsoft Technical Consultant\nSee translation", "time": "2023-01-06 16:46:00", "timestamp": 1672998360, "likes": 0, "reaction_count": 0, "comments_full": "Link JD & Apply nhanh: https://\ntopdev.vn/s/\n8Z2g6a0T\n"},
{"original_request_url": "https://m.facebook.com/506105904742215", "post_url": "https://m.facebook.com/506105904742215", "post_id": 506105904742215, "text": "Khách hàng của Persolkelly là công ty công nghệ quốc tế đang tìm kiếm Big Data Engineer làm việc hybrid tại văn phòng Hà Nội và Hồ Chí Minh.\nMức lương: up to 60 mil, package min 14 tháng lương/năm.\nYêu cầu: tốt nghiệp ĐH/CĐ, từ 4 năm kinh nghiệm Data Enginner, kĩ năng tốt với Python, có kiến thức Java, tiếng Anh giao tiếp tốt.\nLàm việc hybrid (lên văn phòng 2-3 ngày/tuần).\nBảo hiểm full lương, bảo hiểm cao cấp cho nhân viên + gia đình.\nChi phí học tập ngoại ngữ + kĩ năng chuyên môn.\nỨng viên quan tâm vui lòng contact qua message hoặc gửi CV tiếng Anh về email huyentrang_pham@persolkelly.com. Em sẽ hỗ trợ tư vấn chi tiết hơn.\nSee translation", "post_text": "Khách hàng của Persolkelly là công ty công nghệ quốc tế đang tìm kiếm Big Data Engineer làm việc hybrid tại văn phòng Hà Nội và Hồ Chí Minh.\nMức lương: up to 60 mil, package min 14 tháng lương/năm.\nYêu cầu: tốt nghiệp ĐH/CĐ, từ 4 năm kinh nghiệm Data Enginner, kĩ năng tốt với Python, có kiến thức Java, tiếng Anh giao tiếp tốt.\nLàm việc hybrid (lên văn phòng 2-3 ngày/tuần).\nBảo hiểm full lương, bảo hiểm cao cấp cho nhân viên + gia đình.\nChi phí học tập ngoại ngữ + kĩ năng chuyên môn.\nỨng viên quan tâm vui lòng contact qua message hoặc gửi CV tiếng Anh về email huyentrang_pham@persolkelly.com. Em sẽ hỗ trợ tư vấn chi tiết hơn.\nSee translation", "time": "2023-01-11 17:31:48", "timestamp": 1673433108, "likes": 0, "reaction_count": 0, "comments_full": ""},
{"original_request_url": "https://m.facebook.com/503357851683687", "post_url": "https://m.facebook.com/503357851683687", "post_id": 503357851683687, "text": "📌ITL Corporation - Công ty hoạt động trong lĩnh vực Logistic cần tuyển dụng vị trí IT Business Analyst\n📌 Cấp bậc: Senior\n📌Mức lương: 20-25tr\n📌 Yêu cầu: có kiến thức về 3PL, có triển khai dự án WMS, TMS, Nắm được quy trình triển khai phần mềm\n📌 Thời gian làm việc: thứ 2 - thứ 6\n📌 Địa chỉ làm việc: 117 Trần Duy Hưng, Trung Hòa, Cầu Giấy, Hà Nội\n📌 Ib mình để nhận JD cụ thể hoặc gửi CV trực tiếp qua mail: jami.anh@itlvn.com", "post_text": "📌ITL Corporation - Công ty hoạt động trong lĩnh vực Logistic cần tuyển dụng vị trí IT Business Analyst\n📌 Cấp bậc: Senior\n📌Mức lương: 20-25tr\n📌 Yêu cầu: có kiến thức về 3PL, có triển khai dự án WMS, TMS, Nắm được quy trình triển khai phần mềm\n📌 Thời gian làm việc: thứ 2 - thứ 6\n📌 Địa chỉ làm việc: 117 Trần Duy Hưng, Trung Hòa, Cầu Giấy, Hà Nội\n📌 Ib mình để nhận JD cụ thể hoặc gửi CV trực tiếp qua mail: jami.anh@itlvn.com", "shared_text": "", "time": "2023-01-06 16:54:03", "timestamp": 1672998843, "likes": 2, "reaction_count": 2, "comments_full": ".\n.\n.\nup\nup\nchấm\nthử việc 100 % lương\nmôi trường làm việc chuyên nghiệp\nđóng bảo hiểm đầy đủ\nBảo hiểm Bảo Việt miễn phí\nlương tháng 13\ndu lịch quanh năm\n🔼\n🍀\n😙\n🥹\n🤗\n.\n.\nup\n"},
{"original_request_url": "https://m.facebook.com/505974064755399", "post_url": "https://m.facebook.com/505974064755399", "post_id": 505974064755399, "text": "QUY ĐỊNH ĐĂNG BÀI:\n\n- Mỗi ngày chỉ đăng 1 bài\n- Nội dung chỉ được liên quan đến mảng dữ liệu\n- Không spam, không đăng các job partime, nhập liệu...\n\nCác trường hợp vi phạm sẽ bị ban 7 ngày và gỡ các bài đã đăng. Thanks", "post_text": "QUY ĐỊNH ĐĂNG BÀI:\n\n- Mỗi ngày chỉ đăng 1 bài\n- Nội dung chỉ được liên quan đến mảng dữ liệu\n- Không spam, không đăng các job partime, nhập liệu...\n\nCác trường hợp vi phạm sẽ bị ban 7 ngày và gỡ các bài đã đăng. Thanks", "shared_text": "", "time": "2023-01-11 11:25:30", "timestamp": 1673411130, "likes": 13, "reaction_count": 13, "comments_full": ""},
{"original_request_url": "https://m.facebook.com/503338228352316", "post_url": "https://m.facebook.com/503338228352316", "post_id": 503338228352316, "text": "🌻🌻[Đống Đa/HN]\nCơ hội lương ngon job xịn dành riêng cho vị trí Data Analyst (Database, SQL) với OFFER cực cháy từ $1,000 lên đến $3,000 tại Ngân hàng TMCP Thương mại Việt Nam (MSB).\n🎁Yêu cầu cần có:\nCó 2 năm KN ở vị trí Data Analyst (Database, SQL).\n🎁Nhận về đãi ngộ:\nMức thu nhập cạnh tranh từ $1,000 lên đến $3,000 + thưởng dự án cực xịn sò tùy vị trí công việc.\nMôi trường làm việc trẻ trung, chuyên nghiệp được dẫn dắt bởi đội ngũ quản lý giỏi, cơ hội thăng tiến rõ ràng.\nCó cơ hội tham gia nhiều khóa đào tạo phong phú nâng cao kỹ năng chuyên môn.\nCơ sở vật chất tốt, cung cấp thiết bị hiện đại làm việc.\nGiờ làm việc hành chính từ thứ Hai đến thứ Sáu hàng tuần.\nMail nhận CV: career@topdev.vn\nTiêu đề: MSB - Data Analyst ✌️✌️\nXem JD chi tiết tại link: https://topdev.vn/s/yKfR02aB\nSee translation", "post_text": "🌻🌻[Đống Đa/HN]\nCơ hội lương ngon job xịn dành riêng cho vị trí Data Analyst (Database, SQL) với OFFER cực cháy từ $1,000 lên đến $3,000 tại Ngân hàng TMCP Thương mại Việt Nam (MSB).\n🎁Yêu cầu cần có:\nCó 2 năm KN ở vị trí Data Analyst (Database, SQL).\n🎁Nhận về đãi ngộ:\nMức thu nhập cạnh tranh từ $1,000 lên đến $3,000 + thưởng dự án cực xịn sò tùy vị trí công việc.\nMôi trường làm việc trẻ trung, chuyên nghiệp được dẫn dắt bởi đội ngũ quản lý giỏi, cơ hội thăng tiến rõ ràng.\nCó cơ hội tham gia nhiều khóa đào tạo phong phú nâng cao kỹ năng chuyên môn.\nCơ sở vật chất tốt, cung cấp thiết bị hiện đại làm việc.\nGiờ làm việc hành chính từ thứ Hai đến thứ Sáu hàng tuần.\nMail nhận CV: career@topdev.vn\nTiêu đề: MSB - Data Analyst ✌️✌️\nXem JD chi tiết tại link: https://topdev.vn/s/yKfR02aB\nSee translation", "time": "2023-01-06 15:58:02", "timestamp": 1672995482, "likes": 0, "reaction_count": 0, "comments_full": ""},
{"original_request_url": "https://m.facebook.com/505958714756934", "post_url": "https://m.facebook.com/505958714756934", "post_id": 505958714756934, "text": "📌📌[HCM] Cơ hội làm việc trong môi trường chuyên nghiệp tại Yes4All với nhiều đãi ngộ & OFFER Hấp dẫn dành cho Data Engineer (Python). Nhanh tay apply để nhận lịch PV sớm nhất nhé!\nTiêu chí cần có:\n😗Có từ 1 năm KN tại vị trí Data Engineer.\n😗Có khả năng lập trình Python.\nChế độ lương & phúc lơi:\nLương thưởng hấp dẫn, deal lương theo năng lực.\nLương tháng 13 + Share lợi nhuận của công ty.\nThưởng: Nhân viên được thưởng bằng tiền mặt vào các dịp Lễ, Tết/ Sinh nhật/ Cưới hỏi và các dịp đặc biệt trong năm từ 500.000 - 3.000.000 VNĐ/ dịp.\nTăng lương theo năng lực làm việc.\nCung cấp laptop/desktop.\nThời gian làm việc: T2-T6 | 08:30-12:00 & 13:00- 17:30.\n-\\-\\-\\-\\-\\-\\-\\-\\-\\-\\-\\-\\-\\-\\-\\-\\-\\-\\-\\-\\-\\-\\-\\-\\-\\-\\-\\-\\-\\-\\-\\-\\-\\-\\-\\-\\-\\-\\-\\-\\-\\-\\-\\-\\-\\-\\-\\-\\-\\-\\-\\-\\-\\-\\-\\-\\-\\-\\-\\-\\-\\-\\-\\-\\-\\-\\-\\-\\-\\-\\-\\-\\-\\-\\\nCó thắc mắc bạn có thể inbox hoặc comment em biết nhé!\n🌈Link JD & Apply nhanh: https://topdev.vn/s/nqMyeC8I\nGửi CV về: career@topdev.vn\nVới tiêu đề: Yes4All - Data Engineer\nSee translation", "post_text": "📌📌[HCM] Cơ hội làm việc trong môi trường chuyên nghiệp tại Yes4All với nhiều đãi ngộ & OFFER Hấp dẫn dành cho Data Engineer (Python). Nhanh tay apply để nhận lịch PV sớm nhất nhé!\nTiêu chí cần có:\n😗Có từ 1 năm KN tại vị trí Data Engineer.\n😗Có khả năng lập trình Python.\nChế độ lương & phúc lơi:\nLương thưởng hấp dẫn, deal lương theo năng lực.\nLương tháng 13 + Share lợi nhuận của công ty.\nThưởng: Nhân viên được thưởng bằng tiền mặt vào các dịp Lễ, Tết/ Sinh nhật/ Cưới hỏi và các dịp đặc biệt trong năm từ 500.000 - 3.000.000 VNĐ/ dịp.\nTăng lương theo năng lực làm việc.\nCung cấp laptop/desktop.\nThời gian làm việc: T2-T6 | 08:30-12:00 & 13:00- 17:30.\n-\\-\\-\\-\\-\\-\\-\\-\\-\\-\\-\\-\\-\\-\\-\\-\\-\\-\\-\\-\\-\\-\\-\\-\\-\\-\\-\\-\\-\\-\\-\\-\\-\\-\\-\\-\\-\\-\\-\\-\\-\\-\\-\\-\\-\\-\\-\\-\\-\\-\\-\\-\\-\\-\\-\\-\\-\\-\\-\\-\\-\\-\\-\\-\\-\\-\\-\\-\\-\\-\\-\\-\\-\\-\\\nCó thắc mắc bạn có thể inbox hoặc comment em biết nhé!\n🌈Link JD & Apply nhanh: https://topdev.vn/s/nqMyeC8I\nGửi CV về: career@topdev.vn\nVới tiêu đề: Yes4All - Data Engineer\nSee translation", "time": "2023-01-11 10:42:54", "timestamp": 1673408574, "likes": 0, "reaction_count": 0, "comments_full": ""},
{"original_request_url": "https://m.facebook.com/505974064755399", "post_url": "https://m.facebook.com/505974064755399", "post_id": 505974064755399, "text": "QUY ĐỊNH ĐĂNG BÀI:\n\n- Mỗi ngày chỉ đăng 1 bài\n- Nội dung chỉ được liên quan đến mảng dữ liệu\n- Không spam, không đăng các job partime, nhập liệu...\n\nCác trường hợp vi phạm sẽ bị ban 7 ngày và gỡ các bài đã đăng. Thanks", "post_text": "QUY ĐỊNH ĐĂNG BÀI:\n\n- Mỗi ngày chỉ đăng 1 bài\n- Nội dung chỉ được liên quan đến mảng dữ liệu\n- Không spam, không đăng các job partime, nhập liệu...\n\nCác trường hợp vi phạm sẽ bị ban 7 ngày và gỡ các bài đã đăng. Thanks", "shared_text": "", "time": "2023-01-11 11:25:30", "timestamp": 1673411130, "likes": 13, "reaction_count": 13, "comments_full": ""},
{"original_request_url": "https://m.facebook.com/497839432235529", "post_url": "https://m.facebook.com/497839432235529", "post_id": 497839432235529, "text": "[HN] Mức đãi ngộ HOT từ $1,000 đến $3,000 dành cho các Middle/ Senior Data Analyst tại Ngân hàng TMCP Hàng Hải Việt Nam (MSB) đây, nhanh tay apply nào!\nTiêu chí cần có:\n⏳Có 2 năm KN về Data Analyst (như SQL, SPSS, SAS, STATA,....), ngôn ngữ lập trình (VBA, Matlab,...).\nChế độ đãi ngộ hấp dẫn:\n💥Mức lương tháng tùy khả năng công việc: $1,000 - $3,000.\n💥Tham gia những dự án số hóa trọng điểm, ứng dụng những công nghệ mới nhất.\n💥Được dẫn dắt bởi đội ngũ quản lý giỏi chuyên môn, đánh giá công bằng.\n💥Cơ hội làm việc trực tiếp với các đối tác hàng đầu thế giới.\n💥Nhiều chương trình đào tạo nâng cao kỹ năng, năng lực chuyên môn.\n💥Văn phòng làm việc đẳng cấp theo mô hình Agile tiên tiến. Cơ sở vật chất, công cụ lao động tốt, cấu hình mạnh mẽ.\n💥Thời gian làm việc: Từ thứ 2 đến thứ 6.\nCó thắc mắc cần được giải đáp, đừng ngần ngại comment bên dưới hoặc inbox cho mình biết nhé!\n📍 Link JD & Apply nhanh: https://topdev.vn/s/NTAN4QUE\n📨Gửi CV về: career@topdev.vn\n🖊Với tiêu đề: MSB - Data Analyst\nSee translation", "post_text": "[HN] Mức đãi ngộ HOT từ $1,000 đến $3,000 dành cho các Middle/ Senior Data Analyst tại Ngân hàng TMCP Hàng Hải Việt Nam (MSB) đây, nhanh tay apply nào!\nTiêu chí cần có:\n⏳Có 2 năm KN về Data Analyst (như SQL, SPSS, SAS, STATA,....), ngôn ngữ lập trình (VBA, Matlab,...).\nChế độ đãi ngộ hấp dẫn:\n💥Mức lương tháng tùy khả năng công việc: $1,000 - $3,000.\n💥Tham gia những dự án số hóa trọng điểm, ứng dụng những công nghệ mới nhất.\n💥Được dẫn dắt bởi đội ngũ quản lý giỏi chuyên môn, đánh giá công bằng.\n💥Cơ hội làm việc trực tiếp với các đối tác hàng đầu thế giới.\n💥Nhiều chương trình đào tạo nâng cao kỹ năng, năng lực chuyên môn.\n💥Văn phòng làm việc đẳng cấp theo mô hình Agile tiên tiến. Cơ sở vật chất, công cụ lao động tốt, cấu hình mạnh mẽ.\n💥Thời gian làm việc: Từ thứ 2 đến thứ 6.\nCó thắc mắc cần được giải đáp, đừng ngần ngại comment bên dưới hoặc inbox cho mình biết nhé!\n📍 Link JD & Apply nhanh: https://topdev.vn/s/NTAN4QUE\n📨Gửi CV về: career@topdev.vn\n🖊Với tiêu đề: MSB - Data Analyst\nSee translation", "time": "2022-12-28 16:51:54", "timestamp": 1672221114, "likes": 0, "reaction_count": 0, "comments_full": "Link JD & Apply nhanh\nhttps://\ntopdev.vn/s/\nNTAN4QUE\n"},
{"original_request_url": "https://m.facebook.com/498322432187229", "post_url": "https://m.facebook.com/498322432187229", "post_id": 498322432187229, "text": "[HN] Cty product tuyển #Data Engineer từ 3 năm kn🌟Làm On-premises🌟Offer upto 2000$ net🌟13-15 tháng lương🌟Onboard sau Tết", "post_text": "[HN] Cty product tuyển #Data Engineer từ 3 năm kn🌟Làm On-premises🌟Offer upto 2000$ net🌟13-15 tháng lương🌟Onboard sau Tết", "shared_text": "", "time": "2022-12-29 11:47:19", "timestamp": 1672289239, "likes": 0, "reaction_count": 0, "comments_full": ""},
{"original_request_url": "https://m.facebook.com/504967634856042", "post_url": "https://m.facebook.com/504967634856042", "post_id": 504967634856042, "text": "🔥🔥[Hồ Chí Minh/OB sau Tết]\nViệc làm ngon dành riêng cho ứng viên xịn tại Ngân hàng TMCP Sài Gòn (SCB) khi ứng tuyển vị trí Data Administrator, cơ hội bứt phá sự nghiệp trong tầm tay nè HCM-ers ơi.\n🎁Tiêu chí cần có:\nCó 2 năm KN ở vị trí tương đương.\nCó kiến thức về Oracle Database, SQL Server, My SQL,...\n🎁Phúc lợi được hưởng:\nMức thu nhập hấp dẫn tương xứng với năng lực + thưởng hiệu suất (không giới hạn).\nThưởng lương tháng 13, thưởng sinh nhật, lễ, Tết định kỳ.\nĐãi ngộ hấp dẫn từ chế độ BHYT, BHXH, BHTN theo quy định Nhà nước.\nCó cơ hội tham gia các chương trình đào tạo toàn diện với lộ trình thăng tiến thu hút và rõ ràng.\nĐược hưởng các ưu đãi dịch vụ Ngân hàng dành riêng cho nhân viên.\nLàm việc từ Thứ Hai đến sáng Thứ Bảy hàng tuần.\nGửi CV về: career@topdev.vn\nVới tiêu đề: SCB - Data Admin\nXem JD chi tiết tại link sau: https://topdev.vn/s/h75GA8z0\nSee translation", "post_text": "🔥🔥[Hồ Chí Minh/OB sau Tết]\nViệc làm ngon dành riêng cho ứng viên xịn tại Ngân hàng TMCP Sài Gòn (SCB) khi ứng tuyển vị trí Data Administrator, cơ hội bứt phá sự nghiệp trong tầm tay nè HCM-ers ơi.\n🎁Tiêu chí cần có:\nCó 2 năm KN ở vị trí tương đương.\nCó kiến thức về Oracle Database, SQL Server, My SQL,...\n🎁Phúc lợi được hưởng:\nMức thu nhập hấp dẫn tương xứng với năng lực + thưởng hiệu suất (không giới hạn).\nThưởng lương tháng 13, thưởng sinh nhật, lễ, Tết định kỳ.\nĐãi ngộ hấp dẫn từ chế độ BHYT, BHXH, BHTN theo quy định Nhà nước.\nCó cơ hội tham gia các chương trình đào tạo toàn diện với lộ trình thăng tiến thu hút và rõ ràng.\nĐược hưởng các ưu đãi dịch vụ Ngân hàng dành riêng cho nhân viên.\nLàm việc từ Thứ Hai đến sáng Thứ Bảy hàng tuần.\nGửi CV về: career@topdev.vn\nVới tiêu đề: SCB - Data Admin\nXem JD chi tiết tại link sau: https://topdev.vn/s/h75GA8z0\nSee translation", "time": "2023-01-09 14:17:12", "timestamp": 1673248632, "likes": 0, "reaction_count": 0, "comments_full": "👉SCB tuyển dụng vị trí Data Administrator với OFFER và nhiều đãi ngộ HOT, nhanh tay check JD nhé https://\ntopdev.vn/s/\nh75GA8z0\n"},
{"original_request_url": "https://m.facebook.com/505430461476426", "post_url": "https://m.facebook.com/505430461476426", "post_id": 505430461476426, "text": "📣📣 [Cầu Giấy_Hà Nội]_ Công ty chuyên cung cấp Dịch vụ CNTT và Giải pháp Dịch vụ Tài Chính tuyển dụng các vị trí sau:\n🍀 Data Specialist (Up to 32mil)\n🔹 Có kinh nghiệm phát triển ETL hoặc báo cáo như: SQL, DataStage, Tableau, PowerBI, Python..\n🔹 Có kinh nghiệm tham gia một trong các loại hình dự án Data Analytics, Business Inteligence, Data Warehouse, Data Lake, BigData…\nJD: https://tinyurl.com/2gs8eoza\n🍀 Project Manager (Up to 28 mil)\n🔹 Có tối thiểu 03 năm kinh nghiệm\n🔹 Có chứng chỉ quản lý dự án quốc tế PMP, quản lý dự án Agile-Scrum là một lợi thế\n🔹 Tiếng anh giao tiếp tốt\nJD: https://tinyurl.com/2e7jhv4q\n🍀 Senior DevOps Engineer (Up to 39mil)\n🔹 Từ 2 năm kinh nghiệm\n🔹 Kinh nghiệm tham gia vào các dự án sử dụng DevOps, CI/CD;\nJD: https://tinyurl.com/2ej7v537\n🍀 Junior DevOps Engineer (Up to 25mil)\n🔹 Có ít nhất 01 năm kinh nghiệm\n🔹 Kinh nghiệm tham gia vào các dự án trên môi trường Linux;\nJD: https://tinyurl.com/2k269v6c\n🍁 Note:\n📌 2 vòng phỏng vấn, feedback nhanh\n📌 Có khả năng giao tiếp & đọc hiểu tài liệu kỹ thuật tiếng Anh;\n-\\-\\-\\-\\-\\-\\-\\-\\-\\-\\-\\-\\-\\-\\-\\-\\-\\-\\-\\-\\-\\-\\-\\-\\-\\-\\-\\-\\-\\-\\-\\-\\-\\-\\-\\-\\-\\-\\-\\-\\-\\-\\-\\-\\-\\-\\-\\-\\-\\-\\-\\-\\-\\-\\-\\-\\-\\-\\-\\-\\-\\-\\-\\-\\-\\-\\-\\-\\-\n👏👏 Mọi thông tin chi tiết về JD vui lòng InB/liên hệ em qua:\n💌 Email:ngochien@freec.asia\n💌 Zalo: 0906 975 134\nSee translation", "post_text": "📣📣 [Cầu Giấy_Hà Nội]_ Công ty chuyên cung cấp Dịch vụ CNTT và Giải pháp Dịch vụ Tài Chính tuyển dụng các vị trí sau:\n🍀 Data Specialist (Up to 32mil)\n🔹 Có kinh nghiệm phát triển ETL hoặc báo cáo như: SQL, DataStage, Tableau, PowerBI, Python..\n🔹 Có kinh nghiệm tham gia một trong các loại hình dự án Data Analytics, Business Inteligence, Data Warehouse, Data Lake, BigData…\nJD: https://tinyurl.com/2gs8eoza\n🍀 Project Manager (Up to 28 mil)\n🔹 Có tối thiểu 03 năm kinh nghiệm\n🔹 Có chứng chỉ quản lý dự án quốc tế PMP, quản lý dự án Agile-Scrum là một lợi thế\n🔹 Tiếng anh giao tiếp tốt\nJD: https://tinyurl.com/2e7jhv4q\n🍀 Senior DevOps Engineer (Up to 39mil)\n🔹 Từ 2 năm kinh nghiệm\n🔹 Kinh nghiệm tham gia vào các dự án sử dụng DevOps, CI/CD;\nJD: https://tinyurl.com/2ej7v537\n🍀 Junior DevOps Engineer (Up to 25mil)\n🔹 Có ít nhất 01 năm kinh nghiệm\n🔹 Kinh nghiệm tham gia vào các dự án trên môi trường Linux;\nJD: https://tinyurl.com/2k269v6c\n🍁 Note:\n📌 2 vòng phỏng vấn, feedback nhanh\n📌 Có khả năng giao tiếp & đọc hiểu tài liệu kỹ thuật tiếng Anh;\n-\\-\\-\\-\\-\\-\\-\\-\\-\\-\\-\\-\\-\\-\\-\\-\\-\\-\\-\\-\\-\\-\\-\\-\\-\\-\\-\\-\\-\\-\\-\\-\\-\\-\\-\\-\\-\\-\\-\\-\\-\\-\\-\\-\\-\\-\\-\\-\\-\\-\\-\\-\\-\\-\\-\\-\\-\\-\\-\\-\\-\\-\\-\\-\\-\\-\\-\\-\\-\n👏👏 Mọi thông tin chi tiết về JD vui lòng InB/liên hệ em qua:\n💌 Email:ngochien@freec.asia\n💌 Zalo: 0906 975 134\nSee translation", "time": "2023-01-10 10:53:32", "timestamp": 1673322812, "likes": 0, "reaction_count": 0, "comments_full": ""},
{"original_request_url": "https://m.facebook.com/505508698135269", "post_url": "https://m.facebook.com/505508698135269", "post_id": 505508698135269, "text": "💥 💥 💥 [HỒ CHÍ MINH] QUẬN 1 - Công ty Product của Singapore\nDear all, bên em đang tuyển các vị trí #Data Engineer #DevOps #Production Support Engineer\n1. [OFFLINE] Data Engineer - 4+YOE - Tiếng Anh tốt - upto 60M gross\n2. [REMOTE] DevOps - 2~4+ YOE - Tiếng Anh tốt - upto 60M gross\n3. [HYBRID] Product Support Engineer - Tiếng Anh giao tiếp - upto 35M gross\n🔥🔥🔥 Quyền lợi:\n- Lương tháng 13\n- BHXH + Gói bảo hiểm sức khỏe\n- Cơ hội được đào tạo ở Singapore\n- Cấp laptop\n- Và nhiều hơn nữa...\n-\\-\\-\\-\\-\\-\\-\\-\\-\\-\\-\\-\\-\\-\\-\nMọi người nếu ai quan tâm, ping em để nhận JD và hỗ trợ nhé:\nZalo: 0358246818CVs apply to: mailto:hanhlth@nityo.com\nSee translation", "post_text": "💥 💥 💥 [HỒ CHÍ MINH] QUẬN 1 - Công ty Product của Singapore\nDear all, bên em đang tuyển các vị trí #Data Engineer #DevOps #Production Support Engineer\n1. [OFFLINE] Data Engineer - 4+YOE - Tiếng Anh tốt - upto 60M gross\n2. [REMOTE] DevOps - 2~4+ YOE - Tiếng Anh tốt - upto 60M gross\n3. [HYBRID] Product Support Engineer - Tiếng Anh giao tiếp - upto 35M gross\n🔥🔥🔥 Quyền lợi:\n- Lương tháng 13\n- BHXH + Gói bảo hiểm sức khỏe\n- Cơ hội được đào tạo ở Singapore\n- Cấp laptop\n- Và nhiều hơn nữa...\n-\\-\\-\\-\\-\\-\\-\\-\\-\\-\\-\\-\\-\\-\\-\nMọi người nếu ai quan tâm, ping em để nhận JD và hỗ trợ nhé:\nZalo: 0358246818CVs apply to: mailto:hanhlth@nityo.com\nSee translation", "time": "2023-01-10 14:59:55", "timestamp": 1673337595, "likes": 0, "reaction_count": 0, "comments_full": ""},
{"original_request_url": "https://m.facebook.com/505512164801589", "post_url": "https://m.facebook.com/505512164801589", "post_id": 505512164801589, "text": "💥[𝐉𝐎𝐁 𝐕𝐀𝐂𝐀𝐍𝐂𝐈𝐄𝐒] - 𝐑𝐄𝐋𝐎𝐂𝐀𝐓𝐄 𝐓𝐎 𝐓𝐇𝐄 𝐏𝐇𝐈𝐋𝐈𝐏𝐏𝐈𝐍𝐄𝐒💥\nHello everyone, here come the opportunities for those who want to experience working abroad. Kindly scroll down for details.\n① 𝙊𝙥𝙚𝙧𝙖𝙩𝙞𝙤𝙣𝙨 𝘼𝙣𝙖𝙡𝙮𝙨𝙩\n- Open for freshers to middle level\n- Proficient in Statistics, Risk Assessment, Problem Solving, and Data Analysis\n- 23 – 28M VND gross\n② 𝘿𝙖𝙩𝙖 𝘼𝙣𝙖𝙡𝙮𝙨𝙩\n- Open for freshers to middle level\n- Basic knowledge in SQL, experience in data analysis is preferred\n- 23 – 38M VND gross\n𝙍𝙚𝙦𝙪𝙞𝙧𝙚𝙢𝙚𝙣𝙩𝙨:\n- Bachelor’s degree in Information Technology or relevance\n- Proficient in English\n- Be interested in at least 1 sport activity (football, badminton, basketball, etc.)\n𝙒𝙝𝙖𝙩 𝙬𝙚 𝙘𝙖𝙣 𝙤𝙛𝙛𝙚𝙧:\n- Visa fee and flight ticket to the Philippines\n- Full-amenities apartment\n- 2 meals per working day\n- Domestic health insurance card\n𝘾𝙤𝙣𝙩𝙖𝙘𝙩 𝙄𝙣𝙛𝙤𝙧𝙢𝙖𝙩𝙞𝙤𝙣:\n☎ 0932 652 860 (Zalo/Whatsapp/Telegram)\n📧 thy.luong@glints.com\nFeel free to message me or leave a comment below for any support needed.\nThanks all 🤗", "post_text": "💥[𝐉𝐎𝐁 𝐕𝐀𝐂𝐀𝐍𝐂𝐈𝐄𝐒] - 𝐑𝐄𝐋𝐎𝐂𝐀𝐓𝐄 𝐓𝐎 𝐓𝐇𝐄 𝐏𝐇𝐈𝐋𝐈𝐏𝐏𝐈𝐍𝐄𝐒💥\nHello everyone, here come the opportunities for those who want to experience working abroad. Kindly scroll down for details.\n① 𝙊𝙥𝙚𝙧𝙖𝙩𝙞𝙤𝙣𝙨 𝘼𝙣𝙖𝙡𝙮𝙨𝙩\n- Open for freshers to middle level\n- Proficient in Statistics, Risk Assessment, Problem Solving, and Data Analysis\n- 23 – 28M VND gross\n② 𝘿𝙖𝙩𝙖 𝘼𝙣𝙖𝙡𝙮𝙨𝙩\n- Open for freshers to middle level\n- Basic knowledge in SQL, experience in data analysis is preferred\n- 23 – 38M VND gross\n𝙍𝙚𝙦𝙪𝙞𝙧𝙚𝙢𝙚𝙣𝙩𝙨:\n- Bachelor’s degree in Information Technology or relevance\n- Proficient in English\n- Be interested in at least 1 sport activity (football, badminton, basketball, etc.)\n𝙒𝙝𝙖𝙩 𝙬𝙚 𝙘𝙖𝙣 𝙤𝙛𝙛𝙚𝙧:\n- Visa fee and flight ticket to the Philippines\n- Full-amenities apartment\n- 2 meals per working day\n- Domestic health insurance card\n𝘾𝙤𝙣𝙩𝙖𝙘𝙩 𝙄𝙣𝙛𝙤𝙧𝙢𝙖𝙩𝙞𝙤𝙣:\n☎ 0932 652 860 (Zalo/Whatsapp/Telegram)\n📧 thy.luong@glints.com\nFeel free to message me or leave a comment below for any support needed.\nThanks all 🤗", "shared_text": "", "time": "2023-01-10 15:09:51", "timestamp": 1673338191, "likes": 2, "reaction_count": 2, "comments_full": ""},
{"original_request_url": "https://m.facebook.com/505538204798985", "post_url": "https://m.facebook.com/505538204798985", "post_id": 505538204798985, "text": "〽️ [HCM/Remote/Hybrid] Aventra Group tung job xịn chiêu mộ [Junior] Data Engineer với OFFER siêu KHỦNG. Apply ngay kẻo hụt job xịn mọi người ơi! 〽️\n🔻 JD và apply nhanh tại đây: https://topdev.vn/s/BhyyfDqN\n🍁 Yêu cầu nho nhỏ:\nCó từ 1 năm KN làm việc ở vị trí Data Engineer.\n🍁 Đãi ngộ siêu tốt:\nLương thỏa thuận cạnh tranh + Thưởng theo kết quả kinh doanh của công ty.\nCơ hội làm việc trong môi trường quốc tế như: Singapore, Malaysia, Ấn Độ, UAE,...\nBảo hiểm chăm sóc sức khỏe cao cấp.\nCơ hội tuyệt vời để nâng cao chuyên môn/kỹ năng và khả năng giao tiếp tiếng Anh của bạn thông qua tiếp xúc với môi trường quốc tế.\nThời gian làm việc: Thứ Hai - Thứ Sáu.\n========================================\nCó thắc mắc cần giải đáp, đừng ngại inbox hoặc comment vào bài post để mình giải đáp nhé!\n📩 Nhanh tay gửi CV về mail career@topdev.vn kèm tiêu đề [Aventra - Data].\nSee translation", "post_text": "〽️ [HCM/Remote/Hybrid] Aventra Group tung job xịn chiêu mộ [Junior] Data Engineer với OFFER siêu KHỦNG. Apply ngay kẻo hụt job xịn mọi người ơi! 〽️\n🔻 JD và apply nhanh tại đây: https://topdev.vn/s/BhyyfDqN\n🍁 Yêu cầu nho nhỏ:\nCó từ 1 năm KN làm việc ở vị trí Data Engineer.\n🍁 Đãi ngộ siêu tốt:\nLương thỏa thuận cạnh tranh + Thưởng theo kết quả kinh doanh của công ty.\nCơ hội làm việc trong môi trường quốc tế như: Singapore, Malaysia, Ấn Độ, UAE,...\nBảo hiểm chăm sóc sức khỏe cao cấp.\nCơ hội tuyệt vời để nâng cao chuyên môn/kỹ năng và khả năng giao tiếp tiếng Anh của bạn thông qua tiếp xúc với môi trường quốc tế.\nThời gian làm việc: Thứ Hai - Thứ Sáu.\n========================================\nCó thắc mắc cần giải đáp, đừng ngại inbox hoặc comment vào bài post để mình giải đáp nhé!\n📩 Nhanh tay gửi CV về mail career@topdev.vn kèm tiêu đề [Aventra - Data].\nSee translation", "time": "2023-01-10 16:26:59", "timestamp": 1673342819, "likes": 1, "reaction_count": 1, "comments_full": "🔻 JD và apply nhanh tại đây: https://\ntopdev.vn/s/\nBhyyfDqN\n"},
{"original_request_url": "https://m.facebook.com/504980084854797", "post_url": "https://m.facebook.com/504980084854797", "post_id": 504980084854797, "text": "[HCM/Hybrid] Aventra Group mở ra cơ hội việc làm dành cho các Data Engineer / Data Senior Engineer / Team Lead cùng mức offer hấp dẫn, nhanh tay apply ngay kẻo lỡ!\nTiêu chí cần có:\n🌞Có từ 8 năm KN làm việc với một hoặc nhiều ngôn ngữ: SQL, Python, Scala và R.\n🌞Có kinh nghiệm làm việc với cơ sở dữ liệu như SQL Server, Oracle và MySQL.\nChế độ đãi ngộ hấp dẫn:\n🍀Lương thỏa thuận cạnh tranh theo từng cấp độ + thưởng theo kết quả kinh doanh.\n🍀Cung cấp laptop, màn hình.\n🍀Cơ hội làm việc trong môi trường quốc tế như: Singapore, Malaysia, Ấn Độ, UAE,...\n🍀Bảo hiểm chăm sóc sức khỏe cao cấp.\n🍀Cơ hội tuyệt vời để nâng cao chuyên môn/kỹ năng và khả năng giao tiếp tiếng Anh của bạn thông qua tiếp xúc quốc tế.\n🍀Thời gian làm việc: Thứ Hai - Thứ Sáu.\nCó thắc mắc cần được giải đáp, đừng ngần ngại comment bên dưới hoặc inbox cho mình biết nhé!\nLink JD & Apply nhanh: https://topdev.vn/s/GZDLymwo\nGửi CV về: career@topdev.vn\nVới tiêu đề: Aventra Group - Data Engineer / Data Senior Engineer / Team Lead\nSee translation", "post_text": "[HCM/Hybrid] Aventra Group mở ra cơ hội việc làm dành cho các Data Engineer / Data Senior Engineer / Team Lead cùng mức offer hấp dẫn, nhanh tay apply ngay kẻo lỡ!\nTiêu chí cần có:\n🌞Có từ 8 năm KN làm việc với một hoặc nhiều ngôn ngữ: SQL, Python, Scala và R.\n🌞Có kinh nghiệm làm việc với cơ sở dữ liệu như SQL Server, Oracle và MySQL.\nChế độ đãi ngộ hấp dẫn:\n🍀Lương thỏa thuận cạnh tranh theo từng cấp độ + thưởng theo kết quả kinh doanh.\n🍀Cung cấp laptop, màn hình.\n🍀Cơ hội làm việc trong môi trường quốc tế như: Singapore, Malaysia, Ấn Độ, UAE,...\n🍀Bảo hiểm chăm sóc sức khỏe cao cấp.\n🍀Cơ hội tuyệt vời để nâng cao chuyên môn/kỹ năng và khả năng giao tiếp tiếng Anh của bạn thông qua tiếp xúc quốc tế.\n🍀Thời gian làm việc: Thứ Hai - Thứ Sáu.\nCó thắc mắc cần được giải đáp, đừng ngần ngại comment bên dưới hoặc inbox cho mình biết nhé!\nLink JD & Apply nhanh: https://topdev.vn/s/GZDLymwo\nGửi CV về: career@topdev.vn\nVới tiêu đề: Aventra Group - Data Engineer / Data Senior Engineer / Team Lead\nSee translation", "time": "2023-01-09 14:55:57", "timestamp": 1673250957, "likes": 0, "reaction_count": 0, "comments_full": "Link JD & Apply nhanh: https://\ntopdev.vn/s/\nGZDLymwo\n"},
{"original_request_url": "https://m.facebook.com/503844931634979", "post_url": "https://m.facebook.com/503844931634979", "post_id": 503844931634979, "text": "HN_Công ty product Nhật về bigdata và Atech tuyển Data Engineer từ 2 năm kinh nghiệm. Lương up to 30M, đi làm sau Tết\nIb nhận JD", "post_text": "HN_Công ty product Nhật về bigdata và Atech tuyển Data Engineer từ 2 năm kinh nghiệm. Lương up to 30M, đi làm sau Tết\nIb nhận JD", "shared_text": "", "time": "2023-01-07 12:35:41", "timestamp": 1673069741, "likes": 3, "reaction_count": 3, "comments_full": ""},
{"original_request_url": "https://m.facebook.com/504591888226950", "post_url": "https://m.facebook.com/504591888226950", "post_id": 504591888226950, "text": "NAL Solutions Đà Nẵng tìm kiếm DATA ANALYST\nYêu cầu:\nCó ít nhất 2 năm kinh nghiệm làm Data Analyst - Phân tích dữ liệu tại một công ty công nghệ.\nKỹ năng Excel và phân tích dữ liệu tốt bao gồm khả năng sử dụng các công cụ BI.\nKỹ năng sử dụng các công cụ visualize để chuyển hóa dữ liệu thành biểu đồ, báo cáo.\nKiến thức hoặc kinh nghiệm làm việc về phát triển cơ sở dữ liệu SQL.\nNgoài ra:\nKhả năng code cơ bản để xử lý các mô hình dự báo (predictive models) là lợi thế.\nKinh nghiệm với Google Analytics là một lợi thế.\n👉 Inbox ngay cho mình nếu có thắc mắc về vị trí nhé!\nEmail: tamhcp@nal.vn hoặc Skype: tamhcp/ Messenger\nSee translation", "post_text": "NAL Solutions Đà Nẵng tìm kiếm DATA ANALYST\nYêu cầu:\nCó ít nhất 2 năm kinh nghiệm làm Data Analyst - Phân tích dữ liệu tại một công ty công nghệ.\nKỹ năng Excel và phân tích dữ liệu tốt bao gồm khả năng sử dụng các công cụ BI.\nKỹ năng sử dụng các công cụ visualize để chuyển hóa dữ liệu thành biểu đồ, báo cáo.\nKiến thức hoặc kinh nghiệm làm việc về phát triển cơ sở dữ liệu SQL.\nNgoài ra:\nKhả năng code cơ bản để xử lý các mô hình dự báo (predictive models) là lợi thế.\nKinh nghiệm với Google Analytics là một lợi thế.\n👉 Inbox ngay cho mình nếu có thắc mắc về vị trí nhé!\nEmail: tamhcp@nal.vn hoặc Skype: tamhcp/ Messenger\nSee translation", "time": "2023-01-08 21:31:55", "timestamp": 1673188315, "likes": 1, "reaction_count": 1, "comments_full": "Tâm Hoàng\nNAL Solutions Đà Nẵng tìm kiếm DATA ANALYST\nYêu cầu:\nCó ít nhất 2 năm kinh nghiệm làm Data Analyst - Phân tích dữ liệu tại một công ty công nghệ.\nKỹ năng Excel và phân tích dữ liệu tốt bao gồm khả năng sử dụng các công cụ BI.\nKỹ năng sử dụng các công cụ visualize để chuyển hóa dữ liệu thành biểu đồ, báo cáo.\nKiến thức hoặc kinh nghiệm làm việc về phát triển cơ sở dữ liệu SQL.\nNgoài ra:\nKhả năng code cơ bản để xử lý các mô hình dự báo (predictive models) là lợi thế.\nKinh nghiệm với Google Analytics là một lợi thế.\n👉 Inbox ngay cho mình nếu có thắc mắc về vị trí nhé!\nEmail: tamhcp@nal.vn hoặc Skype: tamhcp/ Messenger\n"},
{"original_request_url": "https://m.facebook.com/504904918195647", "post_url": "https://m.facebook.com/504904918195647", "post_id": 504904918195647, "text": "[𝗛𝗡] [𝗗𝗮𝘁𝗮 𝗘𝗻𝗴𝗶𝗻𝗲𝗲𝗿] 𝗢𝗳𝗳𝗲𝗿 𝗨𝗽𝘁𝗼 𝟯𝟬𝗠\nHi All, GEM cần chiêu mộ thêm các headcount để mở rộng bộ phận và business với một số thông tin sau:\n😍 Số lượng: 3\n😍 Yêu cầu:\nCó kinh nghiệm thực hành trên 2 năm với CSDL\nCó kinh nghiệm làm việc với PLSQL (Oracle): Procedure, Query tuning, Parallel processing, Job Scheduler.\nCó tư duy logic, tư duy phản biện, trách nhiệm với công việc\nBiết về Code Engine, Cơ chế chạy tối ưu EOD, Realtime là một lợi thế\nĐã từng làm việc với các hệ thống dữ liệu ngân hàng là 1 lợi thế.\nChi tiết về job, contact giúp mình qua:\nSkype: Hoihr.work\nEmail: Hoimt@gemvietnam.com\n#Data Engineer #GEM #Hanoi", "post_text": "[𝗛𝗡] [𝗗𝗮𝘁𝗮 𝗘𝗻𝗴𝗶𝗻𝗲𝗲𝗿] 𝗢𝗳𝗳𝗲𝗿 𝗨𝗽𝘁𝗼 𝟯𝟬𝗠\nHi All, GEM cần chiêu mộ thêm các headcount để mở rộng bộ phận và business với một số thông tin sau:\n😍 Số lượng: 3\n😍 Yêu cầu:\nCó kinh nghiệm thực hành trên 2 năm với CSDL\nCó kinh nghiệm làm việc với PLSQL (Oracle): Procedure, Query tuning, Parallel processing, Job Scheduler.\nCó tư duy logic, tư duy phản biện, trách nhiệm với công việc\nBiết về Code Engine, Cơ chế chạy tối ưu EOD, Realtime là một lợi thế\nĐã từng làm việc với các hệ thống dữ liệu ngân hàng là 1 lợi thế.\nChi tiết về job, contact giúp mình qua:\nSkype: Hoihr.work\nEmail: Hoimt@gemvietnam.com\n#Data Engineer #GEM #Hanoi", "shared_text": "", "time": "2023-01-09 11:11:17", "timestamp": 1673237477, "likes": 3, "reaction_count": 3, "comments_full": "Cảm ơn Ad ạ 💗\\\\\n"},
{"original_request_url": "https://m.facebook.com/505432684809537", "post_url": "https://m.facebook.com/505432684809537", "post_id": 505432684809537, "text": "🔥TUYỂN DỤNG NHÂN VIÊN BÁO CÁO DỮ LIỆU TÀI CHÍNH - REPORTING DATA🔥\n✍️ Chỉ cần bạn:\nÍt nhất 2 năm kinh nghiệm tại vị trí Financial Report hoặc vị trí liên quan;\nThành thạo Access, Power BI;\nCó thể đọc hiểu và giao tiếp TA khá.\n🤩 Quyền lợi:\nBHXH, BH Sức khoẻ cá nhân, Nghỉ phép năm;\nLương tháng 13, khám sức khoẻ tổng quát;\nMôi trường làm việc chuyên nghiệp và năng động.\n.\n🏡 Địa chỉ làm việc: Tòa nhà Prudential Plaza, Bến Cần Giuộc, Phường 11, Quận 8\n⏱ Thời gian làm việc: Thứ 2 - Thứ 6\n-\\-\\-\\-\\-\\-\\-\\-\\-\\-\\-\\-\\-\\-\\-\\-\\\n📩 Ứng tuyển CV về mail: hoainhu.le@adecco.com\nHoặc Zalo: 0352 007 594\nSee translation", "post_text": "🔥TUYỂN DỤNG NHÂN VIÊN BÁO CÁO DỮ LIỆU TÀI CHÍNH - REPORTING DATA🔥\n✍️ Chỉ cần bạn:\nÍt nhất 2 năm kinh nghiệm tại vị trí Financial Report hoặc vị trí liên quan;\nThành thạo Access, Power BI;\nCó thể đọc hiểu và giao tiếp TA khá.\n🤩 Quyền lợi:\nBHXH, BH Sức khoẻ cá nhân, Nghỉ phép năm;\nLương tháng 13, khám sức khoẻ tổng quát;\nMôi trường làm việc chuyên nghiệp và năng động.\n.\n🏡 Địa chỉ làm việc: Tòa nhà Prudential Plaza, Bến Cần Giuộc, Phường 11, Quận 8\n⏱ Thời gian làm việc: Thứ 2 - Thứ 6\n-\\-\\-\\-\\-\\-\\-\\-\\-\\-\\-\\-\\-\\-\\-\\-\\\n📩 Ứng tuyển CV về mail: hoainhu.le@adecco.com\nHoặc Zalo: 0352 007 594\nSee translation", "time": "2023-01-10 10:59:26", "timestamp": 1673323166, "likes": 0, "reaction_count": 0, "comments_full": ""},
{"original_request_url": "https://m.facebook.com/505542438131895", "post_url": "https://m.facebook.com/505542438131895", "post_id": 505542438131895, "text": "[HN] Tuyển Java và .Net có từ 2 năm KN\nUpto 40Tr. Phụ cấp ăn trưa, xăng xe,điện thoại, tập Gym free, du lịch nước ngoài\nLàm T2-T6", "post_text": "[HN] Tuyển Java và .Net có từ 2 năm KN\nUpto 40Tr. Phụ cấp ăn trưa, xăng xe,điện thoại, tập Gym free, du lịch nước ngoài\nLàm T2-T6", "shared_text": "", "time": "2023-01-10 16:40:03", "timestamp": 1673343603, "likes": 0, "reaction_count": 0, "comments_full": ""},
{"original_request_url": "https://m.facebook.com/505496891469783", "post_url": "https://m.facebook.com/505496891469783", "post_id": 505496891469783, "text": "Ngân đang support client tìm kiếm 1 Java Developer, apply nhanh sau tết onboard nào :D\nLevel: Junior+/ Middle\n• At least 2-3 years of experience.\n• Proficient in programming with Java/ J2EE language.\n• Mastering OOP and MVC programming.\n• Experience in programming with frameworks: Struts, SpingMVC, Hibernate.\n• Good knowledge of HTML/CSS, JQuery, Oracle, SQL Server, MySQL.\n• Being able to communicate in English (HCMC)\n.\n💰 Offer: 25-37M gross\n🧰 Working model: Onsite - full time\n🏘 Location:\n✌️ Bình Thạnh, HCMC\n✌️ Nguyễn Chí Thanh/ Hoàng Quốc Việt", "post_text": "Ngân đang support client tìm kiếm 1 Java Developer, apply nhanh sau tết onboard nào :D\nLevel: Junior+/ Middle\n• At least 2-3 years of experience.\n• Proficient in programming with Java/ J2EE language.\n• Mastering OOP and MVC programming.\n• Experience in programming with frameworks: Struts, SpingMVC, Hibernate.\n• Good knowledge of HTML/CSS, JQuery, Oracle, SQL Server, MySQL.\n• Being able to communicate in English (HCMC)\n.\n💰 Offer: 25-37M gross\n🧰 Working model: Onsite - full time\n🏘 Location:\n✌️ Bình Thạnh, HCMC\n✌️ Nguyễn Chí Thanh/ Hoàng Quốc Việt", "time": "2023-01-10 14:21:25", "timestamp": 1673335285, "likes": 0, "reaction_count": 0, "comments_full": []}]